# File produced by Open Asset Import Library (http://www.assimp.sf.net)
# (assimp v5.4.0)

mtllib research_bench.mtl

# 6291 vertex positions
v 1.7374 0.879155278 0.691045
v 1.73035 0.888128042 0.682417
v 1.71868 0.879155278 0.691045
v 1.72924 0.906550407 0.701779
v 1.71868 0.898434043 0.709583
v 1.73561 0.898434043 0.709583
v 1.73035 0.888128042 0.682417
v 1.71451 0.890344262 0.680286
v 1.71868 0.879155278 0.691045
v 1.71491 0.908555031 0.699851
v 1.71868 0.898434043 0.709583
v 1.72924 0.906550407 0.701779
v 1.71451 0.890344262 0.680286
v 1.70182 0.884134829 0.686257
v 1.71868 0.879155278 0.691045
v 1.70342 0.902938306 0.705252
v 1.71868 0.898434043 0.709583
v 1.71491 0.908555031 0.699851
v 1.70182 0.884134829 0.686257
v 1.70182 0.874175727 0.695833
v 1.71868 0.879155278 0.691045
v 1.70342 0.893929839 0.713914
v 1.71868 0.898434043 0.709583
v 1.70342 0.902938306 0.705252
v 1.70182 0.874175727 0.695833
v 1.71451 0.867966294 0.701804
v 1.71868 0.879155278 0.691045
v 1.71491 0.888313115 0.719315
v 1.71868 0.898434043 0.709583
v 1.70342 0.893929839 0.713914
v 1.71451 0.867966294 0.701804
v 1.73035 0.870182395 0.699673
v 1.71868 0.879155278 0.691045
v 1.72924 0.890317678 0.717388
v 1.71868 0.898434043 0.709583
v 1.71491 0.888313115 0.719315
v 1.73035 0.870182395 0.699673
v 1.7374 0.879155278 0.691045
v 1.71868 0.879155278 0.691045
v 1.73561 0.898434043 0.709583
v 1.71868 0.898434043 0.709583
v 1.72924 0.890317678 0.717388
v 1.73158 0.885629952 0.67819
v 1.73938 0.87570858 0.687731
v 1.71868 0.875563681 0.687591
v 1.71407 0.888080359 0.675834
v 1.73158 0.885629952 0.67819
v 1.71868 0.875563681 0.687591
v 1.70003 0.881214499 0.682436
v 1.71407 0.888080359 0.675834
v 1.71868 0.875563681 0.687591
v 1.70003 0.870202601 0.693025
v 1.70003 0.881214499 0.682436
v 1.71868 0.875563681 0.687591
v 1.71407 0.863336802 0.699627
v 1.70003 0.870202601 0.693025
v 1.71868 0.875563681 0.687591
v 1.73158 0.865787208 0.697271
v 1.71407 0.863336802 0.699627
v 1.71868 0.875563681 0.687591
v 1.73938 0.87570858 0.687731
v 1.73158 0.865787208 0.697271
v 1.71868 0.875563681 0.687591
v 0.265756 0.879155278 0.691045
v 0.258709 0.888128042 0.682417
v 0.247039 0.879155278 0.691045
v 0.257595 0.906550407 0.701779
v 0.247039 0.898434043 0.709583
v 0.26397 0.898434043 0.709583
v 0.258709 0.888128042 0.682417
v 0.242874 0.890344262 0.680286
v 0.247039 0.879155278 0.691045
v 0.243271 0.908555031 0.699851
v 0.247039 0.898434043 0.709583
v 0.257595 0.906550407 0.701779
v 0.242874 0.890344262 0.680286
v 0.230175 0.884134829 0.686257
v 0.247039 0.879155278 0.691045
v 0.231784 0.902938306 0.705252
v 0.247039 0.898434043 0.709583
v 0.243271 0.908555031 0.699851
v 0.230175 0.884134829 0.686257
v 0.230175 0.874175727 0.695833
v 0.247039 0.879155278 0.691045
v 0.231784 0.893929839 0.713914
v 0.247039 0.898434043 0.709583
v 0.231784 0.902938306 0.705252
v 0.230175 0.874175727 0.695833
v 0.242874 0.867966294 0.701804
v 0.247039 0.879155278 0.691045
v 0.243271 0.888313115 0.719315
v 0.247039 0.898434043 0.709583
v 0.231784 0.893929839 0.713914
v 0.242874 0.867966294 0.701804
v 0.258709 0.870182395 0.699673
v 0.247039 0.879155278 0.691045
v 0.257595 0.890317678 0.717388
v 0.247039 0.898434043 0.709583
v 0.243271 0.888313115 0.719315
v 0.258709 0.870182395 0.699673
v 0.265756 0.879155278 0.691045
v 0.247039 0.879155278 0.691045
v 0.26397 0.898434043 0.709583
v 0.247039 0.898434043 0.709583
v 0.257595 0.890317678 0.717388
v 0.259943 0.885629952 0.67819
v 0.267735 0.87570858 0.687731
v 0.247039 0.875563681 0.687591
v 0.242433 0.888080359 0.675834
v 0.259943 0.885629952 0.67819
v 0.247039 0.875563681 0.687591
v 0.228392 0.881214499 0.682436
v 0.242433 0.888080359 0.675834
v 0.247039 0.875563681 0.687591
v 0.228392 0.870202601 0.693025
v 0.228392 0.881214499 0.682436
v 0.247039 0.875563681 0.687591
v 0.242433 0.863336802 0.699627
v 0.228392 0.870202601 0.693025
v 0.247039 0.875563681 0.687591
v 0.259943 0.865787208 0.697271
v 0.242433 0.863336802 0.699627
v 0.247039 0.875563681 0.687591
v 0.267735 0.87570858 0.687731
v 0.259943 0.865787208 0.697271
v 0.247039 0.875563681 0.687591
v 1.21206 1.36749983 0.44853
v 1.28217 1.35262918 0.457679
v 1.28272 1.3757571 0.43544
v 1.21206 1.36749983 0.44853
v 1.28272 1.3757571 0.43544
v 1.26434 1.39595497 0.416018
v 1.21206 1.36749983 0.44853
v 1.26434 1.39595497 0.416018
v 1.23195 1.40781069 0.404617
v 1.21206 1.36749983 0.44853
v 1.23195 1.40781069 0.404617
v 1.19423 1.40814757 0.404293
v 1.21206 1.36749983 0.44853
v 1.19423 1.40814757 0.404293
v 1.16129 1.39687538 0.415133
v 1.21206 1.36749983 0.44853
v 1.16129 1.39687538 0.415133
v 1.14195 1.3770144 0.434231
v 1.21206 1.36749983 0.44853
v 1.14195 1.3770144 0.434231
v 1.1414 1.35388649 0.45647
v 1.21206 1.36749983 0.44853
v 1.1414 1.35388649 0.45647
v 1.15979 1.33368862 0.475892
v 1.21206 1.36749983 0.44853
v 1.15979 1.33368862 0.475892
v 1.19218 1.32183301 0.487292
v 1.21206 1.36749983 0.44853
v 1.19218 1.32183301 0.487292
v 1.2299 1.32149613 0.487616
v 1.21206 1.36749983 0.44853
v 1.2299 1.32149613 0.487616
v 1.26284 1.3327682 0.476777
v 1.21206 1.36749983 0.44853
v 1.26284 1.3327682 0.476777
v 1.28217 1.35262918 0.457679
v 1.36635 1.52006876 -0.0144669
v 1.36635 1.51916134 -0.0120696
v 1.36596 1.52303982 -0.0120696
v 1.40872 1.51872718 -0.0155494
v 1.40872 1.52303982 -0.0120696
v 1.40872 1.51740992 -0.0120696
v 1.36635 1.5223664 -0.0157425
v 1.36635 1.52006876 -0.0144669
v 1.36596 1.52303982 -0.0120696
v 1.40872 1.5220623 -0.017401
v 1.40872 1.52303982 -0.0120696
v 1.40872 1.51872718 -0.0155494
v 1.36635 1.52497911 -0.0152995
v 1.36635 1.5223664 -0.0157425
v 1.36596 1.52303982 -0.0120696
v 1.40872 1.52585495 -0.016758
v 1.40872 1.52303982 -0.0120696
v 1.40872 1.5220623 -0.017401
v 1.36635 1.52668452 -0.0133451
v 1.36635 1.52497911 -0.0152995
v 1.36596 1.52303982 -0.0120696
v 1.40872 1.52833033 -0.0139212
v 1.40872 1.52303982 -0.0120696
v 1.40872 1.52585495 -0.016758
v 1.36635 1.52668452 -0.010794
v 1.36635 1.52668452 -0.0133451
v 1.36596 1.52303982 -0.0120696
v 1.40872 1.52833033 -0.010218
v 1.40872 1.52303982 -0.0120696
v 1.40872 1.52833033 -0.0139212
v 1.36635 1.52497911 -0.00883968
v 1.36635 1.52668452 -0.010794
v 1.36596 1.52303982 -0.0120696
v 1.40872 1.52585495 -0.00738122
v 1.40872 1.52303982 -0.0120696
v 1.40872 1.52833033 -0.010218
v 1.36635 1.5223664 -0.0083967
v 1.36635 1.52497911 -0.00883968
v 1.36596 1.52303982 -0.0120696
v 1.40872 1.5220623 -0.00673814
v 1.40872 1.52303982 -0.0120696
v 1.40872 1.52585495 -0.00738122
v 1.36635 1.52006876 -0.0096723
v 1.36635 1.5223664 -0.0083967
v 1.36596 1.52303982 -0.0120696
v 1.40872 1.51872718 -0.00858976
v 1.40872 1.52303982 -0.0120696
v 1.40872 1.5220623 -0.00673814
v 1.36635 1.51916134 -0.0120696
v 1.36635 1.52006876 -0.0096723
v 1.36596 1.52303982 -0.0120696
v 1.40872 1.51740992 -0.0120696
v 1.40872 1.52303982 -0.0120696
v 1.40872 1.51872718 -0.00858976
v 1.34576 1.49208331 0.26564
v 1.34576 1.49037766 0.270147
v 1.34504 1.49766815 0.270147
v 1.4254 1.48956144 0.263605
v 1.4254 1.49766815 0.270147
v 1.4254 1.48708558 0.270147
v 1.34576 1.49640214 0.263243
v 1.34576 1.49208331 0.26564
v 1.34504 1.49766815 0.270147
v 1.4254 1.49583042 0.260125
v 1.4254 1.49766815 0.270147
v 1.4254 1.48956144 0.263605
v 1.34576 1.50131333 0.264075
v 1.34576 1.49640214 0.263243
v 1.34504 1.49766815 0.270147
v 1.4254 1.50295937 0.261334
v 1.4254 1.49766815 0.270147
v 1.4254 1.49583042 0.260125
v 1.34576 1.50451875 0.267749
v 1.34576 1.50131333 0.264075
v 1.34504 1.49766815 0.270147
v 1.4254 1.50761247 0.266666
v 1.4254 1.49766815 0.270147
v 1.4254 1.50295937 0.261334
v 1.34576 1.50451875 0.272544
v 1.34576 1.50451875 0.267749
v 1.34504 1.49766815 0.270147
v 1.4254 1.50761247 0.273627
v 1.4254 1.49766815 0.270147
v 1.4254 1.50761247 0.266666
v 1.34576 1.50131333 0.276218
v 1.34576 1.50451875 0.272544
v 1.34504 1.49766815 0.270147
v 1.4254 1.50295937 0.278959
v 1.4254 1.49766815 0.270147
v 1.4254 1.50761247 0.273627
v 1.34576 1.49640214 0.27705
v 1.34576 1.50131333 0.276218
v 1.34504 1.49766815 0.270147
v 1.4254 1.49583042 0.280168
v 1.4254 1.49766815 0.270147
v 1.4254 1.50295937 0.278959
v 1.34576 1.49208331 0.274653
v 1.34576 1.49640214 0.27705
v 1.34504 1.49766815 0.270147
v 1.4254 1.48956144 0.276688
v 1.4254 1.49766815 0.270147
v 1.4254 1.49583042 0.280168
v 1.34576 1.49037766 0.270147
v 1.34576 1.49208331 0.274653
v 1.34504 1.49766815 0.270147
v 1.4254 1.48708558 0.270147
v 1.4254 1.49766815 0.270147
v 1.4254 1.48956144 0.276688
v 1.37321 1.64760113 0.122598
v 1.37321 1.65055203 0.121478
v 1.37321 1.64764154 0.120264
v 1.37321 1.64928925 0.124276
v 1.37321 1.65171719 0.124315
v 1.37321 1.65055203 0.121478
v 1.37321 1.65181446 0.118679
v 1.37321 1.65055203 0.121478
v 1.37321 1.65350282 0.120357
v 1.37321 1.64928925 0.124276
v 1.37321 1.65055203 0.121478
v 1.37321 1.64760113 0.122598
v 1.37321 1.65346253 0.122692
v 1.37321 1.65055203 0.121478
v 1.37321 1.65171719 0.124315
v 1.37321 1.65350282 0.120357
v 1.37321 1.65055203 0.121478
v 1.37321 1.65346253 0.122692
v 1.37321 1.64938664 0.11864
v 1.37321 1.65055203 0.121478
v 1.37321 1.65181446 0.118679
v 1.37321 1.64764154 0.120264
v 1.37321 1.65055203 0.121478
v 1.37321 1.64938664 0.11864
v 2.00641 1.17314303 0.350928
v 2.00641 1.18351734 0.346254
v 2.00641 1.17961919 0.356613
v 2.00641 1.17274404 0.342505
v 2.00641 1.17865586 0.336278
v 2.00641 1.18351734 0.346254
v 2.00641 1.19429064 0.350002
v 2.00641 1.18351734 0.346254
v 2.00641 1.19389164 0.341579
v 2.00641 1.17274404 0.342505
v 2.00641 1.18351734 0.346254
v 2.00641 1.17314303 0.350928
v 2.00641 1.18741548 0.335894
v 2.00641 1.18351734 0.346254
v 2.00641 1.17865586 0.336278
v 2.00641 1.19389164 0.341579
v 2.00641 1.18351734 0.346254
v 2.00641 1.18741548 0.335894
v 2.00641 1.18837881 0.35623
v 2.00641 1.18351734 0.346254
v 2.00641 1.19429064 0.350002
v 2.00641 1.17961919 0.356613
v 2.00641 1.18351734 0.346254
v 2.00641 1.18837881 0.35623
v 1.38875 1.38316929 0.412383
v 1.38875 1.37418556 0.403733
v 1.38915 1.33547258 0.458248
v 1.38875 1.35018373 0.380665
v 1.38915 1.30230784 0.426357
v 1.38875 1.35797155 0.38816
v 1.41024 1.61211896 0.192228
v 1.41024 1.60356522 0.183992
v 1.40603 1.6585108 0.147618
v 1.4122 1.35018373 0.380665
v 1.4122 1.35797155 0.38816
v 1.41261 1.30230784 0.426357
v 1.4122 1.38316929 0.412383
v 1.41261 1.33547258 0.458248
v 1.4122 1.37418556 0.403733
v 1.38679 1.57999337 0.161337
v 1.38679 1.5873512 0.168419
v 1.39021 1.62655938 0.116894
v 1.38679 1.61211896 0.192228
v 1.39021 1.6585108 0.147618
v 1.38679 1.60356522 0.183992
v 1.41024 1.57999337 0.161337
v 1.40603 1.62655938 0.116894
v 1.41024 1.58400369 0.165193
v 1.39021 1.68267751 0.12438
v 1.39559 1.68597436 0.12121
v 1.39021 1.68267751 0.11804
v 0.124131 0.960826218 0.578934
v 0.360214 0.819030404 0.715283
v 0.124131 0.819030404 0.715283
v 1.85267 1.52800953 0.0335386
v 1.85267 1.38621366 0.169888
v 1.60954 1.52800953 0.0335386
v 1.60954 0.819030404 0.715283
v 1.85267 0.960826218 0.578934
v 1.85267 0.819030404 0.715283
v 0.124131 1.52800953 0.0335386
v 0.360214 1.52800953 0.0335386
v 0.124131 1.38621366 0.169888
v 1.85267 0.921194077 0.540825
v 1.60954 0.779398203 0.677174
v 1.85267 0.779398203 0.677174
v 0.124131 0.921194077 0.540825
v 0.124131 0.779398203 0.677174
v 0.360214 0.779398203 0.677174
v 1.85267 1.34658158 0.131778
v 1.85267 1.48837721 -0.00457116
v 1.60954 1.48837721 -0.00457116
v 0.124131 1.34658158 0.131778
v 0.360214 1.48837721 -0.00457116
v 0.124131 1.48837721 -0.00457116
v 0.36342 0.826210499 0.722188
v 0.124131 0.969999611 0.583902
v 0.121036 0.824025273 0.723813
v 1.85267 1.39137936 0.178709
v 1.85568 1.53689623 0.0383505
v 1.60642 1.5352037 0.0404566
v 1.85267 0.969999611 0.583902
v 1.60642 0.826224804 0.722201
v 1.85568 0.824034631 0.723829
v 0.36342 1.53518963 0.0404428
v 0.121036 1.53687966 0.0383416
v 0.124131 1.39137936 0.178709
v 1.60642 0.772203863 0.670256
v 1.85267 0.91602844 0.532004
v 1.85568 0.770511568 0.672362
v 0.121036 0.770527959 0.672371
v 0.124131 0.91602844 0.532004
v 0.36342 0.772218227 0.670269
v 1.85568 1.48337317 -0.0131165
v 1.85267 1.33740819 0.126811
v 1.60642 1.48118293 -0.0114892
v 0.36342 1.48119736 -0.0114754
v 0.124131 1.33740819 0.126811
v 0.121036 1.48338234 -0.0131006
v 1.41967 1.66205573 0.14421
v 1.41388 1.6585108 0.147618
v 1.41967 1.65496588 0.14421
v 1.36327 1.25515604 0.535479
v 1.38061 1.24452138 0.525253
v 1.38061 1.26544249 0.525588
v 1.06093 1.37957585 0.415839
v 1.06093 1.37957585 0.395386
v 1.04723 1.39021039 0.405612
v 1.03426 1.35372555 0.411835
v 1.03426 1.35201979 0.416342
v 1.03375 1.35931039 0.416342
v 1.03426 1.35804439 0.409438
v 1.03426 1.35372555 0.411835
v 1.03375 1.35931039 0.416342
v 1.03426 1.36295569 0.41027
v 1.03426 1.35804439 0.409438
v 1.03375 1.35931039 0.416342
v 1.03426 1.36616111 0.413944
v 1.03426 1.36295569 0.41027
v 1.03375 1.35931039 0.416342
v 1.03426 1.36616111 0.418739
v 1.03426 1.36616111 0.413944
v 1.03375 1.35931039 0.416342
v 1.03426 1.36295569 0.422413
v 1.03426 1.36616111 0.418739
v 1.03375 1.35931039 0.416342
v 1.03426 1.35804439 0.423245
v 1.03426 1.36295569 0.422413
v 1.03375 1.35931039 0.416342
v 1.03426 1.35372555 0.420848
v 1.03426 1.35804439 0.423245
v 1.03375 1.35931039 0.416342
v 1.03426 1.35201979 0.416342
v 1.03426 1.35372555 0.420848
v 1.03375 1.35931039 0.416342
v 1.7374 0.881953597 0.693736
v 1.73035 0.89092654 0.685108
v 1.73035 0.888128042 0.682417
v 1.7374 0.881953597 0.693736
v 1.73035 0.888128042 0.682417
v 1.7374 0.879155278 0.691045
v 1.73035 0.89092654 0.685108
v 1.73035 0.906585395 0.700165
v 1.7374 0.897612572 0.708793
v 1.73035 0.89092654 0.685108
v 1.7374 0.897612572 0.708793
v 1.7374 0.881953597 0.693736
v 1.73035 0.89092654 0.685108
v 1.71451 0.893142581 0.682977
v 1.71451 0.890344262 0.680286
v 1.73035 0.89092654 0.685108
v 1.71451 0.890344262 0.680286
v 1.73035 0.888128042 0.682417
v 1.71451 0.893142581 0.682977
v 1.71451 0.908801556 0.698034
v 1.73035 0.906585395 0.700165
v 1.71451 0.893142581 0.682977
v 1.73035 0.906585395 0.700165
v 1.73035 0.89092654 0.685108
v 1.71451 0.893142581 0.682977
v 1.70182 0.886933208 0.688948
v 1.70182 0.884134829 0.686257
v 1.71451 0.893142581 0.682977
v 1.70182 0.884134829 0.686257
v 1.71451 0.890344262 0.680286
v 1.70182 0.886933208 0.688948
v 1.70182 0.902592182 0.704005
v 1.71451 0.908801556 0.698034
v 1.70182 0.886933208 0.688948
v 1.71451 0.908801556 0.698034
v 1.71451 0.893142581 0.682977
v 1.70182 0.886933208 0.688948
v 1.70182 0.876974106 0.698524
v 1.70182 0.874175727 0.695833
v 1.70182 0.886933208 0.688948
v 1.70182 0.874175727 0.695833
v 1.70182 0.884134829 0.686257
v 1.70182 0.876974106 0.698524
v 1.70182 0.892632961 0.713582
v 1.70182 0.902592182 0.704005
v 1.70182 0.876974106 0.698524
v 1.70182 0.902592182 0.704005
v 1.70182 0.886933208 0.688948
v 1.70182 0.876974106 0.698524
v 1.71451 0.870764613 0.704495
v 1.71451 0.867966294 0.701804
v 1.70182 0.876974106 0.698524
v 1.71451 0.867966294 0.701804
v 1.70182 0.874175727 0.695833
v 1.71451 0.870764613 0.704495
v 1.71451 0.886423588 0.719552
v 1.70182 0.892632961 0.713582
v 1.71451 0.870764613 0.704495
v 1.70182 0.892632961 0.713582
v 1.70182 0.876974106 0.698524
v 1.71451 0.870764613 0.704495
v 1.73035 0.872980833 0.702364
v 1.73035 0.870182395 0.699673
v 1.71451 0.870764613 0.704495
v 1.73035 0.870182395 0.699673
v 1.71451 0.867966294 0.701804
v 1.73035 0.872980833 0.702364
v 1.73035 0.888639748 0.717421
v 1.71451 0.886423588 0.719552
v 1.73035 0.872980833 0.702364
v 1.71451 0.886423588 0.719552
v 1.71451 0.870764613 0.704495
v 1.73035 0.872980833 0.702364
v 1.7374 0.881953597 0.693736
v 1.7374 0.879155278 0.691045
v 1.73035 0.872980833 0.702364
v 1.7374 0.879155278 0.691045
v 1.73035 0.870182395 0.699673
v 1.7374 0.881953597 0.693736
v 1.7374 0.897612572 0.708793
v 1.73035 0.888639748 0.717421
v 1.7374 0.881953597 0.693736
v 1.73035 0.888639748 0.717421
v 1.73035 0.872980833 0.702364
v 1.73158 0.885629952 0.67819
v 1.73369 0.891417086 0.680642
v 1.74275 0.879876971 0.691739
v 1.73158 0.885629952 0.67819
v 1.74275 0.879876971 0.691739
v 1.73938 0.87570858 0.687731
v 1.71407 0.888080359 0.675834
v 1.71332 0.894267261 0.677901
v 1.73369 0.891417086 0.680642
v 1.71407 0.888080359 0.675834
v 1.73369 0.891417086 0.680642
v 1.73158 0.885629952 0.67819
v 1.70003 0.881214499 0.682436
v 1.69699 0.886281252 0.685581
v 1.71332 0.894267261 0.677901
v 1.70003 0.881214499 0.682436
v 1.71332 0.894267261 0.677901
v 1.71407 0.888080359 0.675834
v 1.70003 0.870202601 0.693025
v 1.69699 0.873472691 0.697897
v 1.69699 0.886281252 0.685581
v 1.70003 0.870202601 0.693025
v 1.69699 0.886281252 0.685581
v 1.70003 0.881214499 0.682436
v 1.71407 0.863336802 0.699627
v 1.71332 0.865486562 0.705577
v 1.69699 0.873472691 0.697897
v 1.71407 0.863336802 0.699627
v 1.69699 0.873472691 0.697897
v 1.70003 0.870202601 0.693025
v 1.73158 0.865787208 0.697271
v 1.73369 0.868336797 0.702836
v 1.71332 0.865486562 0.705577
v 1.73158 0.865787208 0.697271
v 1.71332 0.865486562 0.705577
v 1.71407 0.863336802 0.699627
v 1.73938 0.87570858 0.687731
v 1.74275 0.879876971 0.691739
v 1.73369 0.868336797 0.702836
v 1.73938 0.87570858 0.687731
v 1.73369 0.868336797 0.702836
v 1.73158 0.865787208 0.697271
v 1.73961 0.881953597 0.693736
v 1.73173 0.891989708 0.684085
v 1.73035 0.89092654 0.685108
v 1.73961 0.881953597 0.693736
v 1.73035 0.89092654 0.685108
v 1.7374 0.881953597 0.693736
v 1.73173 0.891989708 0.684085
v 1.71402 0.894468427 0.681702
v 1.71451 0.893142581 0.682977
v 1.73173 0.891989708 0.684085
v 1.71451 0.893142581 0.682977
v 1.73035 0.89092654 0.685108
v 1.71402 0.894468427 0.681702
v 1.69982 0.887523293 0.68838
v 1.70182 0.886933208 0.688948
v 1.71402 0.894468427 0.681702
v 1.70182 0.886933208 0.688948
v 1.71451 0.893142581 0.682977
v 1.69982 0.887523293 0.68838
v 1.69982 0.87638402 0.699092
v 1.70182 0.876974106 0.698524
v 1.69982 0.887523293 0.68838
v 1.70182 0.876974106 0.698524
v 1.70182 0.886933208 0.688948
v 1.69982 0.87638402 0.699092
v 1.71402 0.869438827 0.70577
v 1.71451 0.870764613 0.704495
v 1.69982 0.87638402 0.699092
v 1.71451 0.870764613 0.704495
v 1.70182 0.876974106 0.698524
v 1.71402 0.869438827 0.70577
v 1.73173 0.871917486 0.703386
v 1.73035 0.872980833 0.702364
v 1.71402 0.869438827 0.70577
v 1.73035 0.872980833 0.702364
v 1.71451 0.870764613 0.704495
v 1.73173 0.871917486 0.703386
v 1.73961 0.881953597 0.693736
v 1.7374 0.881953597 0.693736
v 1.73173 0.871917486 0.703386
v 1.7374 0.881953597 0.693736
v 1.73035 0.872980833 0.702364
v 1.74234 0.881286263 0.693094
v 1.73343 0.892631173 0.682185
v 1.73173 0.891989708 0.684085
v 1.74234 0.881286263 0.693094
v 1.73173 0.891989708 0.684085
v 1.73961 0.881953597 0.693736
v 1.73343 0.892631173 0.682185
v 1.71341 0.895433128 0.679491
v 1.71402 0.894468427 0.681702
v 1.73343 0.892631173 0.682185
v 1.71402 0.894468427 0.681702
v 1.73173 0.891989708 0.684085
v 1.71341 0.895433128 0.679491
v 1.69736 0.887582183 0.68704
v 1.69982 0.887523293 0.68838
v 1.71341 0.895433128 0.679491
v 1.69982 0.887523293 0.68838
v 1.71402 0.894468427 0.681702
v 1.69736 0.887582183 0.68704
v 1.69736 0.874990284 0.699148
v 1.69982 0.87638402 0.699092
v 1.69736 0.887582183 0.68704
v 1.69982 0.87638402 0.699092
v 1.69982 0.887523293 0.68838
v 1.69736 0.874990284 0.699148
v 1.71341 0.867139339 0.706698
v 1.71402 0.869438827 0.70577
v 1.69736 0.874990284 0.699148
v 1.71402 0.869438827 0.70577
v 1.69982 0.87638402 0.699092
v 1.71341 0.867139339 0.706698
v 1.73343 0.869941294 0.704003
v 1.73173 0.871917486 0.703386
v 1.71341 0.867139339 0.706698
v 1.73173 0.871917486 0.703386
v 1.71402 0.869438827 0.70577
v 1.73343 0.869941294 0.704003
v 1.74234 0.881286263 0.693094
v 1.73961 0.881953597 0.693736
v 1.73343 0.869941294 0.704003
v 1.73961 0.881953597 0.693736
v 1.73173 0.871917486 0.703386
v 1.74234 0.881286263 0.693094
v 1.74275 0.879876971 0.691739
v 1.73369 0.891417086 0.680642
v 1.74234 0.881286263 0.693094
v 1.73369 0.891417086 0.680642
v 1.73343 0.892631173 0.682185
v 1.73343 0.892631173 0.682185
v 1.73369 0.891417086 0.680642
v 1.71332 0.894267261 0.677901
v 1.73343 0.892631173 0.682185
v 1.71332 0.894267261 0.677901
v 1.71341 0.895433128 0.679491
v 1.71341 0.895433128 0.679491
v 1.71332 0.894267261 0.677901
v 1.69699 0.886281252 0.685581
v 1.71341 0.895433128 0.679491
v 1.69699 0.886281252 0.685581
v 1.69736 0.887582183 0.68704
v 1.69736 0.887582183 0.68704
v 1.69699 0.886281252 0.685581
v 1.69699 0.873472691 0.697897
v 1.69736 0.887582183 0.68704
v 1.69699 0.873472691 0.697897
v 1.69736 0.874990284 0.699148
v 1.69736 0.874990284 0.699148
v 1.69699 0.873472691 0.697897
v 1.71332 0.865486562 0.705577
v 1.69736 0.874990284 0.699148
v 1.71332 0.865486562 0.705577
v 1.71341 0.867139339 0.706698
v 1.71341 0.867139339 0.706698
v 1.71332 0.865486562 0.705577
v 1.73369 0.868336797 0.702836
v 1.71341 0.867139339 0.706698
v 1.73369 0.868336797 0.702836
v 1.73343 0.869941294 0.704003
v 1.73343 0.869941294 0.704003
v 1.73369 0.868336797 0.702836
v 1.74275 0.879876971 0.691739
v 1.73343 0.869941294 0.704003
v 1.74275 0.879876971 0.691739
v 1.74234 0.881286263 0.693094
v 1.7374 0.897612572 0.708793
v 1.73035 0.906585395 0.700165
v 1.72924 0.906550407 0.701779
v 1.7374 0.897612572 0.708793
v 1.72924 0.906550407 0.701779
v 1.73561 0.898434043 0.709583
v 1.73035 0.906585395 0.700165
v 1.71451 0.908801556 0.698034
v 1.71491 0.908555031 0.699851
v 1.73035 0.906585395 0.700165
v 1.71491 0.908555031 0.699851
v 1.72924 0.906550407 0.701779
v 1.71451 0.908801556 0.698034
v 1.70182 0.902592182 0.704005
v 1.70342 0.902938306 0.705252
v 1.71451 0.908801556 0.698034
v 1.70342 0.902938306 0.705252
v 1.71491 0.908555031 0.699851
v 1.70182 0.902592182 0.704005
v 1.70182 0.892632961 0.713582
v 1.70342 0.893929839 0.713914
v 1.70182 0.902592182 0.704005
v 1.70342 0.893929839 0.713914
v 1.70342 0.902938306 0.705252
v 1.70182 0.892632961 0.713582
v 1.71451 0.886423588 0.719552
v 1.71491 0.888313115 0.719315
v 1.70182 0.892632961 0.713582
v 1.71491 0.888313115 0.719315
v 1.70342 0.893929839 0.713914
v 1.71451 0.886423588 0.719552
v 1.73035 0.888639748 0.717421
v 1.72924 0.890317678 0.717388
v 1.71451 0.886423588 0.719552
v 1.72924 0.890317678 0.717388
v 1.71491 0.888313115 0.719315
v 1.73035 0.888639748 0.717421
v 1.7374 0.897612572 0.708793
v 1.73561 0.898434043 0.709583
v 1.73035 0.888639748 0.717421
v 1.73561 0.898434043 0.709583
v 1.72924 0.890317678 0.717388
v 0.265756 0.881953597 0.693736
v 0.258709 0.89092654 0.685108
v 0.258709 0.888128042 0.682417
v 0.265756 0.881953597 0.693736
v 0.258709 0.888128042 0.682417
v 0.265756 0.879155278 0.691045
v 0.258709 0.89092654 0.685108
v 0.258709 0.906585395 0.700165
v 0.265756 0.897612572 0.708793
v 0.258709 0.89092654 0.685108
v 0.265756 0.897612572 0.708793
v 0.265756 0.881953597 0.693736
v 0.258709 0.89092654 0.685108
v 0.242874 0.893142581 0.682977
v 0.242874 0.890344262 0.680286
v 0.258709 0.89092654 0.685108
v 0.242874 0.890344262 0.680286
v 0.258709 0.888128042 0.682417
v 0.242874 0.893142581 0.682977
v 0.242874 0.908801556 0.698034
v 0.258709 0.906585395 0.700165
v 0.242874 0.893142581 0.682977
v 0.258709 0.906585395 0.700165
v 0.258709 0.89092654 0.685108
v 0.242874 0.893142581 0.682977
v 0.230175 0.886933208 0.688948
v 0.230175 0.884134829 0.686257
v 0.242874 0.893142581 0.682977
v 0.230175 0.884134829 0.686257
v 0.242874 0.890344262 0.680286
v 0.230175 0.886933208 0.688948
v 0.230175 0.902592182 0.704005
v 0.242874 0.908801556 0.698034
v 0.230175 0.886933208 0.688948
v 0.242874 0.908801556 0.698034
v 0.242874 0.893142581 0.682977
v 0.230175 0.886933208 0.688948
v 0.230175 0.876974106 0.698524
v 0.230175 0.874175727 0.695833
v 0.230175 0.886933208 0.688948
v 0.230175 0.874175727 0.695833
v 0.230175 0.884134829 0.686257
v 0.230175 0.876974106 0.698524
v 0.230175 0.892632961 0.713582
v 0.230175 0.902592182 0.704005
v 0.230175 0.876974106 0.698524
v 0.230175 0.902592182 0.704005
v 0.230175 0.886933208 0.688948
v 0.230175 0.876974106 0.698524
v 0.242874 0.870764613 0.704495
v 0.242874 0.867966294 0.701804
v 0.230175 0.876974106 0.698524
v 0.242874 0.867966294 0.701804
v 0.230175 0.874175727 0.695833
v 0.242874 0.870764613 0.704495
v 0.242874 0.886423588 0.719552
v 0.230175 0.892632961 0.713582
v 0.242874 0.870764613 0.704495
v 0.230175 0.892632961 0.713582
v 0.230175 0.876974106 0.698524
v 0.242874 0.870764613 0.704495
v 0.258709 0.872980833 0.702364
v 0.258709 0.870182395 0.699673
v 0.242874 0.870764613 0.704495
v 0.258709 0.870182395 0.699673
v 0.242874 0.867966294 0.701804
v 0.258709 0.872980833 0.702364
v 0.258709 0.888639748 0.717421
v 0.242874 0.886423588 0.719552
v 0.258709 0.872980833 0.702364
v 0.242874 0.886423588 0.719552
v 0.242874 0.870764613 0.704495
v 0.258709 0.872980833 0.702364
v 0.265756 0.881953597 0.693736
v 0.265756 0.879155278 0.691045
v 0.258709 0.872980833 0.702364
v 0.265756 0.879155278 0.691045
v 0.258709 0.870182395 0.699673
v 0.265756 0.881953597 0.693736
v 0.265756 0.897612572 0.708793
v 0.258709 0.888639748 0.717421
v 0.265756 0.881953597 0.693736
v 0.258709 0.888639748 0.717421
v 0.258709 0.872980833 0.702364
v 0.259943 0.885629952 0.67819
v 0.262048 0.891417086 0.680642
v 0.271112 0.879876971 0.691739
v 0.259943 0.885629952 0.67819
v 0.271112 0.879876971 0.691739
v 0.267735 0.87570858 0.687731
v 0.242433 0.888080359 0.675834
v 0.241682 0.894267261 0.677901
v 0.262048 0.891417086 0.680642
v 0.242433 0.888080359 0.675834
v 0.262048 0.891417086 0.680642
v 0.259943 0.885629952 0.67819
v 0.228392 0.881214499 0.682436
v 0.22535 0.886281252 0.685581
v 0.241682 0.894267261 0.677901
v 0.228392 0.881214499 0.682436
v 0.241682 0.894267261 0.677901
v 0.242433 0.888080359 0.675834
v 0.228392 0.870202601 0.693025
v 0.22535 0.873472691 0.697897
v 0.22535 0.886281252 0.685581
v 0.228392 0.870202601 0.693025
v 0.22535 0.886281252 0.685581
v 0.228392 0.881214499 0.682436
v 0.242433 0.863336802 0.699627
v 0.241682 0.865486562 0.705577
v 0.22535 0.873472691 0.697897
v 0.242433 0.863336802 0.699627
v 0.22535 0.873472691 0.697897
v 0.228392 0.870202601 0.693025
v 0.259943 0.865787208 0.697271
v 0.262048 0.868336797 0.702836
v 0.241682 0.865486562 0.705577
v 0.259943 0.865787208 0.697271
v 0.241682 0.865486562 0.705577
v 0.242433 0.863336802 0.699627
v 0.267735 0.87570858 0.687731
v 0.271112 0.879876971 0.691739
v 0.262048 0.868336797 0.702836
v 0.267735 0.87570858 0.687731
v 0.262048 0.868336797 0.702836
v 0.259943 0.865787208 0.697271
v 0.267974 0.881953597 0.693736
v 0.260092 0.891989708 0.684085
v 0.258709 0.89092654 0.685108
v 0.267974 0.881953597 0.693736
v 0.258709 0.89092654 0.685108
v 0.265756 0.881953597 0.693736
v 0.260092 0.891989708 0.684085
v 0.24238 0.894468427 0.681702
v 0.242874 0.893142581 0.682977
v 0.260092 0.891989708 0.684085
v 0.242874 0.893142581 0.682977
v 0.258709 0.89092654 0.685108
v 0.24238 0.894468427 0.681702
v 0.228176 0.887523293 0.68838
v 0.230175 0.886933208 0.688948
v 0.24238 0.894468427 0.681702
v 0.230175 0.886933208 0.688948
v 0.242874 0.893142581 0.682977
v 0.228176 0.887523293 0.68838
v 0.228176 0.87638402 0.699092
v 0.230175 0.876974106 0.698524
v 0.228176 0.887523293 0.68838
v 0.230175 0.876974106 0.698524
v 0.230175 0.886933208 0.688948
v 0.228176 0.87638402 0.699092
v 0.24238 0.869438827 0.70577
v 0.242874 0.870764613 0.704495
v 0.228176 0.87638402 0.699092
v 0.242874 0.870764613 0.704495
v 0.230175 0.876974106 0.698524
v 0.24238 0.869438827 0.70577
v 0.260092 0.871917486 0.703386
v 0.258709 0.872980833 0.702364
v 0.24238 0.869438827 0.70577
v 0.258709 0.872980833 0.702364
v 0.242874 0.870764613 0.704495
v 0.260092 0.871917486 0.703386
v 0.267974 0.881953597 0.693736
v 0.265756 0.881953597 0.693736
v 0.260092 0.871917486 0.703386
v 0.265756 0.881953597 0.693736
v 0.258709 0.872980833 0.702364
v 0.270704 0.881286263 0.693094
v 0.261794 0.892631173 0.682185
v 0.260092 0.891989708 0.684085
v 0.270704 0.881286263 0.693094
v 0.260092 0.891989708 0.684085
v 0.267974 0.881953597 0.693736
v 0.261794 0.892631173 0.682185
v 0.241773 0.895433128 0.679491
v 0.24238 0.894468427 0.681702
v 0.261794 0.892631173 0.682185
v 0.24238 0.894468427 0.681702
v 0.260092 0.891989708 0.684085
v 0.241773 0.895433128 0.679491
v 0.225717 0.887582183 0.68704
v 0.228176 0.887523293 0.68838
v 0.241773 0.895433128 0.679491
v 0.228176 0.887523293 0.68838
v 0.24238 0.894468427 0.681702
v 0.225717 0.887582183 0.68704
v 0.225717 0.874990284 0.699148
v 0.228176 0.87638402 0.699092
v 0.225717 0.887582183 0.68704
v 0.228176 0.87638402 0.699092
v 0.228176 0.887523293 0.68838
v 0.225717 0.874990284 0.699148
v 0.241773 0.867139339 0.706698
v 0.24238 0.869438827 0.70577
v 0.225717 0.874990284 0.699148
v 0.24238 0.869438827 0.70577
v 0.228176 0.87638402 0.699092
v 0.241773 0.867139339 0.706698
v 0.261794 0.869941294 0.704003
v 0.260092 0.871917486 0.703386
v 0.241773 0.867139339 0.706698
v 0.260092 0.871917486 0.703386
v 0.24238 0.869438827 0.70577
v 0.261794 0.869941294 0.704003
v 0.270704 0.881286263 0.693094
v 0.267974 0.881953597 0.693736
v 0.261794 0.869941294 0.704003
v 0.267974 0.881953597 0.693736
v 0.260092 0.871917486 0.703386
v 0.270704 0.881286263 0.693094
v 0.271112 0.879876971 0.691739
v 0.262048 0.891417086 0.680642
v 0.270704 0.881286263 0.693094
v 0.262048 0.891417086 0.680642
v 0.261794 0.892631173 0.682185
v 0.261794 0.892631173 0.682185
v 0.262048 0.891417086 0.680642
v 0.241682 0.894267261 0.677901
v 0.261794 0.892631173 0.682185
v 0.241682 0.894267261 0.677901
v 0.241773 0.895433128 0.679491
v 0.241773 0.895433128 0.679491
v 0.241682 0.894267261 0.677901
v 0.22535 0.886281252 0.685581
v 0.241773 0.895433128 0.679491
v 0.22535 0.886281252 0.685581
v 0.225717 0.887582183 0.68704
v 0.225717 0.887582183 0.68704
v 0.22535 0.886281252 0.685581
v 0.22535 0.873472691 0.697897
v 0.225717 0.887582183 0.68704
v 0.22535 0.873472691 0.697897
v 0.225717 0.874990284 0.699148
v 0.225717 0.874990284 0.699148
v 0.22535 0.873472691 0.697897
v 0.241682 0.865486562 0.705577
v 0.225717 0.874990284 0.699148
v 0.241682 0.865486562 0.705577
v 0.241773 0.867139339 0.706698
v 0.241773 0.867139339 0.706698
v 0.241682 0.865486562 0.705577
v 0.262048 0.868336797 0.702836
v 0.241773 0.867139339 0.706698
v 0.262048 0.868336797 0.702836
v 0.261794 0.869941294 0.704003
v 0.261794 0.869941294 0.704003
v 0.262048 0.868336797 0.702836
v 0.271112 0.879876971 0.691739
v 0.261794 0.869941294 0.704003
v 0.271112 0.879876971 0.691739
v 0.270704 0.881286263 0.693094
v 0.265756 0.897612572 0.708793
v 0.258709 0.906585395 0.700165
v 0.257595 0.906550407 0.701779
v 0.265756 0.897612572 0.708793
v 0.257595 0.906550407 0.701779
v 0.26397 0.898434043 0.709583
v 0.258709 0.906585395 0.700165
v 0.242874 0.908801556 0.698034
v 0.243271 0.908555031 0.699851
v 0.258709 0.906585395 0.700165
v 0.243271 0.908555031 0.699851
v 0.257595 0.906550407 0.701779
v 0.242874 0.908801556 0.698034
v 0.230175 0.902592182 0.704005
v 0.231784 0.902938306 0.705252
v 0.242874 0.908801556 0.698034
v 0.231784 0.902938306 0.705252
v 0.243271 0.908555031 0.699851
v 0.230175 0.902592182 0.704005
v 0.230175 0.892632961 0.713582
v 0.231784 0.893929839 0.713914
v 0.230175 0.902592182 0.704005
v 0.231784 0.893929839 0.713914
v 0.231784 0.902938306 0.705252
v 0.230175 0.892632961 0.713582
v 0.242874 0.886423588 0.719552
v 0.243271 0.888313115 0.719315
v 0.230175 0.892632961 0.713582
v 0.243271 0.888313115 0.719315
v 0.231784 0.893929839 0.713914
v 0.242874 0.886423588 0.719552
v 0.258709 0.888639748 0.717421
v 0.257595 0.890317678 0.717388
v 0.242874 0.886423588 0.719552
v 0.257595 0.890317678 0.717388
v 0.243271 0.888313115 0.719315
v 0.258709 0.888639748 0.717421
v 0.265756 0.897612572 0.708793
v 0.26397 0.898434043 0.709583
v 0.258709 0.888639748 0.717421
v 0.26397 0.898434043 0.709583
v 0.257595 0.890317678 0.717388
v 0.0820404 1.16753471 0.243787
v 0.0820404 1.15818715 0.234799
v 0.0820404 1.19061208 0.203619
v 0.0820404 1.16753471 0.243787
v 0.0820404 1.19061208 0.203619
v 0.0820404 1.19995952 0.212608
v 0.0820404 1.19995952 0.212608
v 0.0820404 1.19061208 0.203619
v 1.89476 1.19061208 0.203619
v 0.0820404 1.19995952 0.212608
v 1.89476 1.19061208 0.203619
v 1.89476 1.19995952 0.212608
v 1.89476 1.16753471 0.243787
v 1.89476 1.15818715 0.234799
v 0.0820404 1.15818715 0.234799
v 1.89476 1.16753471 0.243787
v 0.0820404 1.15818715 0.234799
v 0.0820404 1.16753471 0.243787
v 1.89476 1.19995952 0.212608
v 1.89476 1.19061208 0.203619
v 1.89476 1.15818715 0.234799
v 1.89476 1.19995952 0.212608
v 1.89476 1.15818715 0.234799
v 1.89476 1.16753471 0.243787
v 1.91962 1.15229166 0.258445
v 0.0571803 1.15229166 0.258445
v 0.0571803 1.1429441 0.249456
v 1.91962 1.15229166 0.258445
v 0.0571803 1.1429441 0.249456
v 1.91962 1.1429441 0.249456
v 1.91962 1.20585513 0.188962
v 0.0571803 1.20585513 0.188962
v 0.0571803 1.21520257 0.19795
v 1.91962 1.20585513 0.188962
v 0.0571803 1.21520257 0.19795
v 1.91962 1.21520257 0.19795
v 1.89476 1.16753471 0.243787
v 1.91962 1.15229166 0.258445
v 1.91962 1.21520257 0.19795
v 1.89476 1.16753471 0.243787
v 1.91962 1.21520257 0.19795
v 1.89476 1.19995952 0.212608
v 1.89476 1.19995952 0.212608
v 1.91962 1.21520257 0.19795
v 0.0571803 1.21520257 0.19795
v 1.89476 1.19995952 0.212608
v 0.0571803 1.21520257 0.19795
v 0.0820404 1.19995952 0.212608
v 0.0571803 1.20585513 0.188962
v 0.0571803 1.1429441 0.249456
v 0.0571803 1.15229166 0.258445
v 0.0571803 1.20585513 0.188962
v 0.0571803 1.15229166 0.258445
v 0.0571803 1.21520257 0.19795
v 1.91962 1.15229166 0.258445
v 1.91962 1.1429441 0.249456
v 1.91962 1.20585513 0.188962
v 1.91962 1.15229166 0.258445
v 1.91962 1.20585513 0.188962
v 1.91962 1.21520257 0.19795
v 0.0820404 1.19061208 0.203619
v 0.0571803 1.20585513 0.188962
v 1.91962 1.20585513 0.188962
v 0.0820404 1.19061208 0.203619
v 1.91962 1.20585513 0.188962
v 1.89476 1.19061208 0.203619
v 0.0820404 1.15818715 0.234799
v 0.0571803 1.1429441 0.249456
v 0.0571803 1.20585513 0.188962
v 0.0820404 1.15818715 0.234799
v 0.0571803 1.20585513 0.188962
v 0.0820404 1.19061208 0.203619
v 1.89476 1.15818715 0.234799
v 1.91962 1.1429441 0.249456
v 0.0571803 1.1429441 0.249456
v 1.89476 1.15818715 0.234799
v 0.0571803 1.1429441 0.249456
v 0.0820404 1.15818715 0.234799
v 1.89476 1.19061208 0.203619
v 1.91962 1.20585513 0.188962
v 1.91962 1.1429441 0.249456
v 1.89476 1.19061208 0.203619
v 1.91962 1.1429441 0.249456
v 1.89476 1.15818715 0.234799
v 0.0820404 1.16753471 0.243787
v 0.0571803 1.15229166 0.258445
v 1.91962 1.15229166 0.258445
v 0.0820404 1.16753471 0.243787
v 1.91962 1.15229166 0.258445
v 1.89476 1.16753471 0.243787
v 0.0820404 1.19995952 0.212608
v 0.0571803 1.21520257 0.19795
v 0.0571803 1.15229166 0.258445
v 0.0820404 1.19995952 0.212608
v 0.0571803 1.15229166 0.258445
v 0.0820404 1.16753471 0.243787
v 1.38061 1.2323519 0.493768
v 1.38061 1.26544249 0.525588
v 1.38061 1.24452138 0.525253
v 1.38061 1.2323519 0.493768
v 1.38061 1.24452138 0.525253
v 1.38061 1.22199154 0.503588
v 1.36096 1.26544249 0.525588
v 1.36096 1.25515604 0.535479
v 1.36327 1.25515604 0.535479
v 1.36096 1.26544249 0.525588
v 1.36327 1.25515604 0.535479
v 1.38061 1.26544249 0.525588
v 0.829122 1.33266401 0.245316
v 0.539145 1.23329234 0.34087
v 0.670039 1.0896914 0.478955
v 0.829122 1.33266401 0.245316
v 0.670039 1.0896914 0.478955
v 0.960016 1.18906331 0.3834
v 1.36093 1.10985494 0.459566
v 1.46863 1.33117485 0.246748
v 1.21153 1.37821054 0.201519
v 1.36093 1.10985494 0.459566
v 1.21153 1.37821054 0.201519
v 1.10383 1.15689063 0.414337
v 1.05333 0.988051772 0.574516
v 1.05333 1.19076407 0.379591
v 0.412854 1.19076407 0.379591
v 1.05333 0.988051772 0.574516
v 0.412854 1.19076407 0.379591
v 0.380169 0.979036808 0.583185
v 1.05333 1.19076407 0.379591
v 1.05333 1.38769543 0.190224
v 0.380169 1.40272534 0.175771
v 1.05333 1.19076407 0.379591
v 0.380169 1.40272534 0.175771
v 0.412854 1.19076407 0.379591
v 1.05333 1.19076407 0.379591
v 1.5783 1.19076407 0.379591
v 1.59663 1.40272534 0.175771
v 1.05333 1.19076407 0.379591
v 1.59663 1.40272534 0.175771
v 1.05333 1.38769543 0.190224
v 1.05333 0.988051772 0.574516
v 1.59663 0.979036808 0.583185
v 1.5783 1.19076407 0.379591
v 1.05333 0.988051772 0.574516
v 1.5783 1.19076407 0.379591
v 1.05333 1.19076407 0.379591
v 1.35338 1.36938155 0.408279
v 1.33445 1.37644589 0.420707
v 1.3335 1.33638716 0.459227
v 1.35338 1.36938155 0.408279
v 1.3335 1.33638716 0.459227
v 1.35229 1.32312584 0.452758
v 1.31662 1.40977716 0.369435
v 1.30261 1.41142952 0.387067
v 1.33445 1.37644589 0.420707
v 1.31662 1.40977716 0.369435
v 1.33445 1.37644589 0.420707
v 1.35338 1.36938155 0.408279
v 1.25183 1.43348861 0.346634
v 1.24651 1.43196416 0.367321
v 1.30261 1.41142952 0.387067
v 1.25183 1.43348861 0.346634
v 1.30261 1.41142952 0.387067
v 1.31662 1.40977716 0.369435
v 1.17639 1.43416238 0.345986
v 1.18117 1.43254781 0.36676
v 1.24651 1.43196416 0.367321
v 1.17639 1.43416238 0.345986
v 1.24651 1.43196416 0.367321
v 1.25183 1.43348861 0.346634
v 1.11051 1.41161811 0.367664
v 1.12412 1.41302383 0.385534
v 1.18117 1.43254781 0.36676
v 1.11051 1.41161811 0.367664
v 1.18117 1.43254781 0.36676
v 1.17639 1.43416238 0.345986
v 1.07184 1.37189627 0.40586
v 1.09063 1.3786236 0.418612
v 1.12412 1.41302383 0.385534
v 1.07184 1.37189627 0.40586
v 1.12412 1.41302383 0.385534
v 1.11051 1.41161811 0.367664
v 1.07074 1.32564032 0.450339
v 1.08968 1.33856487 0.457132
v 1.09063 1.3786236 0.418612
v 1.07074 1.32564032 0.450339
v 1.09063 1.3786236 0.418612
v 1.07184 1.37189627 0.40586
v 1.10751 1.2852447 0.489183
v 1.12152 1.30358124 0.490772
v 1.08968 1.33856487 0.457132
v 1.10751 1.2852447 0.489183
v 1.08968 1.33856487 0.457132
v 1.07074 1.32564032 0.450339
v 1.17229 1.26153326 0.511984
v 1.17762 1.28304648 0.510518
v 1.12152 1.30358124 0.490772
v 1.17229 1.26153326 0.511984
v 1.12152 1.30358124 0.490772
v 1.10751 1.2852447 0.489183
v 1.24773 1.26085949 0.512632
v 1.24295 1.28246295 0.511079
v 1.17762 1.28304648 0.510518
v 1.24773 1.26085949 0.512632
v 1.17762 1.28304648 0.510518
v 1.17229 1.26153326 0.511984
v 1.31361 1.28340387 0.490954
v 1.30001 1.30198705 0.492305
v 1.24295 1.28246295 0.511079
v 1.31361 1.28340387 0.490954
v 1.24295 1.28246295 0.511079
v 1.24773 1.26085949 0.512632
v 1.35229 1.32312584 0.452758
v 1.3335 1.33638716 0.459227
v 1.30001 1.30198705 0.492305
v 1.35229 1.32312584 0.452758
v 1.30001 1.30198705 0.492305
v 1.31361 1.28340387 0.490954
v 1.33445 1.37644589 0.420707
v 1.28272 1.3757571 0.43544
v 1.28217 1.35262918 0.457679
v 1.33445 1.37644589 0.420707
v 1.28217 1.35262918 0.457679
v 1.3335 1.33638716 0.459227
v 1.30261 1.41142952 0.387067
v 1.26434 1.39595497 0.416018
v 1.28272 1.3757571 0.43544
v 1.30261 1.41142952 0.387067
v 1.28272 1.3757571 0.43544
v 1.33445 1.37644589 0.420707
v 1.24651 1.43196416 0.367321
v 1.23195 1.40781069 0.404617
v 1.26434 1.39595497 0.416018
v 1.24651 1.43196416 0.367321
v 1.26434 1.39595497 0.416018
v 1.30261 1.41142952 0.387067
v 1.18117 1.43254781 0.36676
v 1.19423 1.40814757 0.404293
v 1.23195 1.40781069 0.404617
v 1.18117 1.43254781 0.36676
v 1.23195 1.40781069 0.404617
v 1.24651 1.43196416 0.367321
v 1.12412 1.41302383 0.385534
v 1.16129 1.39687538 0.415133
v 1.19423 1.40814757 0.404293
v 1.12412 1.41302383 0.385534
v 1.19423 1.40814757 0.404293
v 1.18117 1.43254781 0.36676
v 1.09063 1.3786236 0.418612
v 1.14195 1.3770144 0.434231
v 1.16129 1.39687538 0.415133
v 1.09063 1.3786236 0.418612
v 1.16129 1.39687538 0.415133
v 1.12412 1.41302383 0.385534
v 1.08968 1.33856487 0.457132
v 1.1414 1.35388649 0.45647
v 1.14195 1.3770144 0.434231
v 1.08968 1.33856487 0.457132
v 1.14195 1.3770144 0.434231
v 1.09063 1.3786236 0.418612
v 1.12152 1.30358124 0.490772
v 1.15979 1.33368862 0.475892
v 1.1414 1.35388649 0.45647
v 1.12152 1.30358124 0.490772
v 1.1414 1.35388649 0.45647
v 1.08968 1.33856487 0.457132
v 1.17762 1.28304648 0.510518
v 1.19218 1.32183301 0.487292
v 1.15979 1.33368862 0.475892
v 1.17762 1.28304648 0.510518
v 1.15979 1.33368862 0.475892
v 1.12152 1.30358124 0.490772
v 1.24295 1.28246295 0.511079
v 1.2299 1.32149613 0.487616
v 1.19218 1.32183301 0.487292
v 1.24295 1.28246295 0.511079
v 1.19218 1.32183301 0.487292
v 1.17762 1.28304648 0.510518
v 1.30001 1.30198705 0.492305
v 1.26284 1.3327682 0.476777
v 1.2299 1.32149613 0.487616
v 1.30001 1.30198705 0.492305
v 1.2299 1.32149613 0.487616
v 1.24295 1.28246295 0.511079
v 1.3335 1.33638716 0.459227
v 1.28217 1.35262918 0.457679
v 1.26284 1.3327682 0.476777
v 1.3335 1.33638716 0.459227
v 1.26284 1.3327682 0.476777
v 1.30001 1.30198705 0.492305
v 1.34832 1.34447396 0.395324
v 1.35598 1.3454355 0.3944
v 1.35629 1.31016219 0.428318
v 1.34832 1.34447396 0.395324
v 1.35629 1.31016219 0.428318
v 1.34861 1.31107259 0.427443
v 1.35852 1.34731388 0.395593
v 1.35852 1.37594748 0.423127
v 1.35884 1.34005356 0.457642
v 1.35852 1.34731388 0.395593
v 1.35884 1.34005356 0.457642
v 1.35884 1.31142008 0.430108
v 1.35598 1.37718856 0.424933
v 1.34832 1.37622702 0.425858
v 1.34861 1.34282565 0.457976
v 1.35598 1.37718856 0.424933
v 1.34861 1.34282565 0.457976
v 1.35629 1.34191513 0.458851
v 1.34577 1.37434852 0.424664
v 1.34577 1.34571505 0.397131
v 1.34606 1.31293416 0.428652
v 1.34577 1.37434852 0.424664
v 1.34606 1.31293416 0.428652
v 1.34606 1.34156752 0.456186
v 1.3272 1.37526357 0.365717
v 1.33368 1.37795055 0.363134
v 1.35598 1.3454355 0.3944
v 1.3272 1.37526357 0.365717
v 1.35598 1.3454355 0.3944
v 1.34832 1.34447396 0.395324
v 1.33583 1.38040102 0.363777
v 1.33583 1.40903449 0.391311
v 1.35852 1.37594748 0.423127
v 1.33583 1.38040102 0.363777
v 1.35852 1.37594748 0.423127
v 1.35852 1.34731388 0.395593
v 1.33368 1.40970361 0.393667
v 1.3272 1.40701663 0.396251
v 1.34832 1.37622702 0.425858
v 1.33368 1.40970361 0.393667
v 1.34832 1.37622702 0.425858
v 1.35598 1.37718856 0.424933
v 1.32505 1.40456617 0.395607
v 1.32505 1.37593269 0.368074
v 1.34577 1.34571505 0.397131
v 1.32505 1.40456617 0.395607
v 1.34577 1.34571505 0.397131
v 1.34577 1.37434852 0.424664
v 1.28847 1.398754 0.34313
v 1.29278 1.40275741 0.33928
v 1.33368 1.37795055 0.363134
v 1.28847 1.398754 0.34313
v 1.33368 1.37795055 0.363134
v 1.3272 1.37526357 0.365717
v 1.29421 1.4056443 0.339504
v 1.29421 1.43427765 0.367037
v 1.33583 1.40903449 0.391311
v 1.29421 1.4056443 0.339504
v 1.33583 1.40903449 0.391311
v 1.33583 1.38040102 0.363777
v 1.29278 1.43451035 0.369813
v 1.28847 1.43050683 0.373663
v 1.3272 1.40701663 0.396251
v 1.29278 1.43451035 0.369813
v 1.3272 1.40701663 0.396251
v 1.33368 1.40970361 0.393667
v 1.28704 1.42762005 0.373439
v 1.28704 1.39898658 0.345905
v 1.32505 1.37593269 0.368074
v 1.28704 1.42762005 0.373439
v 1.32505 1.37593269 0.368074
v 1.32505 1.40456617 0.395607
v 1.23803 1.41136873 0.330999
v 1.23951 1.41607928 0.32647
v 1.29278 1.40275741 0.33928
v 1.23803 1.41136873 0.330999
v 1.29278 1.40275741 0.33928
v 1.28847 1.398754 0.34313
v 1.24 1.41920042 0.326468
v 1.24 1.44783378 0.354002
v 1.29421 1.43427765 0.367037
v 1.24 1.41920042 0.326468
v 1.29421 1.43427765 0.367037
v 1.29421 1.4056443 0.339504
v 1.23951 1.44783223 0.357003
v 1.23803 1.44312167 0.361533
v 1.28847 1.43050683 0.373663
v 1.23951 1.44783223 0.357003
v 1.28847 1.43050683 0.373663
v 1.29278 1.43451035 0.369813
v 1.23753 1.44000041 0.361534
v 1.23753 1.41136706 0.334001
v 1.28704 1.39898658 0.345905
v 1.23753 1.44000041 0.361534
v 1.28704 1.39898658 0.345905
v 1.28704 1.42762005 0.373439
v 1.18355 1.41118765 0.331173
v 1.18198 1.41588783 0.326654
v 1.23951 1.41607928 0.32647
v 1.18355 1.41118765 0.331173
v 1.23951 1.41607928 0.32647
v 1.23803 1.41136873 0.330999
v 1.18146 1.41900587 0.326655
v 1.18146 1.44763923 0.354189
v 1.24 1.44783378 0.354002
v 1.18146 1.41900587 0.326655
v 1.24 1.44783378 0.354002
v 1.24 1.41920042 0.326468
v 1.18198 1.4476409 0.357187
v 1.18355 1.44294047 0.361707
v 1.23803 1.44312167 0.361533
v 1.18198 1.4476409 0.357187
v 1.23803 1.44312167 0.361533
v 1.23951 1.44783223 0.357003
v 1.18407 1.43982279 0.361705
v 1.18407 1.41118932 0.334171
v 1.23753 1.41136706 0.334001
v 1.18407 1.43982279 0.361705
v 1.23753 1.41136706 0.334001
v 1.23753 1.44000041 0.361534
v 1.13334 1.39823806 0.343626
v 1.12895 1.40221262 0.339804
v 1.18198 1.41588783 0.326654
v 1.13334 1.39823806 0.343626
v 1.18198 1.41588783 0.326654
v 1.18355 1.41118765 0.331173
v 1.1275 1.40508997 0.340037
v 1.1275 1.43372333 0.36757
v 1.18146 1.44763923 0.354189
v 1.1275 1.40508997 0.340037
v 1.18146 1.44763923 0.354189
v 1.18146 1.41900587 0.326655
v 1.12895 1.43396568 0.370337
v 1.13334 1.42999101 0.374159
v 1.18355 1.44294047 0.361707
v 1.12895 1.43396568 0.370337
v 1.18355 1.44294047 0.361707
v 1.18198 1.4476409 0.357187
v 1.13479 1.42711377 0.373926
v 1.13479 1.39848042 0.346392
v 1.18407 1.41118932 0.334171
v 1.13479 1.42711377 0.373926
v 1.18407 1.41118932 0.334171
v 1.18407 1.43982279 0.361705
v 1.09503 1.37449157 0.36646
v 1.0885 1.37713552 0.363918
v 1.12895 1.40221262 0.339804
v 1.09503 1.37449157 0.36646
v 1.12895 1.40221262 0.339804
v 1.13334 1.39823806 0.343626
v 1.08633 1.37957156 0.364575
v 1.08633 1.40820491 0.392108
v 1.1275 1.43372333 0.36757
v 1.08633 1.37957156 0.364575
v 1.1275 1.43372333 0.36757
v 1.1275 1.40508997 0.340037
v 1.0885 1.40888846 0.394451
v 1.09503 1.40624464 0.396993
v 1.13334 1.42999101 0.374159
v 1.0885 1.40888846 0.394451
v 1.13334 1.42999101 0.374159
v 1.12895 1.43396568 0.370337
v 1.09719 1.40380847 0.396336
v 1.09719 1.375175 0.368802
v 1.13479 1.39848042 0.346392
v 1.09719 1.40380847 0.396336
v 1.13479 1.39848042 0.346392
v 1.13479 1.42711377 0.373926
v 1.07445 1.34356332 0.3962
v 1.06677 1.34447396 0.395324
v 1.0885 1.37713552 0.363918
v 1.07445 1.34356332 0.3962
v 1.0885 1.37713552 0.363918
v 1.09503 1.37449157 0.36646
v 1.06422 1.34633541 0.396534
v 1.06422 1.37496889 0.424068
v 1.08633 1.40820491 0.392108
v 1.06422 1.34633541 0.396534
v 1.08633 1.40820491 0.392108
v 1.08633 1.37957156 0.364575
v 1.06677 1.37622678 0.425858
v 1.07445 1.37531638 0.426733
v 1.09503 1.40624464 0.396993
v 1.06677 1.37622678 0.425858
v 1.09503 1.40624464 0.396993
v 1.0885 1.40888846 0.394451
v 1.077 1.37345493 0.425523
v 1.077 1.34482145 0.39799
v 1.09719 1.375175 0.368802
v 1.077 1.37345493 0.425523
v 1.09719 1.375175 0.368802
v 1.09719 1.40380847 0.396336
v 1.07475 1.31016207 0.428318
v 1.06708 1.30920064 0.429243
v 1.06677 1.34447396 0.395324
v 1.07475 1.31016207 0.428318
v 1.06677 1.34447396 0.395324
v 1.07445 1.34356332 0.3962
v 1.06454 1.31044149 0.431049
v 1.06454 1.33907509 0.458583
v 1.06422 1.37496889 0.424068
v 1.06454 1.31044149 0.431049
v 1.06422 1.37496889 0.424068
v 1.06422 1.34633541 0.396534
v 1.06708 1.34095347 0.459776
v 1.07475 1.34191501 0.458851
v 1.07445 1.37531638 0.426733
v 1.06708 1.34095347 0.459776
v 1.07445 1.37531638 0.426733
v 1.06677 1.37622678 0.425858
v 1.07729 1.34067392 0.457045
v 1.07729 1.31204057 0.429512
v 1.077 1.34482145 0.39799
v 1.07729 1.34067392 0.457045
v 1.077 1.34482145 0.39799
v 1.077 1.37345493 0.425523
v 1.09587 1.27937257 0.457925
v 1.08938 1.27668536 0.460509
v 1.06708 1.30920064 0.429243
v 1.09587 1.27937257 0.457925
v 1.06708 1.30920064 0.429243
v 1.07475 1.31016207 0.428318
v 1.08724 1.2773546 0.462865
v 1.08724 1.30598795 0.490399
v 1.06454 1.33907509 0.458583
v 1.08724 1.2773546 0.462865
v 1.06454 1.33907509 0.458583
v 1.06454 1.31044149 0.431049
v 1.08938 1.30843842 0.491042
v 1.09587 1.3111254 0.488458
v 1.07475 1.34191501 0.458851
v 1.08938 1.30843842 0.491042
v 1.07475 1.34191501 0.458851
v 1.06708 1.34095347 0.459776
v 1.09802 1.3104564 0.486102
v 1.09802 1.28182292 0.458568
v 1.07729 1.31204057 0.429512
v 1.09802 1.3104564 0.486102
v 1.07729 1.31204057 0.429512
v 1.07729 1.34067392 0.457045
v 1.1346 1.25588214 0.480513
v 1.13028 1.25187862 0.484363
v 1.08938 1.27668536 0.460509
v 1.1346 1.25588214 0.480513
v 1.08938 1.27668536 0.460509
v 1.09587 1.27937257 0.457925
v 1.12885 1.25211132 0.487139
v 1.12885 1.28074491 0.514672
v 1.08724 1.30598795 0.490399
v 1.12885 1.25211132 0.487139
v 1.08724 1.30598795 0.490399
v 1.08724 1.2773546 0.462865
v 1.13028 1.28363168 0.514896
v 1.1346 1.28763521 0.511046
v 1.09587 1.3111254 0.488458
v 1.13028 1.28363168 0.514896
v 1.09587 1.3111254 0.488458
v 1.08938 1.30843842 0.491042
v 1.13602 1.28740251 0.50827
v 1.13602 1.25876892 0.480737
v 1.09802 1.28182292 0.458568
v 1.13602 1.28740251 0.50827
v 1.09802 1.28182292 0.458568
v 1.09802 1.3104564 0.486102
v 1.18504 1.2432673 0.492643
v 1.18355 1.23855686 0.497173
v 1.13028 1.25187862 0.484363
v 1.18504 1.2432673 0.492643
v 1.13028 1.25187862 0.484363
v 1.1346 1.25588214 0.480513
v 1.18306 1.23855519 0.500174
v 1.18306 1.26718855 0.527708
v 1.12885 1.28074491 0.514672
v 1.18306 1.23855519 0.500174
v 1.12885 1.28074491 0.514672
v 1.12885 1.25211132 0.487139
v 1.18355 1.27030981 0.527706
v 1.18504 1.27502036 0.523176
v 1.1346 1.28763521 0.511046
v 1.18355 1.27030981 0.527706
v 1.1346 1.28763521 0.511046
v 1.13028 1.28363168 0.514896
v 1.18553 1.27502203 0.520175
v 1.18553 1.24638855 0.492642
v 1.13602 1.25876892 0.480737
v 1.18553 1.27502203 0.520175
v 1.13602 1.25876892 0.480737
v 1.13602 1.28740251 0.50827
v 1.23951 1.2434485 0.492469
v 1.24108 1.23874807 0.496989
v 1.18355 1.23855686 0.497173
v 1.23951 1.2434485 0.492469
v 1.18355 1.23855686 0.497173
v 1.18504 1.2432673 0.492643
v 1.2416 1.23874986 0.499987
v 1.2416 1.26738334 0.52752
v 1.18306 1.26718855 0.527708
v 1.2416 1.23874986 0.499987
v 1.18306 1.26718855 0.527708
v 1.18306 1.23855519 0.500174
v 1.24108 1.27050114 0.527522
v 1.23951 1.27520132 0.523002
v 1.18504 1.27502036 0.523176
v 1.24108 1.27050114 0.527522
v 1.18504 1.27502036 0.523176
v 1.18355 1.27030981 0.527706
v 1.23899 1.27519965 0.520004
v 1.23899 1.2465663 0.492471
v 1.18553 1.24638855 0.492642
v 1.23899 1.27519965 0.520004
v 1.18553 1.24638855 0.492642
v 1.18553 1.27502203 0.520175
v 1.28973 1.25639808 0.480017
v 1.29411 1.25242329 0.483839
v 1.24108 1.23874807 0.496989
v 1.28973 1.25639808 0.480017
v 1.24108 1.23874807 0.496989
v 1.23951 1.2434485 0.492469
v 1.29556 1.25266564 0.486606
v 1.29556 1.281299 0.514139
v 1.2416 1.26738334 0.52752
v 1.29556 1.25266564 0.486606
v 1.2416 1.26738334 0.52752
v 1.2416 1.23874986 0.499987
v 1.29411 1.28417635 0.514372
v 1.28973 1.28815091 0.51055
v 1.23951 1.27520132 0.523002
v 1.29411 1.28417635 0.514372
v 1.23951 1.27520132 0.523002
v 1.24108 1.27050114 0.527522
v 1.28827 1.28790879 0.507784
v 1.28827 1.2592752 0.48025
v 1.23899 1.2465663 0.492471
v 1.28827 1.28790879 0.507784
v 1.23899 1.2465663 0.492471
v 1.23899 1.27519965 0.520004
v 1.32804 1.28014433 0.457183
v 1.33457 1.27750063 0.459725
v 1.29411 1.25242329 0.483839
v 1.32804 1.28014433 0.457183
v 1.29411 1.25242329 0.483839
v 1.28973 1.25639808 0.480017
v 1.33673 1.27818406 0.462068
v 1.33673 1.30681741 0.489601
v 1.29556 1.281299 0.514139
v 1.33673 1.27818406 0.462068
v 1.29556 1.281299 0.514139
v 1.29556 1.25266564 0.486606
v 1.33457 1.30925369 0.490258
v 1.32804 1.3118974 0.487716
v 1.28973 1.28815091 0.51055
v 1.33457 1.30925369 0.490258
v 1.28973 1.28815091 0.51055
v 1.29411 1.28417635 0.514372
v 1.32587 1.31121397 0.485373
v 1.32587 1.28258049 0.45784
v 1.28827 1.2592752 0.48025
v 1.32587 1.31121397 0.485373
v 1.28827 1.2592752 0.48025
v 1.28827 1.28790879 0.507784
v 1.34861 1.31107259 0.427443
v 1.35629 1.31016219 0.428318
v 1.33457 1.27750063 0.459725
v 1.34861 1.31107259 0.427443
v 1.33457 1.27750063 0.459725
v 1.32804 1.28014433 0.457183
v 1.35884 1.31142008 0.430108
v 1.35884 1.34005356 0.457642
v 1.33673 1.30681741 0.489601
v 1.35884 1.31142008 0.430108
v 1.33673 1.30681741 0.489601
v 1.33673 1.27818406 0.462068
v 1.35629 1.34191513 0.458851
v 1.34861 1.34282565 0.457976
v 1.32804 1.3118974 0.487716
v 1.35629 1.34191513 0.458851
v 1.32804 1.3118974 0.487716
v 1.33457 1.30925369 0.490258
v 1.34606 1.34156752 0.456186
v 1.34606 1.31293416 0.428652
v 1.32587 1.28258049 0.45784
v 1.34606 1.34156752 0.456186
v 1.32587 1.28258049 0.45784
v 1.32587 1.31121397 0.485373
v 1.35629 1.31016219 0.428318
v 1.35598 1.3454355 0.3944
v 1.35852 1.34731388 0.395593
v 1.35629 1.31016219 0.428318
v 1.35852 1.34731388 0.395593
v 1.35884 1.31142008 0.430108
v 1.34832 1.34447396 0.395324
v 1.34861 1.31107259 0.427443
v 1.34606 1.31293416 0.428652
v 1.34832 1.34447396 0.395324
v 1.34606 1.31293416 0.428652
v 1.34577 1.34571505 0.397131
v 1.35884 1.34005356 0.457642
v 1.35852 1.37594748 0.423127
v 1.35598 1.37718856 0.424933
v 1.35884 1.34005356 0.457642
v 1.35598 1.37718856 0.424933
v 1.35629 1.34191513 0.458851
v 1.34861 1.34282565 0.457976
v 1.34832 1.37622702 0.425858
v 1.34577 1.37434852 0.424664
v 1.34861 1.34282565 0.457976
v 1.34577 1.37434852 0.424664
v 1.34606 1.34156752 0.456186
v 1.35598 1.3454355 0.3944
v 1.33368 1.37795055 0.363134
v 1.33583 1.38040102 0.363777
v 1.35598 1.3454355 0.3944
v 1.33583 1.38040102 0.363777
v 1.35852 1.34731388 0.395593
v 1.3272 1.37526357 0.365717
v 1.34832 1.34447396 0.395324
v 1.34577 1.34571505 0.397131
v 1.3272 1.37526357 0.365717
v 1.34577 1.34571505 0.397131
v 1.32505 1.37593269 0.368074
v 1.35852 1.37594748 0.423127
v 1.33583 1.40903449 0.391311
v 1.33368 1.40970361 0.393667
v 1.35852 1.37594748 0.423127
v 1.33368 1.40970361 0.393667
v 1.35598 1.37718856 0.424933
v 1.34832 1.37622702 0.425858
v 1.3272 1.40701663 0.396251
v 1.32505 1.40456617 0.395607
v 1.34832 1.37622702 0.425858
v 1.32505 1.40456617 0.395607
v 1.34577 1.37434852 0.424664
v 1.33368 1.37795055 0.363134
v 1.29278 1.40275741 0.33928
v 1.29421 1.4056443 0.339504
v 1.33368 1.37795055 0.363134
v 1.29421 1.4056443 0.339504
v 1.33583 1.38040102 0.363777
v 1.28847 1.398754 0.34313
v 1.3272 1.37526357 0.365717
v 1.32505 1.37593269 0.368074
v 1.28847 1.398754 0.34313
v 1.32505 1.37593269 0.368074
v 1.28704 1.39898658 0.345905
v 1.33583 1.40903449 0.391311
v 1.29421 1.43427765 0.367037
v 1.29278 1.43451035 0.369813
v 1.33583 1.40903449 0.391311
v 1.29278 1.43451035 0.369813
v 1.33368 1.40970361 0.393667
v 1.3272 1.40701663 0.396251
v 1.28847 1.43050683 0.373663
v 1.28704 1.42762005 0.373439
v 1.3272 1.40701663 0.396251
v 1.28704 1.42762005 0.373439
v 1.32505 1.40456617 0.395607
v 1.29278 1.40275741 0.33928
v 1.23951 1.41607928 0.32647
v 1.24 1.41920042 0.326468
v 1.29278 1.40275741 0.33928
v 1.24 1.41920042 0.326468
v 1.29421 1.4056443 0.339504
v 1.23803 1.41136873 0.330999
v 1.28847 1.398754 0.34313
v 1.28704 1.39898658 0.345905
v 1.23803 1.41136873 0.330999
v 1.28704 1.39898658 0.345905
v 1.23753 1.41136706 0.334001
v 1.29421 1.43427765 0.367037
v 1.24 1.44783378 0.354002
v 1.23951 1.44783223 0.357003
v 1.29421 1.43427765 0.367037
v 1.23951 1.44783223 0.357003
v 1.29278 1.43451035 0.369813
v 1.28847 1.43050683 0.373663
v 1.23803 1.44312167 0.361533
v 1.23753 1.44000041 0.361534
v 1.28847 1.43050683 0.373663
v 1.23753 1.44000041 0.361534
v 1.28704 1.42762005 0.373439
v 1.23951 1.41607928 0.32647
v 1.18198 1.41588783 0.326654
v 1.18146 1.41900587 0.326655
v 1.23951 1.41607928 0.32647
v 1.18146 1.41900587 0.326655
v 1.24 1.41920042 0.326468
v 1.18355 1.41118765 0.331173
v 1.23803 1.41136873 0.330999
v 1.23753 1.41136706 0.334001
v 1.18355 1.41118765 0.331173
v 1.23753 1.41136706 0.334001
v 1.18407 1.41118932 0.334171
v 1.24 1.44783378 0.354002
v 1.18146 1.44763923 0.354189
v 1.18198 1.4476409 0.357187
v 1.24 1.44783378 0.354002
v 1.18198 1.4476409 0.357187
v 1.23951 1.44783223 0.357003
v 1.23803 1.44312167 0.361533
v 1.18355 1.44294047 0.361707
v 1.18407 1.43982279 0.361705
v 1.23803 1.44312167 0.361533
v 1.18407 1.43982279 0.361705
v 1.23753 1.44000041 0.361534
v 1.18198 1.41588783 0.326654
v 1.12895 1.40221262 0.339804
v 1.1275 1.40508997 0.340037
v 1.18198 1.41588783 0.326654
v 1.1275 1.40508997 0.340037
v 1.18146 1.41900587 0.326655
v 1.13334 1.39823806 0.343626
v 1.18355 1.41118765 0.331173
v 1.18407 1.41118932 0.334171
v 1.13334 1.39823806 0.343626
v 1.18407 1.41118932 0.334171
v 1.13479 1.39848042 0.346392
v 1.18146 1.44763923 0.354189
v 1.1275 1.43372333 0.36757
v 1.12895 1.43396568 0.370337
v 1.18146 1.44763923 0.354189
v 1.12895 1.43396568 0.370337
v 1.18198 1.4476409 0.357187
v 1.18355 1.44294047 0.361707
v 1.13334 1.42999101 0.374159
v 1.13479 1.42711377 0.373926
v 1.18355 1.44294047 0.361707
v 1.13479 1.42711377 0.373926
v 1.18407 1.43982279 0.361705
v 1.12895 1.40221262 0.339804
v 1.0885 1.37713552 0.363918
v 1.08633 1.37957156 0.364575
v 1.12895 1.40221262 0.339804
v 1.08633 1.37957156 0.364575
v 1.1275 1.40508997 0.340037
v 1.09503 1.37449157 0.36646
v 1.13334 1.39823806 0.343626
v 1.13479 1.39848042 0.346392
v 1.09503 1.37449157 0.36646
v 1.13479 1.39848042 0.346392
v 1.09719 1.375175 0.368802
v 1.1275 1.43372333 0.36757
v 1.08633 1.40820491 0.392108
v 1.0885 1.40888846 0.394451
v 1.1275 1.43372333 0.36757
v 1.0885 1.40888846 0.394451
v 1.12895 1.43396568 0.370337
v 1.13334 1.42999101 0.374159
v 1.09503 1.40624464 0.396993
v 1.09719 1.40380847 0.396336
v 1.13334 1.42999101 0.374159
v 1.09719 1.40380847 0.396336
v 1.13479 1.42711377 0.373926
v 1.0885 1.37713552 0.363918
v 1.06677 1.34447396 0.395324
v 1.06422 1.34633541 0.396534
v 1.0885 1.37713552 0.363918
v 1.06422 1.34633541 0.396534
v 1.08633 1.37957156 0.364575
v 1.07445 1.34356332 0.3962
v 1.09503 1.37449157 0.36646
v 1.09719 1.375175 0.368802
v 1.07445 1.34356332 0.3962
v 1.09719 1.375175 0.368802
v 1.077 1.34482145 0.39799
v 1.08633 1.40820491 0.392108
v 1.06422 1.37496889 0.424068
v 1.06677 1.37622678 0.425858
v 1.08633 1.40820491 0.392108
v 1.06677 1.37622678 0.425858
v 1.0885 1.40888846 0.394451
v 1.09503 1.40624464 0.396993
v 1.07445 1.37531638 0.426733
v 1.077 1.37345493 0.425523
v 1.09503 1.40624464 0.396993
v 1.077 1.37345493 0.425523
v 1.09719 1.40380847 0.396336
v 1.06677 1.34447396 0.395324
v 1.06708 1.30920064 0.429243
v 1.06454 1.31044149 0.431049
v 1.06677 1.34447396 0.395324
v 1.06454 1.31044149 0.431049
v 1.06422 1.34633541 0.396534
v 1.07475 1.31016207 0.428318
v 1.07445 1.34356332 0.3962
v 1.077 1.34482145 0.39799
v 1.07475 1.31016207 0.428318
v 1.077 1.34482145 0.39799
v 1.07729 1.31204057 0.429512
v 1.06422 1.37496889 0.424068
v 1.06454 1.33907509 0.458583
v 1.06708 1.34095347 0.459776
v 1.06422 1.37496889 0.424068
v 1.06708 1.34095347 0.459776
v 1.06677 1.37622678 0.425858
v 1.07445 1.37531638 0.426733
v 1.07475 1.34191501 0.458851
v 1.07729 1.34067392 0.457045
v 1.07445 1.37531638 0.426733
v 1.07729 1.34067392 0.457045
v 1.077 1.37345493 0.425523
v 1.06708 1.30920064 0.429243
v 1.08938 1.27668536 0.460509
v 1.08724 1.2773546 0.462865
v 1.06708 1.30920064 0.429243
v 1.08724 1.2773546 0.462865
v 1.06454 1.31044149 0.431049
v 1.09587 1.27937257 0.457925
v 1.07475 1.31016207 0.428318
v 1.07729 1.31204057 0.429512
v 1.09587 1.27937257 0.457925
v 1.07729 1.31204057 0.429512
v 1.09802 1.28182292 0.458568
v 1.06454 1.33907509 0.458583
v 1.08724 1.30598795 0.490399
v 1.08938 1.30843842 0.491042
v 1.06454 1.33907509 0.458583
v 1.08938 1.30843842 0.491042
v 1.06708 1.34095347 0.459776
v 1.07475 1.34191501 0.458851
v 1.09587 1.3111254 0.488458
v 1.09802 1.3104564 0.486102
v 1.07475 1.34191501 0.458851
v 1.09802 1.3104564 0.486102
v 1.07729 1.34067392 0.457045
v 1.08938 1.27668536 0.460509
v 1.13028 1.25187862 0.484363
v 1.12885 1.25211132 0.487139
v 1.08938 1.27668536 0.460509
v 1.12885 1.25211132 0.487139
v 1.08724 1.2773546 0.462865
v 1.1346 1.25588214 0.480513
v 1.09587 1.27937257 0.457925
v 1.09802 1.28182292 0.458568
v 1.1346 1.25588214 0.480513
v 1.09802 1.28182292 0.458568
v 1.13602 1.25876892 0.480737
v 1.08724 1.30598795 0.490399
v 1.12885 1.28074491 0.514672
v 1.13028 1.28363168 0.514896
v 1.08724 1.30598795 0.490399
v 1.13028 1.28363168 0.514896
v 1.08938 1.30843842 0.491042
v 1.09587 1.3111254 0.488458
v 1.1346 1.28763521 0.511046
v 1.13602 1.28740251 0.50827
v 1.09587 1.3111254 0.488458
v 1.13602 1.28740251 0.50827
v 1.09802 1.3104564 0.486102
v 1.13028 1.25187862 0.484363
v 1.18355 1.23855686 0.497173
v 1.18306 1.23855519 0.500174
v 1.13028 1.25187862 0.484363
v 1.18306 1.23855519 0.500174
v 1.12885 1.25211132 0.487139
v 1.18504 1.2432673 0.492643
v 1.1346 1.25588214 0.480513
v 1.13602 1.25876892 0.480737
v 1.18504 1.2432673 0.492643
v 1.13602 1.25876892 0.480737
v 1.18553 1.24638855 0.492642
v 1.12885 1.28074491 0.514672
v 1.18306 1.26718855 0.527708
v 1.18355 1.27030981 0.527706
v 1.12885 1.28074491 0.514672
v 1.18355 1.27030981 0.527706
v 1.13028 1.28363168 0.514896
v 1.1346 1.28763521 0.511046
v 1.18504 1.27502036 0.523176
v 1.18553 1.27502203 0.520175
v 1.1346 1.28763521 0.511046
v 1.18553 1.27502203 0.520175
v 1.13602 1.28740251 0.50827
v 1.18355 1.23855686 0.497173
v 1.24108 1.23874807 0.496989
v 1.2416 1.23874986 0.499987
v 1.18355 1.23855686 0.497173
v 1.2416 1.23874986 0.499987
v 1.18306 1.23855519 0.500174
v 1.23951 1.2434485 0.492469
v 1.18504 1.2432673 0.492643
v 1.18553 1.24638855 0.492642
v 1.23951 1.2434485 0.492469
v 1.18553 1.24638855 0.492642
v 1.23899 1.2465663 0.492471
v 1.18306 1.26718855 0.527708
v 1.2416 1.26738334 0.52752
v 1.24108 1.27050114 0.527522
v 1.18306 1.26718855 0.527708
v 1.24108 1.27050114 0.527522
v 1.18355 1.27030981 0.527706
v 1.18504 1.27502036 0.523176
v 1.23951 1.27520132 0.523002
v 1.23899 1.27519965 0.520004
v 1.18504 1.27502036 0.523176
v 1.23899 1.27519965 0.520004
v 1.18553 1.27502203 0.520175
v 1.24108 1.23874807 0.496989
v 1.29411 1.25242329 0.483839
v 1.29556 1.25266564 0.486606
v 1.24108 1.23874807 0.496989
v 1.29556 1.25266564 0.486606
v 1.2416 1.23874986 0.499987
v 1.28973 1.25639808 0.480017
v 1.23951 1.2434485 0.492469
v 1.23899 1.2465663 0.492471
v 1.28973 1.25639808 0.480017
v 1.23899 1.2465663 0.492471
v 1.28827 1.2592752 0.48025
v 1.2416 1.26738334 0.52752
v 1.29556 1.281299 0.514139
v 1.29411 1.28417635 0.514372
v 1.2416 1.26738334 0.52752
v 1.29411 1.28417635 0.514372
v 1.24108 1.27050114 0.527522
v 1.23951 1.27520132 0.523002
v 1.28973 1.28815091 0.51055
v 1.28827 1.28790879 0.507784
v 1.23951 1.27520132 0.523002
v 1.28827 1.28790879 0.507784
v 1.23899 1.27519965 0.520004
v 1.29411 1.25242329 0.483839
v 1.33457 1.27750063 0.459725
v 1.33673 1.27818406 0.462068
v 1.29411 1.25242329 0.483839
v 1.33673 1.27818406 0.462068
v 1.29556 1.25266564 0.486606
v 1.32804 1.28014433 0.457183
v 1.28973 1.25639808 0.480017
v 1.28827 1.2592752 0.48025
v 1.32804 1.28014433 0.457183
v 1.28827 1.2592752 0.48025
v 1.32587 1.28258049 0.45784
v 1.29556 1.281299 0.514139
v 1.33673 1.30681741 0.489601
v 1.33457 1.30925369 0.490258
v 1.29556 1.281299 0.514139
v 1.33457 1.30925369 0.490258
v 1.29411 1.28417635 0.514372
v 1.28973 1.28815091 0.51055
v 1.32804 1.3118974 0.487716
v 1.32587 1.31121397 0.485373
v 1.28973 1.28815091 0.51055
v 1.32587 1.31121397 0.485373
v 1.28827 1.28790879 0.507784
v 1.33457 1.27750063 0.459725
v 1.35629 1.31016219 0.428318
v 1.35884 1.31142008 0.430108
v 1.33457 1.27750063 0.459725
v 1.35884 1.31142008 0.430108
v 1.33673 1.27818406 0.462068
v 1.34861 1.31107259 0.427443
v 1.32804 1.28014433 0.457183
v 1.32587 1.28258049 0.45784
v 1.34861 1.31107259 0.427443
v 1.32587 1.28258049 0.45784
v 1.34606 1.31293416 0.428652
v 1.33673 1.30681741 0.489601
v 1.35884 1.34005356 0.457642
v 1.35629 1.34191513 0.458851
v 1.33673 1.30681741 0.489601
v 1.35629 1.34191513 0.458851
v 1.33457 1.30925369 0.490258
v 1.32804 1.3118974 0.487716
v 1.34861 1.34282565 0.457976
v 1.34606 1.34156752 0.456186
v 1.32804 1.3118974 0.487716
v 1.34606 1.34156752 0.456186
v 1.32587 1.31121397 0.485373
v 1.04723 1.39021039 0.405612
v 1.06093 1.37957585 0.395386
v 1.06093 1.3571198 0.373793
v 1.04723 1.39021039 0.405612
v 1.06093 1.3571198 0.373793
v 1.0455 1.3571198 0.373793
v 1.04723 1.39021039 0.405612
v 1.0455 1.26544249 0.525588
v 1.06093 1.26544249 0.525588
v 1.04723 1.39021039 0.405612
v 1.06093 1.26544249 0.525588
v 1.06093 1.37957585 0.415839
v 1.3684 1.51784253 -0.0162631
v 1.37474 1.51784253 -0.0162631
v 1.37474 1.51625526 -0.0120696
v 1.3684 1.51784253 -0.0162631
v 1.37474 1.51625526 -0.0120696
v 1.3684 1.51625526 -0.0120696
v 1.3684 1.52186167 -0.0184945
v 1.37474 1.52186167 -0.0184945
v 1.37474 1.51784253 -0.0162631
v 1.3684 1.52186167 -0.0184945
v 1.37474 1.51784253 -0.0162631
v 1.3684 1.51784253 -0.0162631
v 1.3684 1.52643216 -0.0177195
v 1.37474 1.52643216 -0.0177195
v 1.37474 1.52186167 -0.0184945
v 1.3684 1.52643216 -0.0177195
v 1.37474 1.52186167 -0.0184945
v 1.3684 1.52186167 -0.0184945
v 1.3684 1.52941537 -0.014301
v 1.37474 1.52941537 -0.014301
v 1.37474 1.52643216 -0.0177195
v 1.3684 1.52941537 -0.014301
v 1.37474 1.52643216 -0.0177195
v 1.3684 1.52643216 -0.0177195
v 1.3684 1.52941537 -0.00983824
v 1.37474 1.52941537 -0.00983824
v 1.37474 1.52941537 -0.014301
v 1.3684 1.52941537 -0.00983824
v 1.37474 1.52941537 -0.014301
v 1.3684 1.52941537 -0.014301
v 1.3684 1.52643216 -0.00641967
v 1.37474 1.52643216 -0.00641967
v 1.37474 1.52941537 -0.00983824
v 1.3684 1.52643216 -0.00641967
v 1.37474 1.52941537 -0.00983824
v 1.3684 1.52941537 -0.00983824
v 1.3684 1.52186167 -0.00564469
v 1.37474 1.52186167 -0.00564469
v 1.37474 1.52643216 -0.00641967
v 1.3684 1.52186167 -0.00564469
v 1.37474 1.52643216 -0.00641967
v 1.3684 1.52643216 -0.00641967
v 1.3684 1.51784253 -0.00787605
v 1.37474 1.51784253 -0.00787605
v 1.37474 1.52186167 -0.00564469
v 1.3684 1.51784253 -0.00787605
v 1.37474 1.52186167 -0.00564469
v 1.3684 1.52186167 -0.00564469
v 1.3684 1.51625526 -0.0120696
v 1.37474 1.51625526 -0.0120696
v 1.37474 1.51784253 -0.00787605
v 1.3684 1.51625526 -0.0120696
v 1.37474 1.51784253 -0.00787605
v 1.3684 1.51784253 -0.00787605
v 1.37647 1.5220623 -0.017401
v 1.40872 1.5220623 -0.017401
v 1.40872 1.51872718 -0.0155494
v 1.37647 1.5220623 -0.017401
v 1.40872 1.51872718 -0.0155494
v 1.37647 1.51872718 -0.0155494
v 1.37647 1.51872718 -0.0155494
v 1.40872 1.51872718 -0.0155494
v 1.40872 1.51740992 -0.0120696
v 1.37647 1.51872718 -0.0155494
v 1.40872 1.51740992 -0.0120696
v 1.37647 1.51740992 -0.0120696
v 1.37647 1.51740992 -0.0120696
v 1.40872 1.51740992 -0.0120696
v 1.40872 1.51872718 -0.00858976
v 1.37647 1.51740992 -0.0120696
v 1.40872 1.51872718 -0.00858976
v 1.37647 1.51872718 -0.00858976
v 1.37647 1.51872718 -0.00858976
v 1.40872 1.51872718 -0.00858976
v 1.40872 1.5220623 -0.00673814
v 1.37647 1.51872718 -0.00858976
v 1.40872 1.5220623 -0.00673814
v 1.37647 1.5220623 -0.00673814
v 1.37647 1.5220623 -0.00673814
v 1.40872 1.5220623 -0.00673814
v 1.40872 1.52585495 -0.00738122
v 1.37647 1.5220623 -0.00673814
v 1.40872 1.52585495 -0.00738122
v 1.37647 1.52585495 -0.00738122
v 1.37647 1.52585495 -0.00738122
v 1.40872 1.52585495 -0.00738122
v 1.40872 1.52833033 -0.010218
v 1.37647 1.52585495 -0.00738122
v 1.40872 1.52833033 -0.010218
v 1.37647 1.52833033 -0.010218
v 1.37647 1.52833033 -0.010218
v 1.40872 1.52833033 -0.010218
v 1.40872 1.52833033 -0.0139212
v 1.37647 1.52833033 -0.010218
v 1.40872 1.52833033 -0.0139212
v 1.37647 1.52833033 -0.0139212
v 1.37647 1.52833033 -0.0139212
v 1.40872 1.52833033 -0.0139212
v 1.40872 1.52585495 -0.016758
v 1.37647 1.52833033 -0.0139212
v 1.40872 1.52585495 -0.016758
v 1.37647 1.52585495 -0.016758
v 1.37647 1.52585495 -0.016758
v 1.40872 1.52585495 -0.016758
v 1.40872 1.5220623 -0.017401
v 1.37647 1.52585495 -0.016758
v 1.40872 1.5220623 -0.017401
v 1.37647 1.5220623 -0.017401
v 1.37647 1.51868355 -0.0155845
v 1.37647 1.51872718 -0.0155494
v 1.37647 1.51740992 -0.0120696
v 1.37647 1.51868355 -0.0155845
v 1.37647 1.51740992 -0.0120696
v 1.37647 1.51735318 -0.0120696
v 1.37647 1.52205241 -0.0174548
v 1.37647 1.5220623 -0.017401
v 1.37647 1.51872718 -0.0155494
v 1.37647 1.52205241 -0.0174548
v 1.37647 1.51872718 -0.0155494
v 1.37647 1.51868355 -0.0155845
v 1.37647 1.5258832 -0.0168052
v 1.37647 1.52585495 -0.016758
v 1.37647 1.5220623 -0.017401
v 1.37647 1.5258832 -0.0168052
v 1.37647 1.5220623 -0.017401
v 1.37647 1.52205241 -0.0174548
v 1.37647 1.52838373 -0.0139398
v 1.37647 1.52833033 -0.0139212
v 1.37647 1.52585495 -0.016758
v 1.37647 1.52838373 -0.0139398
v 1.37647 1.52585495 -0.016758
v 1.37647 1.5258832 -0.0168052
v 1.37647 1.52838373 -0.0101993
v 1.37647 1.52833033 -0.010218
v 1.37647 1.52833033 -0.0139212
v 1.37647 1.52838373 -0.0101993
v 1.37647 1.52833033 -0.0139212
v 1.37647 1.52838373 -0.0139398
v 1.37647 1.5258832 -0.00733395
v 1.37647 1.52585495 -0.00738122
v 1.37647 1.52833033 -0.010218
v 1.37647 1.5258832 -0.00733395
v 1.37647 1.52833033 -0.010218
v 1.37647 1.52838373 -0.0101993
v 1.37647 1.52205241 -0.00668444
v 1.37647 1.5220623 -0.00673814
v 1.37647 1.52585495 -0.00738122
v 1.37647 1.52205241 -0.00668444
v 1.37647 1.52585495 -0.00738122
v 1.37647 1.5258832 -0.00733395
v 1.37647 1.51868355 -0.00855465
v 1.37647 1.51872718 -0.00858976
v 1.37647 1.5220623 -0.00673814
v 1.37647 1.51868355 -0.00855465
v 1.37647 1.5220623 -0.00673814
v 1.37647 1.52205241 -0.00668444
v 1.37647 1.51735318 -0.0120696
v 1.37647 1.51740992 -0.0120696
v 1.37647 1.51872718 -0.00858976
v 1.37647 1.51735318 -0.0120696
v 1.37647 1.51872718 -0.00858976
v 1.37647 1.51868355 -0.00855465
v 1.36708 1.51632059 -0.0120696
v 1.36708 1.51789272 -0.0162227
v 1.36824 1.51757479 -0.0164792
v 1.36708 1.51632059 -0.0120696
v 1.36824 1.51757479 -0.0164792
v 1.36824 1.51590562 -0.0120696
v 1.37601 1.51632965 -0.0120696
v 1.37601 1.51789951 -0.0162171
v 1.37647 1.51868355 -0.0155845
v 1.37601 1.51632965 -0.0120696
v 1.37647 1.51868355 -0.0155845
v 1.37647 1.51735318 -0.0120696
v 1.36708 1.51789272 -0.0162227
v 1.36708 1.52187312 -0.0184325
v 1.36824 1.52180111 -0.0188255
v 1.36708 1.51789272 -0.0162227
v 1.36824 1.52180111 -0.0188255
v 1.36824 1.51757479 -0.0164792
v 1.37601 1.51789951 -0.0162171
v 1.37601 1.52187467 -0.018424
v 1.37647 1.52205241 -0.0174548
v 1.37601 1.51789951 -0.0162171
v 1.37647 1.52205241 -0.0174548
v 1.37647 1.51868355 -0.0155845
v 1.36708 1.52187312 -0.0184325
v 1.36708 1.52639937 -0.017665
v 1.36824 1.52660704 -0.0180106
v 1.36708 1.52187312 -0.0184325
v 1.36824 1.52660704 -0.0180106
v 1.36824 1.52180111 -0.0188255
v 1.37601 1.52187467 -0.018424
v 1.37601 1.52639496 -0.0176576
v 1.37647 1.5258832 -0.0168052
v 1.37601 1.52187467 -0.018424
v 1.37647 1.5258832 -0.0168052
v 1.37647 1.52205241 -0.0174548
v 1.36708 1.52639937 -0.017665
v 1.36708 1.52935386 -0.0142794
v 1.36824 1.52974379 -0.0144159
v 1.36708 1.52639937 -0.017665
v 1.36824 1.52974379 -0.0144159
v 1.36824 1.52660704 -0.0180106
v 1.37601 1.52639496 -0.0176576
v 1.37601 1.52934539 -0.0142765
v 1.37647 1.52838373 -0.0139398
v 1.37601 1.52639496 -0.0176576
v 1.37647 1.52838373 -0.0139398
v 1.37647 1.5258832 -0.0168052
v 1.36708 1.52935386 -0.0142794
v 1.36708 1.52935386 -0.00985976
v 1.36824 1.52974379 -0.00972326
v 1.36708 1.52935386 -0.0142794
v 1.36824 1.52974379 -0.00972326
v 1.36824 1.52974379 -0.0144159
v 1.37601 1.52934539 -0.0142765
v 1.37601 1.52934539 -0.00986268
v 1.37647 1.52838373 -0.0101993
v 1.37601 1.52934539 -0.0142765
v 1.37647 1.52838373 -0.0101993
v 1.37647 1.52838373 -0.0139398
v 1.36708 1.52935386 -0.00985976
v 1.36708 1.52639937 -0.00647409
v 1.36824 1.52660704 -0.00612856
v 1.36708 1.52935386 -0.00985976
v 1.36824 1.52660704 -0.00612856
v 1.36824 1.52974379 -0.00972326
v 1.37601 1.52934539 -0.00986268
v 1.37601 1.52639496 -0.0064816
v 1.37647 1.5258832 -0.00733395
v 1.37601 1.52934539 -0.00986268
v 1.37647 1.5258832 -0.00733395
v 1.37647 1.52838373 -0.0101993
v 1.36708 1.52639937 -0.00647409
v 1.36708 1.52187312 -0.00570668
v 1.36824 1.52180111 -0.00531365
v 1.36708 1.52639937 -0.00647409
v 1.36824 1.52180111 -0.00531365
v 1.36824 1.52660704 -0.00612856
v 1.37601 1.52639496 -0.0064816
v 1.37601 1.52187467 -0.00571515
v 1.37647 1.52205241 -0.00668444
v 1.37601 1.52639496 -0.0064816
v 1.37647 1.52205241 -0.00668444
v 1.37647 1.5258832 -0.00733395
v 1.36708 1.52187312 -0.00570668
v 1.36708 1.51789272 -0.00791646
v 1.36824 1.51757479 -0.00765999
v 1.36708 1.52187312 -0.00570668
v 1.36824 1.51757479 -0.00765999
v 1.36824 1.52180111 -0.00531365
v 1.37601 1.52187467 -0.00571515
v 1.37601 1.51789951 -0.00792201
v 1.37647 1.51868355 -0.00855465
v 1.37601 1.52187467 -0.00571515
v 1.37647 1.51868355 -0.00855465
v 1.37647 1.52205241 -0.00668444
v 1.36708 1.51789272 -0.00791646
v 1.36708 1.51632059 -0.0120696
v 1.36824 1.51590562 -0.0120696
v 1.36708 1.51789272 -0.00791646
v 1.36824 1.51590562 -0.0120696
v 1.36824 1.51757479 -0.00765999
v 1.37601 1.51789951 -0.00792201
v 1.37601 1.51632965 -0.0120696
v 1.37647 1.51735318 -0.0120696
v 1.37601 1.51789951 -0.00792201
v 1.37647 1.51735318 -0.0120696
v 1.37647 1.51868355 -0.00855465
v 1.36708 1.51632059 -0.0120696
v 1.36653 1.51734722 -0.0120696
v 1.36653 1.5186789 -0.0155882
v 1.36708 1.51632059 -0.0120696
v 1.36653 1.5186789 -0.0155882
v 1.36708 1.51789272 -0.0162227
v 1.37601 1.51632965 -0.0120696
v 1.37491 1.51590562 -0.0120696
v 1.37491 1.51757479 -0.0164792
v 1.37601 1.51632965 -0.0120696
v 1.37491 1.51757479 -0.0164792
v 1.37601 1.51789951 -0.0162171
v 1.36708 1.51789272 -0.0162227
v 1.36653 1.5186789 -0.0155882
v 1.36653 1.52205133 -0.0174604
v 1.36708 1.51789272 -0.0162227
v 1.36653 1.52205133 -0.0174604
v 1.36708 1.52187312 -0.0184325
v 1.37601 1.51789951 -0.0162171
v 1.37491 1.51757479 -0.0164792
v 1.37491 1.52180111 -0.0188255
v 1.37601 1.51789951 -0.0162171
v 1.37491 1.52180111 -0.0188255
v 1.37601 1.52187467 -0.018424
v 1.36708 1.52187312 -0.0184325
v 1.36653 1.52205133 -0.0174604
v 1.36653 1.5258863 -0.0168103
v 1.36708 1.52187312 -0.0184325
v 1.36653 1.5258863 -0.0168103
v 1.36708 1.52639937 -0.017665
v 1.37601 1.52187467 -0.018424
v 1.37491 1.52180111 -0.0188255
v 1.37491 1.52660704 -0.0180106
v 1.37601 1.52187467 -0.018424
v 1.37491 1.52660704 -0.0180106
v 1.37601 1.52639496 -0.0176576
v 1.36708 1.52639937 -0.017665
v 1.36653 1.5258863 -0.0168103
v 1.36653 1.52838922 -0.0139418
v 1.36708 1.52639937 -0.017665
v 1.36653 1.52838922 -0.0139418
v 1.36708 1.52935386 -0.0142794
v 1.37601 1.52639496 -0.0176576
v 1.37491 1.52660704 -0.0180106
v 1.37491 1.52974379 -0.0144159
v 1.37601 1.52639496 -0.0176576
v 1.37491 1.52974379 -0.0144159
v 1.37601 1.52934539 -0.0142765
v 1.36708 1.52935386 -0.0142794
v 1.36653 1.52838922 -0.0139418
v 1.36653 1.52838922 -0.0101974
v 1.36708 1.52935386 -0.0142794
v 1.36653 1.52838922 -0.0101974
v 1.36708 1.52935386 -0.00985976
v 1.37601 1.52934539 -0.0142765
v 1.37491 1.52974379 -0.0144159
v 1.37491 1.52974379 -0.00972326
v 1.37601 1.52934539 -0.0142765
v 1.37491 1.52974379 -0.00972326
v 1.37601 1.52934539 -0.00986268
v 1.36708 1.52935386 -0.00985976
v 1.36653 1.52838922 -0.0101974
v 1.36653 1.5258863 -0.00732894
v 1.36708 1.52935386 -0.00985976
v 1.36653 1.5258863 -0.00732894
v 1.36708 1.52639937 -0.00647409
v 1.37601 1.52934539 -0.00986268
v 1.37491 1.52974379 -0.00972326
v 1.37491 1.52660704 -0.00612856
v 1.37601 1.52934539 -0.00986268
v 1.37491 1.52660704 -0.00612856
v 1.37601 1.52639496 -0.0064816
v 1.36708 1.52639937 -0.00647409
v 1.36653 1.5258863 -0.00732894
v 1.36653 1.52205133 -0.00667872
v 1.36708 1.52639937 -0.00647409
v 1.36653 1.52205133 -0.00667872
v 1.36708 1.52187312 -0.00570668
v 1.37601 1.52639496 -0.0064816
v 1.37491 1.52660704 -0.00612856
v 1.37491 1.52180111 -0.00531365
v 1.37601 1.52639496 -0.0064816
v 1.37491 1.52180111 -0.00531365
v 1.37601 1.52187467 -0.00571515
v 1.36708 1.52187312 -0.00570668
v 1.36653 1.52205133 -0.00667872
v 1.36653 1.5186789 -0.00855096
v 1.36708 1.52187312 -0.00570668
v 1.36653 1.5186789 -0.00855096
v 1.36708 1.51789272 -0.00791646
v 1.37601 1.52187467 -0.00571515
v 1.37491 1.52180111 -0.00531365
v 1.37491 1.51757479 -0.00765999
v 1.37601 1.52187467 -0.00571515
v 1.37491 1.51757479 -0.00765999
v 1.37601 1.51789951 -0.00792201
v 1.36708 1.51789272 -0.00791646
v 1.36653 1.5186789 -0.00855096
v 1.36653 1.51734722 -0.0120696
v 1.36708 1.51789272 -0.00791646
v 1.36653 1.51734722 -0.0120696
v 1.36708 1.51632059 -0.0120696
v 1.37601 1.51789951 -0.00792201
v 1.37491 1.51757479 -0.00765999
v 1.37491 1.51590562 -0.0120696
v 1.37601 1.51789951 -0.00792201
v 1.37491 1.51590562 -0.0120696
v 1.37601 1.51632965 -0.0120696
v 1.36698 1.51897883 -0.0153463
v 1.36653 1.5186789 -0.0155882
v 1.36653 1.51734722 -0.0120696
v 1.36698 1.51897883 -0.0153463
v 1.36653 1.51734722 -0.0120696
v 1.36698 1.51773858 -0.0120696
v 1.36698 1.52211928 -0.0170898
v 1.36653 1.52205133 -0.0174604
v 1.36653 1.5186789 -0.0155882
v 1.36698 1.52211928 -0.0170898
v 1.36653 1.5186789 -0.0155882
v 1.36698 1.51897883 -0.0153463
v 1.36698 1.52569044 -0.0164843
v 1.36653 1.5258863 -0.0168103
v 1.36653 1.52205133 -0.0174604
v 1.36698 1.52569044 -0.0164843
v 1.36653 1.52205133 -0.0174604
v 1.36698 1.52211928 -0.0170898
v 1.36698 1.52802145 -0.0138131
v 1.36653 1.52838922 -0.0139418
v 1.36653 1.5258863 -0.0168103
v 1.36698 1.52802145 -0.0138131
v 1.36653 1.5258863 -0.0168103
v 1.36698 1.52569044 -0.0164843
v 1.36698 1.52802145 -0.010326
v 1.36653 1.52838922 -0.0101974
v 1.36653 1.52838922 -0.0139418
v 1.36698 1.52802145 -0.010326
v 1.36653 1.52838922 -0.0139418
v 1.36698 1.52802145 -0.0138131
v 1.36698 1.52569044 -0.00765486
v 1.36653 1.5258863 -0.00732894
v 1.36653 1.52838922 -0.0101974
v 1.36698 1.52569044 -0.00765486
v 1.36653 1.52838922 -0.0101974
v 1.36698 1.52802145 -0.010326
v 1.36698 1.52211928 -0.0070494
v 1.36653 1.52205133 -0.00667872
v 1.36653 1.5258863 -0.00732894
v 1.36698 1.52211928 -0.0070494
v 1.36653 1.5258863 -0.00732894
v 1.36698 1.52569044 -0.00765486
v 1.36698 1.51897883 -0.00879289
v 1.36653 1.5186789 -0.00855096
v 1.36653 1.52205133 -0.00667872
v 1.36698 1.51897883 -0.00879289
v 1.36653 1.52205133 -0.00667872
v 1.36698 1.52211928 -0.0070494
v 1.36698 1.51773858 -0.0120696
v 1.36653 1.51734722 -0.0120696
v 1.36653 1.5186789 -0.00855096
v 1.36698 1.51773858 -0.0120696
v 1.36653 1.5186789 -0.00855096
v 1.36698 1.51897883 -0.00879289
v 1.36635 1.52006876 -0.0144669
v 1.36698 1.51897883 -0.0153463
v 1.36698 1.51773858 -0.0120696
v 1.36635 1.52006876 -0.0144669
v 1.36698 1.51773858 -0.0120696
v 1.36635 1.51916134 -0.0120696
v 1.36635 1.5223664 -0.0157425
v 1.36698 1.52211928 -0.0170898
v 1.36698 1.51897883 -0.0153463
v 1.36635 1.5223664 -0.0157425
v 1.36698 1.51897883 -0.0153463
v 1.36635 1.52006876 -0.0144669
v 1.36635 1.52497911 -0.0152995
v 1.36698 1.52569044 -0.0164843
v 1.36698 1.52211928 -0.0170898
v 1.36635 1.52497911 -0.0152995
v 1.36698 1.52211928 -0.0170898
v 1.36635 1.5223664 -0.0157425
v 1.36635 1.52668452 -0.0133451
v 1.36698 1.52802145 -0.0138131
v 1.36698 1.52569044 -0.0164843
v 1.36635 1.52668452 -0.0133451
v 1.36698 1.52569044 -0.0164843
v 1.36635 1.52497911 -0.0152995
v 1.36635 1.52668452 -0.010794
v 1.36698 1.52802145 -0.010326
v 1.36698 1.52802145 -0.0138131
v 1.36635 1.52668452 -0.010794
v 1.36698 1.52802145 -0.0138131
v 1.36635 1.52668452 -0.0133451
v 1.36635 1.52497911 -0.00883968
v 1.36698 1.52569044 -0.00765486
v 1.36698 1.52802145 -0.010326
v 1.36635 1.52497911 -0.00883968
v 1.36698 1.52802145 -0.010326
v 1.36635 1.52668452 -0.010794
v 1.36635 1.5223664 -0.0083967
v 1.36698 1.52211928 -0.0070494
v 1.36698 1.52569044 -0.00765486
v 1.36635 1.5223664 -0.0083967
v 1.36698 1.52569044 -0.00765486
v 1.36635 1.52497911 -0.00883968
v 1.36635 1.52006876 -0.0096723
v 1.36698 1.51897883 -0.00879289
v 1.36698 1.52211928 -0.0070494
v 1.36635 1.52006876 -0.0096723
v 1.36698 1.52211928 -0.0070494
v 1.36635 1.5223664 -0.0083967
v 1.36635 1.51916134 -0.0120696
v 1.36698 1.51773858 -0.0120696
v 1.36698 1.51897883 -0.00879289
v 1.36635 1.51916134 -0.0120696
v 1.36698 1.51897883 -0.00879289
v 1.36635 1.52006876 -0.0096723
v 1.37474 1.51784253 -0.0162631
v 1.37491 1.51757479 -0.0164792
v 1.37491 1.51590562 -0.0120696
v 1.37474 1.51784253 -0.0162631
v 1.37491 1.51590562 -0.0120696
v 1.37474 1.51625526 -0.0120696
v 1.3684 1.51625526 -0.0120696
v 1.36824 1.51590562 -0.0120696
v 1.36824 1.51757479 -0.0164792
v 1.3684 1.51625526 -0.0120696
v 1.36824 1.51757479 -0.0164792
v 1.3684 1.51784253 -0.0162631
v 1.37474 1.52186167 -0.0184945
v 1.37491 1.52180111 -0.0188255
v 1.37491 1.51757479 -0.0164792
v 1.37474 1.52186167 -0.0184945
v 1.37491 1.51757479 -0.0164792
v 1.37474 1.51784253 -0.0162631
v 1.3684 1.51784253 -0.0162631
v 1.36824 1.51757479 -0.0164792
v 1.36824 1.52180111 -0.0188255
v 1.3684 1.51784253 -0.0162631
v 1.36824 1.52180111 -0.0188255
v 1.3684 1.52186167 -0.0184945
v 1.37474 1.52643216 -0.0177195
v 1.37491 1.52660704 -0.0180106
v 1.37491 1.52180111 -0.0188255
v 1.37474 1.52643216 -0.0177195
v 1.37491 1.52180111 -0.0188255
v 1.37474 1.52186167 -0.0184945
v 1.3684 1.52186167 -0.0184945
v 1.36824 1.52180111 -0.0188255
v 1.36824 1.52660704 -0.0180106
v 1.3684 1.52186167 -0.0184945
v 1.36824 1.52660704 -0.0180106
v 1.3684 1.52643216 -0.0177195
v 1.37474 1.52941537 -0.014301
v 1.37491 1.52974379 -0.0144159
v 1.37491 1.52660704 -0.0180106
v 1.37474 1.52941537 -0.014301
v 1.37491 1.52660704 -0.0180106
v 1.37474 1.52643216 -0.0177195
v 1.3684 1.52643216 -0.0177195
v 1.36824 1.52660704 -0.0180106
v 1.36824 1.52974379 -0.0144159
v 1.3684 1.52643216 -0.0177195
v 1.36824 1.52974379 -0.0144159
v 1.3684 1.52941537 -0.014301
v 1.37474 1.52941537 -0.00983824
v 1.37491 1.52974379 -0.00972326
v 1.37491 1.52974379 -0.0144159
v 1.37474 1.52941537 -0.00983824
v 1.37491 1.52974379 -0.0144159
v 1.37474 1.52941537 -0.014301
v 1.3684 1.52941537 -0.014301
v 1.36824 1.52974379 -0.0144159
v 1.36824 1.52974379 -0.00972326
v 1.3684 1.52941537 -0.014301
v 1.36824 1.52974379 -0.00972326
v 1.3684 1.52941537 -0.00983824
v 1.37474 1.52643216 -0.00641967
v 1.37491 1.52660704 -0.00612856
v 1.37491 1.52974379 -0.00972326
v 1.37474 1.52643216 -0.00641967
v 1.37491 1.52974379 -0.00972326
v 1.37474 1.52941537 -0.00983824
v 1.3684 1.52941537 -0.00983824
v 1.36824 1.52974379 -0.00972326
v 1.36824 1.52660704 -0.00612856
v 1.3684 1.52941537 -0.00983824
v 1.36824 1.52660704 -0.00612856
v 1.3684 1.52643216 -0.00641967
v 1.37474 1.52186167 -0.00564469
v 1.37491 1.52180111 -0.00531365
v 1.37491 1.52660704 -0.00612856
v 1.37474 1.52186167 -0.00564469
v 1.37491 1.52660704 -0.00612856
v 1.37474 1.52643216 -0.00641967
v 1.3684 1.52643216 -0.00641967
v 1.36824 1.52660704 -0.00612856
v 1.36824 1.52180111 -0.00531365
v 1.3684 1.52643216 -0.00641967
v 1.36824 1.52180111 -0.00531365
v 1.3684 1.52186167 -0.00564469
v 1.37474 1.51784253 -0.00787605
v 1.37491 1.51757479 -0.00765999
v 1.37491 1.52180111 -0.00531365
v 1.37474 1.51784253 -0.00787605
v 1.37491 1.52180111 -0.00531365
v 1.37474 1.52186167 -0.00564469
v 1.3684 1.52186167 -0.00564469
v 1.36824 1.52180111 -0.00531365
v 1.36824 1.51757479 -0.00765999
v 1.3684 1.52186167 -0.00564469
v 1.36824 1.51757479 -0.00765999
v 1.3684 1.51784253 -0.00787605
v 1.37474 1.51625526 -0.0120696
v 1.37491 1.51590562 -0.0120696
v 1.37491 1.51757479 -0.00765999
v 1.37474 1.51625526 -0.0120696
v 1.37491 1.51757479 -0.00765999
v 1.37474 1.51784253 -0.00787605
v 1.3684 1.51784253 -0.00787605
v 1.36824 1.51757479 -0.00765999
v 1.36824 1.51590562 -0.0120696
v 1.3684 1.51784253 -0.00787605
v 1.36824 1.51590562 -0.0120696
v 1.3684 1.51625526 -0.0120696
v 1.34962 1.48789871 0.262264
v 1.36154 1.48789871 0.262264
v 1.36154 1.48491502 0.270147
v 1.34962 1.48789871 0.262264
v 1.36154 1.48491502 0.270147
v 1.34962 1.48491502 0.270147
v 1.34962 1.4954536 0.25807
v 1.36154 1.4954536 0.25807
v 1.36154 1.48789871 0.262264
v 1.34962 1.4954536 0.25807
v 1.36154 1.48789871 0.262264
v 1.34962 1.48789871 0.262264
v 1.34962 1.50404453 0.259526
v 1.36154 1.50404453 0.259526
v 1.36154 1.4954536 0.25807
v 1.34962 1.50404453 0.259526
v 1.36154 1.4954536 0.25807
v 1.34962 1.4954536 0.25807
v 1.34962 1.50965202 0.265952
v 1.36154 1.50965202 0.265952
v 1.36154 1.50404453 0.259526
v 1.34962 1.50965202 0.265952
v 1.36154 1.50404453 0.259526
v 1.34962 1.50404453 0.259526
v 1.34962 1.50965202 0.274341
v 1.36154 1.50965202 0.274341
v 1.36154 1.50965202 0.265952
v 1.34962 1.50965202 0.274341
v 1.36154 1.50965202 0.265952
v 1.34962 1.50965202 0.265952
v 1.34962 1.50404453 0.280767
v 1.36154 1.50404453 0.280767
v 1.36154 1.50965202 0.274341
v 1.34962 1.50404453 0.280767
v 1.36154 1.50965202 0.274341
v 1.34962 1.50965202 0.274341
v 1.34962 1.4954536 0.282223
v 1.36154 1.4954536 0.282223
v 1.36154 1.50404453 0.280767
v 1.34962 1.4954536 0.282223
v 1.36154 1.50404453 0.280767
v 1.34962 1.50404453 0.280767
v 1.34962 1.48789871 0.278029
v 1.36154 1.48789871 0.278029
v 1.36154 1.4954536 0.282223
v 1.34962 1.48789871 0.278029
v 1.36154 1.4954536 0.282223
v 1.34962 1.4954536 0.282223
v 1.34962 1.48491502 0.270147
v 1.36154 1.48491502 0.270147
v 1.36154 1.48789871 0.278029
v 1.34962 1.48491502 0.270147
v 1.36154 1.48789871 0.278029
v 1.34962 1.48789871 0.278029
v 1.36479 1.49583042 0.260125
v 1.4254 1.49583042 0.260125
v 1.4254 1.48956144 0.263605
v 1.36479 1.49583042 0.260125
v 1.4254 1.48956144 0.263605
v 1.36479 1.48956144 0.263605
v 1.36479 1.48956144 0.263605
v 1.4254 1.48956144 0.263605
v 1.4254 1.48708558 0.270147
v 1.36479 1.48956144 0.263605
v 1.4254 1.48708558 0.270147
v 1.36479 1.48708558 0.270147
v 1.36479 1.48708558 0.270147
v 1.4254 1.48708558 0.270147
v 1.4254 1.48956144 0.276688
v 1.36479 1.48708558 0.270147
v 1.4254 1.48956144 0.276688
v 1.36479 1.48956144 0.276688
v 1.36479 1.48956144 0.276688
v 1.4254 1.48956144 0.276688
v 1.4254 1.49583042 0.280168
v 1.36479 1.48956144 0.276688
v 1.4254 1.49583042 0.280168
v 1.36479 1.49583042 0.280168
v 1.36479 1.49583042 0.280168
v 1.4254 1.49583042 0.280168
v 1.4254 1.50295937 0.278959
v 1.36479 1.49583042 0.280168
v 1.4254 1.50295937 0.278959
v 1.36479 1.50295937 0.278959
v 1.36479 1.50295937 0.278959
v 1.4254 1.50295937 0.278959
v 1.4254 1.50761247 0.273627
v 1.36479 1.50295937 0.278959
v 1.4254 1.50761247 0.273627
v 1.36479 1.50761247 0.273627
v 1.36479 1.50761247 0.273627
v 1.4254 1.50761247 0.273627
v 1.4254 1.50761247 0.266666
v 1.36479 1.50761247 0.273627
v 1.4254 1.50761247 0.266666
v 1.36479 1.50761247 0.266666
v 1.36479 1.50761247 0.266666
v 1.4254 1.50761247 0.266666
v 1.4254 1.50295937 0.261334
v 1.36479 1.50761247 0.266666
v 1.4254 1.50295937 0.261334
v 1.36479 1.50295937 0.261334
v 1.36479 1.50295937 0.261334
v 1.4254 1.50295937 0.261334
v 1.4254 1.49583042 0.260125
v 1.36479 1.50295937 0.261334
v 1.4254 1.49583042 0.260125
v 1.36479 1.49583042 0.260125
v 1.36479 1.48947966 0.26354
v 1.36479 1.48956144 0.263605
v 1.36479 1.48708558 0.270147
v 1.36479 1.48947966 0.26354
v 1.36479 1.48708558 0.270147
v 1.36479 1.48697889 0.270147
v 1.36479 1.49581194 0.260024
v 1.36479 1.49583042 0.260125
v 1.36479 1.48956144 0.263605
v 1.36479 1.49581194 0.260024
v 1.36479 1.48956144 0.263605
v 1.36479 1.48947966 0.26354
v 1.36479 1.50301278 0.261245
v 1.36479 1.50295937 0.261334
v 1.36479 1.49583042 0.260125
v 1.36479 1.50301278 0.261245
v 1.36479 1.49583042 0.260125
v 1.36479 1.49581194 0.260024
v 1.36479 1.5077126 0.266631
v 1.36479 1.50761247 0.266666
v 1.36479 1.50295937 0.261334
v 1.36479 1.5077126 0.266631
v 1.36479 1.50295937 0.261334
v 1.36479 1.50301278 0.261245
v 1.36479 1.5077126 0.273662
v 1.36479 1.50761247 0.273627
v 1.36479 1.50761247 0.266666
v 1.36479 1.5077126 0.273662
v 1.36479 1.50761247 0.266666
v 1.36479 1.5077126 0.266631
v 1.36479 1.50301278 0.279048
v 1.36479 1.50295937 0.278959
v 1.36479 1.50761247 0.273627
v 1.36479 1.50301278 0.279048
v 1.36479 1.50761247 0.273627
v 1.36479 1.5077126 0.273662
v 1.36479 1.49581194 0.280269
v 1.36479 1.49583042 0.280168
v 1.36479 1.50295937 0.278959
v 1.36479 1.49581194 0.280269
v 1.36479 1.50295937 0.278959
v 1.36479 1.50301278 0.279048
v 1.36479 1.48947966 0.276754
v 1.36479 1.48956144 0.276688
v 1.36479 1.49583042 0.280168
v 1.36479 1.48947966 0.276754
v 1.36479 1.49583042 0.280168
v 1.36479 1.49581194 0.280269
v 1.36479 1.48697889 0.270147
v 1.36479 1.48708558 0.270147
v 1.36479 1.48956144 0.276688
v 1.36479 1.48697889 0.270147
v 1.36479 1.48956144 0.276688
v 1.36479 1.48947966 0.276754
v 1.34714 1.48503804 0.270147
v 1.34714 1.48799288 0.26234
v 1.34931 1.48739529 0.261858
v 1.34714 1.48503804 0.270147
v 1.34931 1.48739529 0.261858
v 1.34931 1.48425794 0.270147
v 1.36393 1.48505485 0.270147
v 1.36393 1.48800576 0.26235
v 1.36479 1.48947966 0.26354
v 1.36393 1.48505485 0.270147
v 1.36479 1.48947966 0.26354
v 1.36479 1.48697889 0.270147
v 1.34714 1.48799288 0.26234
v 1.34714 1.49547482 0.258186
v 1.34931 1.49533939 0.257447
v 1.34714 1.48799288 0.26234
v 1.34931 1.49533939 0.257447
v 1.34931 1.48739529 0.261858
v 1.36393 1.48800576 0.26235
v 1.36393 1.49547791 0.258202
v 1.36479 1.49581194 0.260024
v 1.36393 1.48800576 0.26235
v 1.36479 1.49581194 0.260024
v 1.36479 1.48947966 0.26354
v 1.34714 1.49547482 0.258186
v 1.34714 1.50398314 0.259629
v 1.34931 1.50437319 0.258979
v 1.34714 1.49547482 0.258186
v 1.34931 1.50437319 0.258979
v 1.34931 1.49533939 0.257447
v 1.36393 1.49547791 0.258202
v 1.36393 1.5039748 0.259643
v 1.36479 1.50301278 0.261245
v 1.36393 1.49547791 0.258202
v 1.36479 1.50301278 0.261245
v 1.36479 1.49581194 0.260024
v 1.34714 1.50398314 0.259629
v 1.34714 1.5095365 0.265993
v 1.34931 1.5102694 0.265736
v 1.34714 1.50398314 0.259629
v 1.34931 1.5102694 0.265736
v 1.34931 1.50437319 0.258979
v 1.36393 1.5039748 0.259643
v 1.36393 1.50952077 0.265998
v 1.36479 1.5077126 0.266631
v 1.36393 1.5039748 0.259643
v 1.36479 1.5077126 0.266631
v 1.36479 1.50301278 0.261245
v 1.34714 1.5095365 0.265993
v 1.34714 1.5095365 0.2743
v 1.34931 1.5102694 0.274557
v 1.34714 1.5095365 0.265993
v 1.34931 1.5102694 0.274557
v 1.34931 1.5102694 0.265736
v 1.36393 1.50952077 0.265998
v 1.36393 1.50952077 0.274295
v 1.36479 1.5077126 0.273662
v 1.36393 1.50952077 0.265998
v 1.36479 1.5077126 0.273662
v 1.36479 1.5077126 0.266631
v 1.34714 1.5095365 0.2743
v 1.34714 1.50398314 0.280664
v 1.34931 1.50437319 0.281314
v 1.34714 1.5095365 0.2743
v 1.34931 1.50437319 0.281314
v 1.34931 1.5102694 0.274557
v 1.36393 1.50952077 0.274295
v 1.36393 1.5039748 0.28065
v 1.36479 1.50301278 0.279048
v 1.36393 1.50952077 0.274295
v 1.36479 1.50301278 0.279048
v 1.36479 1.5077126 0.273662
v 1.34714 1.50398314 0.280664
v 1.34714 1.49547482 0.282107
v 1.34931 1.49533939 0.282846
v 1.34714 1.50398314 0.280664
v 1.34931 1.49533939 0.282846
v 1.34931 1.50437319 0.281314
v 1.36393 1.5039748 0.28065
v 1.36393 1.49547791 0.282091
v 1.36479 1.49581194 0.280269
v 1.36393 1.5039748 0.28065
v 1.36479 1.49581194 0.280269
v 1.36479 1.50301278 0.279048
v 1.34714 1.49547482 0.282107
v 1.34714 1.48799288 0.277953
v 1.34931 1.48739529 0.278435
v 1.34714 1.49547482 0.282107
v 1.34931 1.48739529 0.278435
v 1.34931 1.49533939 0.282846
v 1.36393 1.49547791 0.282091
v 1.36393 1.48800576 0.277943
v 1.36479 1.48947966 0.276754
v 1.36393 1.49547791 0.282091
v 1.36479 1.48947966 0.276754
v 1.36479 1.49581194 0.280269
v 1.34714 1.48799288 0.277953
v 1.34714 1.48503804 0.270147
v 1.34931 1.48425794 0.270147
v 1.34714 1.48799288 0.277953
v 1.34931 1.48425794 0.270147
v 1.34931 1.48739529 0.278435
v 1.36393 1.48800576 0.277943
v 1.36393 1.48505485 0.270147
v 1.36479 1.48697889 0.270147
v 1.36393 1.48800576 0.277943
v 1.36479 1.48697889 0.270147
v 1.36479 1.48947966 0.276754
v 1.34714 1.48503804 0.270147
v 1.3461 1.48696756 0.270147
v 1.3461 1.48947096 0.263533
v 1.34714 1.48503804 0.270147
v 1.3461 1.48947096 0.263533
v 1.34714 1.48799288 0.26234
v 1.36393 1.48505485 0.270147
v 1.36184 1.48425794 0.270147
v 1.36184 1.48739529 0.261858
v 1.36393 1.48505485 0.270147
v 1.36184 1.48739529 0.261858
v 1.36393 1.48800576 0.26235
v 1.34714 1.48799288 0.26234
v 1.3461 1.48947096 0.263533
v 1.3461 1.49580991 0.260013
v 1.34714 1.48799288 0.26234
v 1.3461 1.49580991 0.260013
v 1.34714 1.49547482 0.258186
v 1.36393 1.48800576 0.26235
v 1.36184 1.48739529 0.261858
v 1.36184 1.49533939 0.257447
v 1.36393 1.48800576 0.26235
v 1.36184 1.49533939 0.257447
v 1.36393 1.49547791 0.258202
v 1.34714 1.49547482 0.258186
v 1.3461 1.49580991 0.260013
v 1.3461 1.50301838 0.261236
v 1.34714 1.49547482 0.258186
v 1.3461 1.50301838 0.261236
v 1.34714 1.50398314 0.259629
v 1.36393 1.49547791 0.258202
v 1.36184 1.49533939 0.257447
v 1.36184 1.50437319 0.258979
v 1.36393 1.49547791 0.258202
v 1.36184 1.50437319 0.258979
v 1.36393 1.5039748 0.259643
v 1.34714 1.50398314 0.259629
v 1.3461 1.50301838 0.261236
v 1.3461 1.50772333 0.266627
v 1.34714 1.50398314 0.259629
v 1.3461 1.50772333 0.266627
v 1.34714 1.5095365 0.265993
v 1.36393 1.5039748 0.259643
v 1.36184 1.50437319 0.258979
v 1.36184 1.5102694 0.265736
v 1.36393 1.5039748 0.259643
v 1.36184 1.5102694 0.265736
v 1.36393 1.50952077 0.265998
v 1.34714 1.5095365 0.265993
v 1.3461 1.50772333 0.266627
v 1.3461 1.50772333 0.273666
v 1.34714 1.5095365 0.265993
v 1.3461 1.50772333 0.273666
v 1.34714 1.5095365 0.2743
v 1.36393 1.50952077 0.265998
v 1.36184 1.5102694 0.265736
v 1.36184 1.5102694 0.274557
v 1.36393 1.50952077 0.265998
v 1.36184 1.5102694 0.274557
v 1.36393 1.50952077 0.274295
v 1.34714 1.5095365 0.2743
v 1.3461 1.50772333 0.273666
v 1.3461 1.50301838 0.279058
v 1.34714 1.5095365 0.2743
v 1.3461 1.50301838 0.279058
v 1.34714 1.50398314 0.280664
v 1.36393 1.50952077 0.274295
v 1.36184 1.5102694 0.274557
v 1.36184 1.50437319 0.281314
v 1.36393 1.50952077 0.274295
v 1.36184 1.50437319 0.281314
v 1.36393 1.5039748 0.28065
v 1.34714 1.50398314 0.280664
v 1.3461 1.50301838 0.279058
v 1.3461 1.49580991 0.28028
v 1.34714 1.50398314 0.280664
v 1.3461 1.49580991 0.28028
v 1.34714 1.49547482 0.282107
v 1.36393 1.5039748 0.28065
v 1.36184 1.50437319 0.281314
v 1.36184 1.49533939 0.282846
v 1.36393 1.5039748 0.28065
v 1.36184 1.49533939 0.282846
v 1.36393 1.49547791 0.282091
v 1.34714 1.49547482 0.282107
v 1.3461 1.49580991 0.28028
v 1.3461 1.48947096 0.276761
v 1.34714 1.49547482 0.282107
v 1.3461 1.48947096 0.276761
v 1.34714 1.48799288 0.277953
v 1.36393 1.49547791 0.282091
v 1.36184 1.49533939 0.282846
v 1.36184 1.48739529 0.278435
v 1.36393 1.49547791 0.282091
v 1.36184 1.48739529 0.278435
v 1.36393 1.48800576 0.277943
v 1.34714 1.48799288 0.277953
v 1.3461 1.48947096 0.276761
v 1.3461 1.48696756 0.270147
v 1.34714 1.48799288 0.277953
v 1.3461 1.48696756 0.270147
v 1.34714 1.48503804 0.270147
v 1.36393 1.48800576 0.277943
v 1.36184 1.48739529 0.278435
v 1.36184 1.48425794 0.270147
v 1.36393 1.48800576 0.277943
v 1.36184 1.48425794 0.270147
v 1.36393 1.48505485 0.270147
v 1.34694 1.49003458 0.263987
v 1.3461 1.48947096 0.263533
v 1.3461 1.48696756 0.270147
v 1.34694 1.49003458 0.263987
v 1.3461 1.48696756 0.270147
v 1.34694 1.4877032 0.270147
v 1.34694 1.49593782 0.26071
v 1.3461 1.49580991 0.260013
v 1.3461 1.48947096 0.263533
v 1.34694 1.49593782 0.26071
v 1.3461 1.48947096 0.263533
v 1.34694 1.49003458 0.263987
v 1.34694 1.5026505 0.261848
v 1.3461 1.50301838 0.261236
v 1.3461 1.49580991 0.260013
v 1.34694 1.5026505 0.261848
v 1.3461 1.49580991 0.260013
v 1.34694 1.49593782 0.26071
v 1.34694 1.50703204 0.266869
v 1.3461 1.50772333 0.266627
v 1.3461 1.50301838 0.261236
v 1.34694 1.50703204 0.266869
v 1.3461 1.50301838 0.261236
v 1.34694 1.5026505 0.261848
v 1.34694 1.50703204 0.273424
v 1.3461 1.50772333 0.273666
v 1.3461 1.50772333 0.266627
v 1.34694 1.50703204 0.273424
v 1.3461 1.50772333 0.266627
v 1.34694 1.50703204 0.266869
v 1.34694 1.5026505 0.278445
v 1.3461 1.50301838 0.279058
v 1.3461 1.50772333 0.273666
v 1.34694 1.5026505 0.278445
v 1.3461 1.50772333 0.273666
v 1.34694 1.50703204 0.273424
v 1.34694 1.49593782 0.279583
v 1.3461 1.49580991 0.28028
v 1.3461 1.50301838 0.279058
v 1.34694 1.49593782 0.279583
v 1.3461 1.50301838 0.279058
v 1.34694 1.5026505 0.278445
v 1.34694 1.49003458 0.276306
v 1.3461 1.48947096 0.276761
v 1.3461 1.49580991 0.28028
v 1.34694 1.49003458 0.276306
v 1.3461 1.49580991 0.28028
v 1.34694 1.49593782 0.279583
v 1.34694 1.4877032 0.270147
v 1.3461 1.48696756 0.270147
v 1.3461 1.48947096 0.276761
v 1.34694 1.4877032 0.270147
v 1.3461 1.48947096 0.276761
v 1.34694 1.49003458 0.276306
v 1.34576 1.49208331 0.26564
v 1.34694 1.49003458 0.263987
v 1.34694 1.4877032 0.270147
v 1.34576 1.49208331 0.26564
v 1.34694 1.4877032 0.270147
v 1.34576 1.49037766 0.270147
v 1.34576 1.49640214 0.263243
v 1.34694 1.49593782 0.26071
v 1.34694 1.49003458 0.263987
v 1.34576 1.49640214 0.263243
v 1.34694 1.49003458 0.263987
v 1.34576 1.49208331 0.26564
v 1.34576 1.50131333 0.264075
v 1.34694 1.5026505 0.261848
v 1.34694 1.49593782 0.26071
v 1.34576 1.50131333 0.264075
v 1.34694 1.49593782 0.26071
v 1.34576 1.49640214 0.263243
v 1.34576 1.50451875 0.267749
v 1.34694 1.50703204 0.266869
v 1.34694 1.5026505 0.261848
v 1.34576 1.50451875 0.267749
v 1.34694 1.5026505 0.261848
v 1.34576 1.50131333 0.264075
v 1.34576 1.50451875 0.272544
v 1.34694 1.50703204 0.273424
v 1.34694 1.50703204 0.266869
v 1.34576 1.50451875 0.272544
v 1.34694 1.50703204 0.266869
v 1.34576 1.50451875 0.267749
v 1.34576 1.50131333 0.276218
v 1.34694 1.5026505 0.278445
v 1.34694 1.50703204 0.273424
v 1.34576 1.50131333 0.276218
v 1.34694 1.50703204 0.273424
v 1.34576 1.50451875 0.272544
v 1.34576 1.49640214 0.27705
v 1.34694 1.49593782 0.279583
v 1.34694 1.5026505 0.278445
v 1.34576 1.49640214 0.27705
v 1.34694 1.5026505 0.278445
v 1.34576 1.50131333 0.276218
v 1.34576 1.49208331 0.274653
v 1.34694 1.49003458 0.276306
v 1.34694 1.49593782 0.279583
v 1.34576 1.49208331 0.274653
v 1.34694 1.49593782 0.279583
v 1.34576 1.49640214 0.27705
v 1.34576 1.49037766 0.270147
v 1.34694 1.4877032 0.270147
v 1.34694 1.49003458 0.276306
v 1.34576 1.49037766 0.270147
v 1.34694 1.49003458 0.276306
v 1.34576 1.49208331 0.274653
v 1.36154 1.48789871 0.262264
v 1.36184 1.48739529 0.261858
v 1.36184 1.48425794 0.270147
v 1.36154 1.48789871 0.262264
v 1.36184 1.48425794 0.270147
v 1.36154 1.48491502 0.270147
v 1.34962 1.48491502 0.270147
v 1.34931 1.48425794 0.270147
v 1.34931 1.48739529 0.261858
v 1.34962 1.48491502 0.270147
v 1.34931 1.48739529 0.261858
v 1.34962 1.48789871 0.262264
v 1.36154 1.4954536 0.25807
v 1.36184 1.49533939 0.257447
v 1.36184 1.48739529 0.261858
v 1.36154 1.4954536 0.25807
v 1.36184 1.48739529 0.261858
v 1.36154 1.48789871 0.262264
v 1.34962 1.48789871 0.262264
v 1.34931 1.48739529 0.261858
v 1.34931 1.49533939 0.257447
v 1.34962 1.48789871 0.262264
v 1.34931 1.49533939 0.257447
v 1.34962 1.4954536 0.25807
v 1.36154 1.50404453 0.259526
v 1.36184 1.50437319 0.258979
v 1.36184 1.49533939 0.257447
v 1.36154 1.50404453 0.259526
v 1.36184 1.49533939 0.257447
v 1.36154 1.4954536 0.25807
v 1.34962 1.4954536 0.25807
v 1.34931 1.49533939 0.257447
v 1.34931 1.50437319 0.258979
v 1.34962 1.4954536 0.25807
v 1.34931 1.50437319 0.258979
v 1.34962 1.50404453 0.259526
v 1.36154 1.50965202 0.265952
v 1.36184 1.5102694 0.265736
v 1.36184 1.50437319 0.258979
v 1.36154 1.50965202 0.265952
v 1.36184 1.50437319 0.258979
v 1.36154 1.50404453 0.259526
v 1.34962 1.50404453 0.259526
v 1.34931 1.50437319 0.258979
v 1.34931 1.5102694 0.265736
v 1.34962 1.50404453 0.259526
v 1.34931 1.5102694 0.265736
v 1.34962 1.50965202 0.265952
v 1.36154 1.50965202 0.274341
v 1.36184 1.5102694 0.274557
v 1.36184 1.5102694 0.265736
v 1.36154 1.50965202 0.274341
v 1.36184 1.5102694 0.265736
v 1.36154 1.50965202 0.265952
v 1.34962 1.50965202 0.265952
v 1.34931 1.5102694 0.265736
v 1.34931 1.5102694 0.274557
v 1.34962 1.50965202 0.265952
v 1.34931 1.5102694 0.274557
v 1.34962 1.50965202 0.274341
v 1.36154 1.50404453 0.280767
v 1.36184 1.50437319 0.281314
v 1.36184 1.5102694 0.274557
v 1.36154 1.50404453 0.280767
v 1.36184 1.5102694 0.274557
v 1.36154 1.50965202 0.274341
v 1.34962 1.50965202 0.274341
v 1.34931 1.5102694 0.274557
v 1.34931 1.50437319 0.281314
v 1.34962 1.50965202 0.274341
v 1.34931 1.50437319 0.281314
v 1.34962 1.50404453 0.280767
v 1.36154 1.4954536 0.282223
v 1.36184 1.49533939 0.282846
v 1.36184 1.50437319 0.281314
v 1.36154 1.4954536 0.282223
v 1.36184 1.50437319 0.281314
v 1.36154 1.50404453 0.280767
v 1.34962 1.50404453 0.280767
v 1.34931 1.50437319 0.281314
v 1.34931 1.49533939 0.282846
v 1.34962 1.50404453 0.280767
v 1.34931 1.49533939 0.282846
v 1.34962 1.4954536 0.282223
v 1.36154 1.48789871 0.278029
v 1.36184 1.48739529 0.278435
v 1.36184 1.49533939 0.282846
v 1.36154 1.48789871 0.278029
v 1.36184 1.49533939 0.282846
v 1.36154 1.4954536 0.282223
v 1.34962 1.4954536 0.282223
v 1.34931 1.49533939 0.282846
v 1.34931 1.48739529 0.278435
v 1.34962 1.4954536 0.282223
v 1.34931 1.48739529 0.278435
v 1.34962 1.48789871 0.278029
v 1.36154 1.48491502 0.270147
v 1.36184 1.48425794 0.270147
v 1.36184 1.48739529 0.278435
v 1.36154 1.48491502 0.270147
v 1.36184 1.48739529 0.278435
v 1.36154 1.48789871 0.278029
v 1.34962 1.48789871 0.278029
v 1.34931 1.48739529 0.278435
v 1.34931 1.48425794 0.270147
v 1.34962 1.48789871 0.278029
v 1.34931 1.48425794 0.270147
v 1.34962 1.48491502 0.270147
v 1.40703 1.57281137 0.0121246
v 1.40703 1.54603386 0.0394621
v 1.40703 1.6585108 0.147618
v 1.40703 1.57281137 0.0121246
v 1.40703 1.6585108 0.147618
v 1.40703 1.68611431 0.121075
v 1.38921 1.6585108 0.147618
v 1.37658 1.6585108 0.147618
v 1.37658 1.49330056 -0.0112456
v 1.38921 1.6585108 0.147618
v 1.37658 1.49330056 -0.0112456
v 1.38921 1.49330056 -0.0112456
v 1.38921 1.68611431 0.121075
v 1.38921 1.6585108 0.147618
v 1.38921 1.49330056 -0.0112456
v 1.38921 1.68611431 0.121075
v 1.38921 1.49330056 -0.0112456
v 1.38921 1.49520564 -0.0625
v 1.40703 1.57281137 0.0121246
v 1.40703 1.68611431 0.121075
v 1.41967 1.68611431 0.121075
v 1.40703 1.57281137 0.0121246
v 1.41967 1.68611431 0.121075
v 1.41967 1.57281137 0.0121246
v 1.38921 1.49520564 -0.0625
v 1.37658 1.49520564 -0.0625
v 1.37658 1.68611431 0.121075
v 1.38921 1.49520564 -0.0625
v 1.37658 1.68611431 0.121075
v 1.38921 1.68611431 0.121075
v 1.37658 1.68611431 0.121075
v 1.37658 1.49520564 -0.0625
v 1.37658 1.49330056 -0.0112456
v 1.37658 1.68611431 0.121075
v 1.37658 1.49330056 -0.0112456
v 1.37658 1.6585108 0.147618
v 1.38921 1.41829026 0.0395435
v 1.37658 1.41829026 0.0395435
v 1.37658 1.49520564 -0.0625
v 1.38921 1.41829026 0.0395435
v 1.37658 1.49520564 -0.0625
v 1.38921 1.49520564 -0.0625
v 1.37658 1.41829026 0.0395435
v 1.37658 1.43260634 0.0533096
v 1.37658 1.49330056 -0.0112456
v 1.37658 1.41829026 0.0395435
v 1.37658 1.49330056 -0.0112456
v 1.37658 1.49520564 -0.0625
v 1.38921 1.43260634 0.0533096
v 1.38921 1.41829026 0.0395435
v 1.38921 1.49520564 -0.0625
v 1.38921 1.43260634 0.0533096
v 1.38921 1.49520564 -0.0625
v 1.38921 1.49330056 -0.0112456
v 1.37658 1.41829026 0.0395435
v 1.38921 1.41829026 0.0395435
v 1.38921 1.43260634 0.0533096
v 1.37658 1.41829026 0.0395435
v 1.38921 1.43260634 0.0533096
v 1.37658 1.43260634 0.0533096
v 1.37658 1.6585108 0.147618
v 1.38921 1.6585108 0.147618
v 1.38921 1.68611431 0.121075
v 1.37658 1.6585108 0.147618
v 1.38921 1.68611431 0.121075
v 1.37658 1.68611431 0.121075
v 1.38921 1.43260634 0.0533096
v 1.38921 1.49330056 -0.0112456
v 1.37658 1.49330056 -0.0112456
v 1.38921 1.43260634 0.0533096
v 1.37658 1.49330056 -0.0112456
v 1.37658 1.43260634 0.0533096
v 1.40126 1.49631488 -0.0128195
v 1.38862 1.49631488 -0.0128195
v 1.38862 1.51556563 -0.0324727
v 1.40126 1.49631488 -0.0128195
v 1.38862 1.51556563 -0.0324727
v 1.40126 1.51556563 -0.0324727
v 1.38862 1.54187775 -0.0111522
v 1.40703 1.57281137 0.0121246
v 1.41967 1.57281137 0.0121246
v 1.38862 1.54187775 -0.0111522
v 1.41967 1.57281137 0.0121246
v 1.40126 1.54187775 -0.0111522
v 1.38862 1.52017725 0.0113033
v 1.40703 1.54603386 0.0394621
v 1.40703 1.57281137 0.0121246
v 1.38862 1.52017725 0.0113033
v 1.40703 1.57281137 0.0121246
v 1.38862 1.54187775 -0.0111522
v 1.40126 1.52017725 0.0113033
v 1.41967 1.54603386 0.0394621
v 1.40703 1.54603386 0.0394621
v 1.40126 1.52017725 0.0113033
v 1.40703 1.54603386 0.0394621
v 1.38862 1.52017725 0.0113033
v 1.40126 1.54187775 -0.0111522
v 1.41967 1.57281137 0.0121246
v 1.41967 1.54603386 0.0394621
v 1.40126 1.54187775 -0.0111522
v 1.41967 1.54603386 0.0394621
v 1.40126 1.52017725 0.0113033
v 1.38862 1.51556563 -0.0324727
v 1.38862 1.54187775 -0.0111522
v 1.40126 1.54187775 -0.0111522
v 1.38862 1.51556563 -0.0324727
v 1.40126 1.54187775 -0.0111522
v 1.40126 1.51556563 -0.0324727
v 1.38862 1.49631488 -0.0128195
v 1.38862 1.52017725 0.0113033
v 1.38862 1.54187775 -0.0111522
v 1.38862 1.49631488 -0.0128195
v 1.38862 1.54187775 -0.0111522
v 1.38862 1.51556563 -0.0324727
v 1.40126 1.49631488 -0.0128195
v 1.40126 1.52017725 0.0113033
v 1.38862 1.52017725 0.0113033
v 1.40126 1.49631488 -0.0128195
v 1.38862 1.52017725 0.0113033
v 1.38862 1.49631488 -0.0128195
v 1.40126 1.51556563 -0.0324727
v 1.40126 1.54187775 -0.0111522
v 1.40126 1.52017725 0.0113033
v 1.40126 1.51556563 -0.0324727
v 1.40126 1.52017725 0.0113033
v 1.40126 1.49631488 -0.0128195
v 1.37932 1.64280033 0.138313
v 1.37514 1.64280033 0.138313
v 1.37514 1.6548661 0.103539
v 1.37932 1.64280033 0.138313
v 1.37514 1.6548661 0.103539
v 1.37932 1.6548661 0.103539
v 1.37932 1.64623761 0.139416
v 1.37514 1.64623761 0.139416
v 1.37514 1.64280033 0.138313
v 1.37932 1.64623761 0.139416
v 1.37514 1.64280033 0.138313
v 1.37932 1.64280033 0.138313
v 1.37932 1.65830374 0.104642
v 1.37514 1.65830374 0.104642
v 1.37514 1.64623761 0.139416
v 1.37932 1.65830374 0.104642
v 1.37514 1.64623761 0.139416
v 1.37932 1.64623761 0.139416
v 1.37932 1.6548661 0.103539
v 1.37514 1.6548661 0.103539
v 1.37514 1.65830374 0.104642
v 1.37932 1.6548661 0.103539
v 1.37514 1.65830374 0.104642
v 1.37932 1.65830374 0.104642
v 1.37514 1.64280033 0.138313
v 1.37514 1.64623761 0.139416
v 1.37514 1.65830374 0.104642
v 1.37514 1.64280033 0.138313
v 1.37514 1.65830374 0.104642
v 1.37514 1.6548661 0.103539
v 1.37932 1.64623761 0.139416
v 1.37932 1.64280033 0.138313
v 1.37932 1.6548661 0.103539
v 1.37932 1.64623761 0.139416
v 1.37932 1.6548661 0.103539
v 1.37932 1.65830374 0.104642
v 1.37528 1.63288069 0.107985
v 1.37528 1.62956429 0.129447
v 1.37479 1.63181973 0.128591
v 1.37528 1.63288069 0.107985
v 1.37479 1.63181973 0.128591
v 1.37479 1.63477969 0.109435
v 1.37528 1.65386832 0.100015
v 1.37528 1.63288069 0.107985
v 1.37479 1.63477969 0.109435
v 1.37528 1.65386832 0.100015
v 1.37479 1.63477969 0.109435
v 1.37479 1.653512 0.102322
v 1.37528 1.67153955 0.113508
v 1.37528 1.65386832 0.100015
v 1.37479 1.653512 0.102322
v 1.37528 1.67153955 0.113508
v 1.37479 1.653512 0.102322
v 1.37479 1.66928434 0.114365
v 1.37528 1.66822314 0.134971
v 1.37528 1.67153955 0.113508
v 1.37479 1.66928434 0.114365
v 1.37528 1.66822314 0.134971
v 1.37479 1.66928434 0.114365
v 1.37479 1.66632426 0.133521
v 1.37528 1.64723563 0.14294
v 1.37528 1.66822314 0.134971
v 1.37479 1.66632426 0.133521
v 1.37528 1.64723563 0.14294
v 1.37479 1.66632426 0.133521
v 1.37479 1.64759195 0.140634
v 1.37528 1.62956429 0.129447
v 1.37528 1.64723563 0.14294
v 1.37479 1.64759195 0.140634
v 1.37528 1.62956429 0.129447
v 1.37479 1.64759195 0.140634
v 1.37479 1.63181973 0.128591
v 1.37932 1.66628385 0.131973
v 1.37514 1.66628385 0.131973
v 1.37514 1.63304543 0.11402
v 1.37932 1.66628385 0.131973
v 1.37514 1.63304543 0.11402
v 1.37932 1.63304543 0.11402
v 1.37932 1.66805863 0.128935
v 1.37514 1.66805863 0.128935
v 1.37514 1.66628385 0.131973
v 1.37932 1.66805863 0.128935
v 1.37514 1.66628385 0.131973
v 1.37932 1.66628385 0.131973
v 1.37932 1.63482022 0.110982
v 1.37514 1.63482022 0.110982
v 1.37514 1.66805863 0.128935
v 1.37932 1.63482022 0.110982
v 1.37514 1.66805863 0.128935
v 1.37932 1.66805863 0.128935
v 1.37932 1.63304543 0.11402
v 1.37514 1.63304543 0.11402
v 1.37514 1.63482022 0.110982
v 1.37932 1.63304543 0.11402
v 1.37514 1.63482022 0.110982
v 1.37932 1.63482022 0.110982
v 1.37514 1.66628385 0.131973
v 1.37514 1.66805863 0.128935
v 1.37514 1.63482022 0.110982
v 1.37514 1.66628385 0.131973
v 1.37514 1.63482022 0.110982
v 1.37514 1.63304543 0.11402
v 1.37932 1.66805863 0.128935
v 1.37932 1.66628385 0.131973
v 1.37932 1.63304543 0.11402
v 1.37932 1.66805863 0.128935
v 1.37932 1.63304543 0.11402
v 1.37932 1.63482022 0.110982
v 1.37528 1.63288069 0.107985
v 1.37648 1.63209414 0.107384
v 1.37648 1.62863016 0.129802
v 1.37528 1.63288069 0.107985
v 1.37648 1.62863016 0.129802
v 1.37528 1.62956429 0.129447
v 1.37528 1.65386832 0.100015
v 1.37648 1.65401602 0.0990601
v 1.37648 1.63209414 0.107384
v 1.37528 1.65386832 0.100015
v 1.37648 1.63209414 0.107384
v 1.37528 1.63288069 0.107985
v 1.37528 1.67153955 0.113508
v 1.37648 1.67247367 0.113154
v 1.37648 1.65401602 0.0990601
v 1.37528 1.67153955 0.113508
v 1.37648 1.65401602 0.0990601
v 1.37528 1.65386832 0.100015
v 1.37528 1.66822314 0.134971
v 1.37648 1.66900969 0.135571
v 1.37648 1.67247367 0.113154
v 1.37528 1.66822314 0.134971
v 1.37648 1.67247367 0.113154
v 1.37528 1.67153955 0.113508
v 1.37528 1.64723563 0.14294
v 1.37648 1.64708805 0.143895
v 1.37648 1.66900969 0.135571
v 1.37528 1.64723563 0.14294
v 1.37648 1.66900969 0.135571
v 1.37528 1.66822314 0.134971
v 1.37528 1.62956429 0.129447
v 1.37648 1.62863016 0.129802
v 1.37648 1.64708805 0.143895
v 1.37528 1.62956429 0.129447
v 1.37648 1.64708805 0.143895
v 1.37528 1.64723563 0.14294
v 1.37321 1.65346253 0.122692
v 1.37321 1.65171719 0.124315
v 1.39197 1.65171719 0.124315
v 1.37321 1.65346253 0.122692
v 1.39197 1.65171719 0.124315
v 1.39197 1.65346253 0.122692
v 1.39197 1.64928925 0.124276
v 1.39197 1.65171719 0.124315
v 1.37321 1.65171719 0.124315
v 1.39197 1.64928925 0.124276
v 1.37321 1.65171719 0.124315
v 1.37321 1.64928925 0.124276
v 1.39197 1.65181446 0.118679
v 1.39197 1.64938664 0.11864
v 1.37321 1.64938664 0.11864
v 1.39197 1.65181446 0.118679
v 1.37321 1.64938664 0.11864
v 1.37321 1.65181446 0.118679
v 1.37321 1.64764154 0.120264
v 1.37321 1.64938664 0.11864
v 1.39197 1.64938664 0.11864
v 1.37321 1.64764154 0.120264
v 1.39197 1.64938664 0.11864
v 1.39197 1.64764154 0.120264
v 1.37321 1.64764154 0.120264
v 1.39197 1.64764154 0.120264
v 1.39197 1.64760113 0.122598
v 1.37321 1.64764154 0.120264
v 1.39197 1.64760113 0.122598
v 1.37321 1.64760113 0.122598
v 1.39197 1.65181446 0.118679
v 1.37321 1.65181446 0.118679
v 1.37321 1.65350282 0.120357
v 1.39197 1.65181446 0.118679
v 1.37321 1.65350282 0.120357
v 1.39197 1.65350282 0.120357
v 1.39197 1.64928925 0.124276
v 1.37321 1.64928925 0.124276
v 1.37321 1.64760113 0.122598
v 1.39197 1.64928925 0.124276
v 1.37321 1.64760113 0.122598
v 1.39197 1.64760113 0.122598
v 1.37321 1.65346253 0.122692
v 1.39197 1.65346253 0.122692
v 1.39197 1.65350282 0.120357
v 1.37321 1.65346253 0.122692
v 1.39197 1.65350282 0.120357
v 1.37321 1.65350282 0.120357
v 1.38004 1.64775777 0.139561
v 1.38004 1.64708805 0.143895
v 1.38004 1.62863016 0.129802
v 1.38004 1.64775777 0.139561
v 1.38004 1.62863016 0.129802
v 1.38004 1.63286901 0.128192
v 1.38004 1.64708805 0.143895
v 1.37648 1.64708805 0.143895
v 1.37648 1.62863016 0.129802
v 1.38004 1.64708805 0.143895
v 1.37648 1.62863016 0.129802
v 1.38004 1.62863016 0.129802
v 1.37479 1.64759195 0.140634
v 1.37479 1.64775777 0.139561
v 1.37479 1.63286901 0.128192
v 1.37479 1.64759195 0.140634
v 1.37479 1.63286901 0.128192
v 1.37479 1.63181973 0.128591
v 1.37479 1.64775777 0.139561
v 1.38004 1.64775777 0.139561
v 1.38004 1.63286901 0.128192
v 1.37479 1.64775777 0.139561
v 1.38004 1.63286901 0.128192
v 1.37479 1.63286901 0.128192
v 1.38004 1.66544056 0.132846
v 1.38004 1.66900969 0.135571
v 1.38004 1.64708805 0.143895
v 1.38004 1.66544056 0.132846
v 1.38004 1.64708805 0.143895
v 1.38004 1.64775777 0.139561
v 1.38004 1.66900969 0.135571
v 1.37648 1.66900969 0.135571
v 1.37648 1.64708805 0.143895
v 1.38004 1.66900969 0.135571
v 1.37648 1.64708805 0.143895
v 1.38004 1.64708805 0.143895
v 1.37479 1.66632426 0.133521
v 1.37479 1.66544056 0.132846
v 1.37479 1.64775777 0.139561
v 1.37479 1.66632426 0.133521
v 1.37479 1.64775777 0.139561
v 1.37479 1.64759195 0.140634
v 1.37479 1.66544056 0.132846
v 1.38004 1.66544056 0.132846
v 1.38004 1.64775777 0.139561
v 1.37479 1.66544056 0.132846
v 1.38004 1.64775777 0.139561
v 1.37479 1.64775777 0.139561
v 1.38004 1.66823483 0.114763
v 1.38004 1.67247367 0.113154
v 1.38004 1.66900969 0.135571
v 1.38004 1.66823483 0.114763
v 1.38004 1.66900969 0.135571
v 1.38004 1.66544056 0.132846
v 1.38004 1.67247367 0.113154
v 1.37648 1.67247367 0.113154
v 1.37648 1.66900969 0.135571
v 1.38004 1.67247367 0.113154
v 1.37648 1.66900969 0.135571
v 1.38004 1.66900969 0.135571
v 1.37479 1.66928434 0.114365
v 1.37479 1.66823483 0.114763
v 1.37479 1.66544056 0.132846
v 1.37479 1.66928434 0.114365
v 1.37479 1.66544056 0.132846
v 1.37479 1.66632426 0.133521
v 1.37479 1.66823483 0.114763
v 1.38004 1.66823483 0.114763
v 1.38004 1.66544056 0.132846
v 1.37479 1.66823483 0.114763
v 1.38004 1.66544056 0.132846
v 1.37479 1.66544056 0.132846
v 1.38004 1.65334606 0.103395
v 1.38004 1.65401602 0.0990601
v 1.38004 1.67247367 0.113154
v 1.38004 1.65334606 0.103395
v 1.38004 1.67247367 0.113154
v 1.38004 1.66823483 0.114763
v 1.38004 1.65401602 0.0990601
v 1.37648 1.65401602 0.0990601
v 1.37648 1.67247367 0.113154
v 1.38004 1.65401602 0.0990601
v 1.37648 1.67247367 0.113154
v 1.38004 1.67247367 0.113154
v 1.37479 1.653512 0.102322
v 1.37479 1.65334606 0.103395
v 1.37479 1.66823483 0.114763
v 1.37479 1.653512 0.102322
v 1.37479 1.66823483 0.114763
v 1.37479 1.66928434 0.114365
v 1.37479 1.65334606 0.103395
v 1.38004 1.65334606 0.103395
v 1.38004 1.66823483 0.114763
v 1.37479 1.65334606 0.103395
v 1.38004 1.66823483 0.114763
v 1.37479 1.66823483 0.114763
v 1.38004 1.63566315 0.110109
v 1.38004 1.63209414 0.107384
v 1.38004 1.65401602 0.0990601
v 1.38004 1.63566315 0.110109
v 1.38004 1.65401602 0.0990601
v 1.38004 1.65334606 0.103395
v 1.38004 1.63209414 0.107384
v 1.37648 1.63209414 0.107384
v 1.37648 1.65401602 0.0990601
v 1.38004 1.63209414 0.107384
v 1.37648 1.65401602 0.0990601
v 1.38004 1.65401602 0.0990601
v 1.37479 1.63477969 0.109435
v 1.37479 1.63566315 0.110109
v 1.37479 1.65334606 0.103395
v 1.37479 1.63477969 0.109435
v 1.37479 1.65334606 0.103395
v 1.37479 1.653512 0.102322
v 1.37479 1.63566315 0.110109
v 1.38004 1.63566315 0.110109
v 1.38004 1.65334606 0.103395
v 1.37479 1.63566315 0.110109
v 1.38004 1.65334606 0.103395
v 1.37479 1.65334606 0.103395
v 1.38004 1.63286901 0.128192
v 1.38004 1.62863016 0.129802
v 1.38004 1.63209414 0.107384
v 1.38004 1.63286901 0.128192
v 1.38004 1.63209414 0.107384
v 1.38004 1.63566315 0.110109
v 1.38004 1.62863016 0.129802
v 1.37648 1.62863016 0.129802
v 1.37648 1.63209414 0.107384
v 1.38004 1.62863016 0.129802
v 1.37648 1.63209414 0.107384
v 1.38004 1.63209414 0.107384
v 1.37479 1.63181973 0.128591
v 1.37479 1.63286901 0.128192
v 1.37479 1.63566315 0.110109
v 1.37479 1.63181973 0.128591
v 1.37479 1.63566315 0.110109
v 1.37479 1.63477969 0.109435
v 1.37479 1.63286901 0.128192
v 1.38004 1.63286901 0.128192
v 1.38004 1.63566315 0.110109
v 1.37479 1.63286901 0.128192
v 1.38004 1.63566315 0.110109
v 1.37479 1.63566315 0.110109
v 1.98435 1.11832273 0.324101
v 1.99944 1.11832273 0.324101
v 1.99944 1.24320388 0.379821
v 1.98435 1.11832273 0.324101
v 1.99944 1.24320388 0.379821
v 1.98435 1.24320388 0.379821
v 1.98435 1.1238308 0.312686
v 1.99944 1.1238308 0.312686
v 1.99944 1.11832273 0.324101
v 1.98435 1.1238308 0.312686
v 1.99944 1.11832273 0.324101
v 1.98435 1.11832273 0.324101
v 1.98435 1.24871182 0.368407
v 1.99944 1.24871182 0.368407
v 1.99944 1.1238308 0.312686
v 1.98435 1.24871182 0.368407
v 1.99944 1.1238308 0.312686
v 1.98435 1.1238308 0.312686
v 1.98435 1.24320388 0.379821
v 1.99944 1.24320388 0.379821
v 1.99944 1.24871182 0.368407
v 1.98435 1.24320388 0.379821
v 1.99944 1.24871182 0.368407
v 1.98435 1.24871182 0.368407
v 1.99944 1.11832273 0.324101
v 1.99944 1.1238308 0.312686
v 1.99944 1.24871182 0.368407
v 1.99944 1.11832273 0.324101
v 1.99944 1.24871182 0.368407
v 1.99944 1.24320388 0.379821
v 1.98435 1.1238308 0.312686
v 1.98435 1.11832273 0.324101
v 1.98435 1.24320388 0.379821
v 1.98435 1.1238308 0.312686
v 1.98435 1.24320388 0.379821
v 1.98435 1.24871182 0.368407
v 1.98435 1.16047955 0.408944
v 1.99944 1.16047955 0.408944
v 1.99944 1.21842563 0.28886
v 1.98435 1.16047955 0.408944
v 1.99944 1.21842563 0.28886
v 1.98435 1.21842563 0.28886
v 1.98435 1.14860916 0.403648
v 1.99944 1.14860916 0.403648
v 1.99944 1.16047955 0.408944
v 1.98435 1.14860916 0.403648
v 1.99944 1.16047955 0.408944
v 1.98435 1.16047955 0.408944
v 1.98435 1.20655513 0.283564
v 1.99944 1.20655513 0.283564
v 1.99944 1.14860916 0.403648
v 1.98435 1.20655513 0.283564
v 1.99944 1.14860916 0.403648
v 1.98435 1.14860916 0.403648
v 1.98435 1.21842563 0.28886
v 1.99944 1.21842563 0.28886
v 1.99944 1.20655513 0.283564
v 1.98435 1.21842563 0.28886
v 1.99944 1.20655513 0.283564
v 1.98435 1.20655513 0.283564
v 1.99944 1.16047955 0.408944
v 1.99944 1.14860916 0.403648
v 1.99944 1.20655513 0.283564
v 1.99944 1.16047955 0.408944
v 1.99944 1.20655513 0.283564
v 1.99944 1.21842563 0.28886
v 1.98435 1.14860916 0.403648
v 1.98435 1.16047955 0.408944
v 1.98435 1.21842563 0.28886
v 1.98435 1.14860916 0.403648
v 1.98435 1.21842563 0.28886
v 1.98435 1.20655513 0.283564
v 1.98435 1.14838374 0.288987
v 1.99944 1.14838374 0.288987
v 1.99944 1.20680141 0.40886
v 1.98435 1.14838374 0.288987
v 1.99944 1.20680141 0.40886
v 1.98435 1.20680141 0.40886
v 1.98435 1.16023338 0.283648
v 1.99944 1.16023338 0.283648
v 1.99944 1.14838374 0.288987
v 1.98435 1.16023338 0.283648
v 1.99944 1.14838374 0.288987
v 1.98435 1.14838374 0.288987
v 1.98435 1.21865094 0.40352
v 1.99944 1.21865094 0.40352
v 1.99944 1.16023338 0.283648
v 1.98435 1.21865094 0.40352
v 1.99944 1.16023338 0.283648
v 1.98435 1.16023338 0.283648
v 1.98435 1.20680141 0.40886
v 1.99944 1.20680141 0.40886
v 1.99944 1.21865094 0.40352
v 1.98435 1.20680141 0.40886
v 1.99944 1.21865094 0.40352
v 1.98435 1.21865094 0.40352
v 1.99944 1.14838374 0.288987
v 1.99944 1.16023338 0.283648
v 1.99944 1.21865094 0.40352
v 1.99944 1.14838374 0.288987
v 1.99944 1.21865094 0.40352
v 1.99944 1.20680141 0.40886
v 1.98435 1.16023338 0.283648
v 1.98435 1.14838374 0.288987
v 1.98435 1.20680141 0.40886
v 1.98435 1.16023338 0.283648
v 1.98435 1.20680141 0.40886
v 1.98435 1.21865094 0.40352
v 1.98435 1.12396312 0.380038
v 1.99944 1.12396312 0.380038
v 1.99944 1.24862432 0.323864
v 1.98435 1.12396312 0.380038
v 1.99944 1.24862432 0.323864
v 1.98435 1.24862432 0.323864
v 1.98435 1.11841035 0.368643
v 1.99944 1.11841035 0.368643
v 1.99944 1.12396312 0.380038
v 1.98435 1.11841035 0.368643
v 1.99944 1.12396312 0.380038
v 1.98435 1.12396312 0.380038
v 1.98435 1.24307156 0.31247
v 1.99944 1.24307156 0.31247
v 1.99944 1.11841035 0.368643
v 1.98435 1.24307156 0.31247
v 1.99944 1.11841035 0.368643
v 1.98435 1.11841035 0.368643
v 1.98435 1.24862432 0.323864
v 1.99944 1.24862432 0.323864
v 1.99944 1.24307156 0.31247
v 1.98435 1.24862432 0.323864
v 1.99944 1.24307156 0.31247
v 1.98435 1.24307156 0.31247
v 1.99944 1.12396312 0.380038
v 1.99944 1.11841035 0.368643
v 1.99944 1.24307156 0.31247
v 1.99944 1.12396312 0.380038
v 1.99944 1.24307156 0.31247
v 1.99944 1.24862432 0.323864
v 1.98435 1.11841035 0.368643
v 1.98435 1.12396312 0.380038
v 1.98435 1.24862432 0.323864
v 1.98435 1.11841035 0.368643
v 1.98435 1.24862432 0.323864
v 1.98435 1.24307156 0.31247
v 2.00641 1.18741548 0.335894
v 2.00641 1.17865586 0.336278
v 1.93867 1.17865586 0.336278
v 2.00641 1.18741548 0.335894
v 1.93867 1.17865586 0.336278
v 1.93867 1.18741548 0.335894
v 1.93867 1.17274404 0.342505
v 1.93867 1.17865586 0.336278
v 2.00641 1.17865586 0.336278
v 1.93867 1.17274404 0.342505
v 2.00641 1.17865586 0.336278
v 2.00641 1.17274404 0.342505
v 1.93867 1.19429064 0.350002
v 1.93867 1.18837881 0.35623
v 2.00641 1.18837881 0.35623
v 1.93867 1.19429064 0.350002
v 2.00641 1.18837881 0.35623
v 2.00641 1.19429064 0.350002
v 2.00641 1.17961919 0.356613
v 2.00641 1.18837881 0.35623
v 1.93867 1.18837881 0.35623
v 2.00641 1.17961919 0.356613
v 1.93867 1.18837881 0.35623
v 1.93867 1.17961919 0.356613
v 2.00641 1.17961919 0.356613
v 1.93867 1.17961919 0.356613
v 1.93867 1.17314303 0.350928
v 2.00641 1.17961919 0.356613
v 1.93867 1.17314303 0.350928
v 2.00641 1.17314303 0.350928
v 1.93867 1.19429064 0.350002
v 2.00641 1.19429064 0.350002
v 2.00641 1.19389164 0.341579
v 1.93867 1.19429064 0.350002
v 2.00641 1.19389164 0.341579
v 1.93867 1.19389164 0.341579
v 1.93867 1.17274404 0.342505
v 2.00641 1.17274404 0.342505
v 2.00641 1.17314303 0.350928
v 1.93867 1.17274404 0.342505
v 2.00641 1.17314303 0.350928
v 1.93867 1.17314303 0.350928
v 2.00641 1.18741548 0.335894
v 1.93867 1.18741548 0.335894
v 1.93867 1.19389164 0.341579
v 2.00641 1.18741548 0.335894
v 1.93867 1.19389164 0.341579
v 2.00641 1.19389164 0.341579
v 1.97003 1.12720406 0.30849
v 1.97003 1.11370492 0.299437
v 1.97003 1.1064471 0.380982
v 1.97003 1.12720406 0.30849
v 1.97003 1.1064471 0.380982
v 1.97003 1.12134957 0.374267
v 1.97003 1.11370492 0.299437
v 1.99621 1.11370492 0.299437
v 1.99621 1.1064471 0.380982
v 1.97003 1.11370492 0.299437
v 1.99621 1.1064471 0.380982
v 1.97003 1.1064471 0.380982
v 2.00858 1.12386203 0.306249
v 2.00858 1.12720406 0.30849
v 2.00858 1.12134957 0.374267
v 2.00858 1.12386203 0.306249
v 2.00858 1.12134957 0.374267
v 2.00858 1.11766028 0.37593
v 2.00858 1.12720406 0.30849
v 1.97003 1.12720406 0.30849
v 1.97003 1.12134957 0.374267
v 2.00858 1.12720406 0.30849
v 1.97003 1.12134957 0.374267
v 2.00858 1.12134957 0.374267
v 1.97003 1.18937182 0.280476
v 1.97003 1.19077528 0.264709
v 1.97003 1.11370492 0.299437
v 1.97003 1.18937182 0.280476
v 1.97003 1.11370492 0.299437
v 1.97003 1.12720406 0.30849
v 1.97003 1.19077528 0.264709
v 1.99621 1.19077528 0.264709
v 1.99621 1.11370492 0.299437
v 1.97003 1.19077528 0.264709
v 1.99621 1.11370492 0.299437
v 1.97003 1.11370492 0.299437
v 2.00858 1.18971932 0.276573
v 2.00858 1.18937182 0.280476
v 2.00858 1.12720406 0.30849
v 2.00858 1.18971932 0.276573
v 2.00858 1.12720406 0.30849
v 2.00858 1.12386203 0.306249
v 2.00858 1.18937182 0.280476
v 1.97003 1.18937182 0.280476
v 1.97003 1.12720406 0.30849
v 2.00858 1.18937182 0.280476
v 1.97003 1.12720406 0.30849
v 2.00858 1.12720406 0.30849
v 1.97003 1.2456851 0.31824
v 1.97003 1.26058757 0.311525
v 1.97003 1.19077528 0.264709
v 1.97003 1.2456851 0.31824
v 1.97003 1.19077528 0.264709
v 1.97003 1.18937182 0.280476
v 1.97003 1.26058757 0.311525
v 1.99621 1.26058757 0.311525
v 1.99621 1.19077528 0.264709
v 1.97003 1.26058757 0.311525
v 1.99621 1.19077528 0.264709
v 1.97003 1.19077528 0.264709
v 2.00858 1.24937451 0.316578
v 2.00858 1.2456851 0.31824
v 2.00858 1.18937182 0.280476
v 2.00858 1.24937451 0.316578
v 2.00858 1.18937182 0.280476
v 2.00858 1.18971932 0.276573
v 2.00858 1.2456851 0.31824
v 1.97003 1.2456851 0.31824
v 1.97003 1.18937182 0.280476
v 2.00858 1.2456851 0.31824
v 1.97003 1.18937182 0.280476
v 2.00858 1.18937182 0.280476
v 1.97003 1.23983073 0.384018
v 1.97003 1.25332975 0.39307
v 1.97003 1.26058757 0.311525
v 1.97003 1.23983073 0.384018
v 1.97003 1.26058757 0.311525
v 1.97003 1.2456851 0.31824
v 1.97003 1.25332975 0.39307
v 1.99621 1.25332975 0.39307
v 1.99621 1.26058757 0.311525
v 1.97003 1.25332975 0.39307
v 1.99621 1.26058757 0.311525
v 1.97003 1.26058757 0.311525
v 2.00858 1.24317265 0.386259
v 2.00858 1.23983073 0.384018
v 2.00858 1.2456851 0.31824
v 2.00858 1.24317265 0.386259
v 2.00858 1.2456851 0.31824
v 2.00858 1.24937451 0.316578
v 2.00858 1.23983073 0.384018
v 1.97003 1.23983073 0.384018
v 1.97003 1.2456851 0.31824
v 2.00858 1.23983073 0.384018
v 1.97003 1.2456851 0.31824
v 2.00858 1.2456851 0.31824
v 1.97003 1.17766285 0.412031
v 1.97003 1.17625952 0.427799
v 1.97003 1.25332975 0.39307
v 1.97003 1.17766285 0.412031
v 1.97003 1.25332975 0.39307
v 1.97003 1.23983073 0.384018
v 1.97003 1.17625952 0.427799
v 1.99621 1.17625952 0.427799
v 1.99621 1.25332975 0.39307
v 1.97003 1.17625952 0.427799
v 1.99621 1.25332975 0.39307
v 1.97003 1.25332975 0.39307
v 2.00858 1.17731547 0.415935
v 2.00858 1.17766285 0.412031
v 2.00858 1.23983073 0.384018
v 2.00858 1.17731547 0.415935
v 2.00858 1.23983073 0.384018
v 2.00858 1.24317265 0.386259
v 2.00858 1.17766285 0.412031
v 1.97003 1.17766285 0.412031
v 1.97003 1.23983073 0.384018
v 2.00858 1.17766285 0.412031
v 1.97003 1.23983073 0.384018
v 2.00858 1.23983073 0.384018
v 1.97003 1.12134957 0.374267
v 1.97003 1.1064471 0.380982
v 1.97003 1.17625952 0.427799
v 1.97003 1.12134957 0.374267
v 1.97003 1.17625952 0.427799
v 1.97003 1.17766285 0.412031
v 1.97003 1.1064471 0.380982
v 1.99621 1.1064471 0.380982
v 1.99621 1.17625952 0.427799
v 1.97003 1.1064471 0.380982
v 1.99621 1.17625952 0.427799
v 1.97003 1.17625952 0.427799
v 2.00858 1.11766028 0.37593
v 2.00858 1.12134957 0.374267
v 2.00858 1.17766285 0.412031
v 2.00858 1.11766028 0.37593
v 2.00858 1.17766285 0.412031
v 2.00858 1.17731547 0.415935
v 2.00858 1.12134957 0.374267
v 1.97003 1.12134957 0.374267
v 1.97003 1.17766285 0.412031
v 2.00858 1.12134957 0.374267
v 1.97003 1.17766285 0.412031
v 2.00858 1.17766285 0.412031
v 2.00495 1.10973132 0.379502
v 2.00495 1.11667991 0.301432
v 2.00858 1.12386203 0.306249
v 2.00495 1.10973132 0.379502
v 2.00858 1.12386203 0.306249
v 2.00858 1.11766028 0.37593
v 2.00495 1.11667991 0.301432
v 2.00495 1.19046593 0.268184
v 2.00858 1.18971932 0.276573
v 2.00495 1.11667991 0.301432
v 2.00858 1.18971932 0.276573
v 2.00858 1.12386203 0.306249
v 2.00495 1.19046593 0.268184
v 2.00495 1.25730324 0.313005
v 2.00858 1.24937451 0.316578
v 2.00495 1.19046593 0.268184
v 2.00858 1.24937451 0.316578
v 2.00858 1.18971932 0.276573
v 2.00495 1.25730324 0.313005
v 2.00495 1.25035489 0.391075
v 2.00858 1.24317265 0.386259
v 2.00495 1.25730324 0.313005
v 2.00858 1.24317265 0.386259
v 2.00858 1.24937451 0.316578
v 2.00495 1.25035489 0.391075
v 2.00495 1.17656875 0.424324
v 2.00858 1.17731547 0.415935
v 2.00495 1.25035489 0.391075
v 2.00858 1.17731547 0.415935
v 2.00858 1.24317265 0.386259
v 2.00495 1.17656875 0.424324
v 2.00495 1.10973132 0.379502
v 2.00858 1.11766028 0.37593
v 2.00495 1.17656875 0.424324
v 2.00858 1.11766028 0.37593
v 2.00858 1.17731547 0.415935
v 2.00495 1.10973132 0.379502
v 1.99621 1.1064471 0.380982
v 1.99621 1.11370492 0.299437
v 2.00495 1.10973132 0.379502
v 1.99621 1.11370492 0.299437
v 2.00495 1.11667991 0.301432
v 2.00495 1.11667991 0.301432
v 1.99621 1.11370492 0.299437
v 1.99621 1.19077528 0.264709
v 2.00495 1.11667991 0.301432
v 1.99621 1.19077528 0.264709
v 2.00495 1.19046593 0.268184
v 2.00495 1.19046593 0.268184
v 1.99621 1.19077528 0.264709
v 1.99621 1.26058757 0.311525
v 2.00495 1.19046593 0.268184
v 1.99621 1.26058757 0.311525
v 2.00495 1.25730324 0.313005
v 2.00495 1.25730324 0.313005
v 1.99621 1.26058757 0.311525
v 1.99621 1.25332975 0.39307
v 2.00495 1.25730324 0.313005
v 1.99621 1.25332975 0.39307
v 2.00495 1.25035489 0.391075
v 2.00495 1.25035489 0.391075
v 1.99621 1.25332975 0.39307
v 1.99621 1.17625952 0.427799
v 2.00495 1.25035489 0.391075
v 1.99621 1.17625952 0.427799
v 2.00495 1.17656875 0.424324
v 2.00495 1.17656875 0.424324
v 1.99621 1.17625952 0.427799
v 1.99621 1.1064471 0.380982
v 2.00495 1.17656875 0.424324
v 1.99621 1.1064471 0.380982
v 2.00495 1.10973132 0.379502
v 1.38875 1.35797155 0.38816
v 1.4122 1.35797155 0.38816
v 1.41024 1.5873512 0.168419
v 1.38875 1.35797155 0.38816
v 1.41024 1.5873512 0.168419
v 1.38679 1.5873512 0.168419
v 1.38875 1.37418556 0.403733
v 1.4122 1.37418556 0.403733
v 1.4122 1.35797155 0.38816
v 1.38875 1.37418556 0.403733
v 1.4122 1.35797155 0.38816
v 1.38875 1.35797155 0.38816
v 1.38679 1.5873512 0.168419
v 1.41024 1.5873512 0.168419
v 1.41024 1.60356522 0.183992
v 1.38679 1.5873512 0.168419
v 1.41024 1.60356522 0.183992
v 1.38679 1.60356522 0.183992
v 1.38679 1.60356522 0.183992
v 1.41024 1.60356522 0.183992
v 1.4122 1.37418556 0.403733
v 1.38679 1.60356522 0.183992
v 1.4122 1.37418556 0.403733
v 1.38875 1.37418556 0.403733
v 1.38915 1.33547258 0.458248
v 1.38915 1.30230784 0.426357
v 1.41261 1.30230784 0.426357
v 1.38915 1.33547258 0.458248
v 1.41261 1.30230784 0.426357
v 1.41261 1.33547258 0.458248
v 1.41261 1.30230784 0.426357
v 1.4122 1.35797155 0.38816
v 1.4122 1.37418556 0.403733
v 1.41261 1.30230784 0.426357
v 1.4122 1.37418556 0.403733
v 1.41261 1.33547258 0.458248
v 1.38915 1.33547258 0.458248
v 1.38875 1.37418556 0.403733
v 1.38875 1.35797155 0.38816
v 1.38915 1.33547258 0.458248
v 1.38875 1.35797155 0.38816
v 1.38915 1.30230784 0.426357
v 1.38875 1.35018373 0.380665
v 1.38679 1.57999337 0.161337
v 1.41024 1.57999337 0.161337
v 1.38875 1.35018373 0.380665
v 1.41024 1.57999337 0.161337
v 1.4122 1.35018373 0.380665
v 1.39021 1.62655938 0.116894
v 1.38679 1.5873512 0.168419
v 1.38679 1.60356522 0.183992
v 1.39021 1.62655938 0.116894
v 1.38679 1.60356522 0.183992
v 1.39021 1.6585108 0.147618
v 1.38679 1.60356522 0.183992
v 1.38875 1.37418556 0.403733
v 1.38875 1.38316929 0.412383
v 1.38679 1.60356522 0.183992
v 1.38875 1.38316929 0.412383
v 1.38679 1.61211896 0.192228
v 1.4122 1.38316929 0.412383
v 1.41024 1.61211896 0.192228
v 1.38679 1.61211896 0.192228
v 1.4122 1.38316929 0.412383
v 1.38679 1.61211896 0.192228
v 1.38875 1.38316929 0.412383
v 1.38875 1.35797155 0.38816
v 1.38679 1.5873512 0.168419
v 1.38679 1.57999337 0.161337
v 1.38875 1.35797155 0.38816
v 1.38679 1.57999337 0.161337
v 1.38875 1.35018373 0.380665
v 1.41024 1.61211896 0.192228
v 1.40603 1.6585108 0.147618
v 1.39021 1.6585108 0.147618
v 1.41024 1.61211896 0.192228
v 1.39021 1.6585108 0.147618
v 1.38679 1.61211896 0.192228
v 1.40985 1.17311394 0.247219
v 1.40985 1.19759917 0.270764
v 1.38639 1.19759917 0.270764
v 1.40985 1.17311394 0.247219
v 1.38639 1.19759917 0.270764
v 1.38639 1.17311394 0.247219
v 1.40953 1.20589292 0.215699
v 1.40953 1.23051322 0.239374
v 1.40985 1.19759917 0.270764
v 1.40953 1.20589292 0.215699
v 1.40985 1.19759917 0.270764
v 1.40985 1.17311394 0.247219
v 1.4122 1.37418556 0.403733
v 1.41024 1.60356522 0.183992
v 1.41024 1.61211896 0.192228
v 1.4122 1.37418556 0.403733
v 1.41024 1.61211896 0.192228
v 1.4122 1.38316929 0.412383
v 1.38679 1.57999337 0.161337
v 1.39021 1.62655938 0.116894
v 1.40603 1.62655938 0.116894
v 1.38679 1.57999337 0.161337
v 1.40603 1.62655938 0.116894
v 1.41024 1.57999337 0.161337
v 1.40985 1.19759917 0.270764
v 1.40953 1.23051322 0.239374
v 1.38671 1.23051322 0.239374
v 1.40985 1.19759917 0.270764
v 1.38671 1.23051322 0.239374
v 1.38639 1.19759917 0.270764
v 1.41261 1.33547258 0.458248
v 1.4122 1.38316929 0.412383
v 1.38875 1.38316929 0.412383
v 1.41261 1.33547258 0.458248
v 1.38875 1.38316929 0.412383
v 1.38915 1.33547258 0.458248
v 1.38921 1.46760213 -0.0359568
v 1.38671 1.20589292 0.215699
v 1.38671 1.23051322 0.239374
v 1.38921 1.46760213 -0.0359568
v 1.38671 1.23051322 0.239374
v 1.38921 1.49330056 -0.0112456
v 1.38915 1.30230784 0.426357
v 1.38875 1.35018373 0.380665
v 1.4122 1.35018373 0.380665
v 1.38915 1.30230784 0.426357
v 1.4122 1.35018373 0.380665
v 1.41261 1.30230784 0.426357
v 1.40703 1.46760213 -0.0359568
v 1.40953 1.20589292 0.215699
v 1.38671 1.20589292 0.215699
v 1.40703 1.46760213 -0.0359568
v 1.38671 1.20589292 0.215699
v 1.38921 1.46760213 -0.0359568
v 1.40603 1.65402317 0.0904858
v 1.40603 1.62655938 0.116894
v 1.39021 1.62655938 0.116894
v 1.40603 1.65402317 0.0904858
v 1.39021 1.62655938 0.116894
v 1.39021 1.65402317 0.0904858
v 1.40603 1.68597436 0.12121
v 1.40603 1.6585108 0.147618
v 1.40603 1.62655938 0.116894
v 1.40603 1.68597436 0.12121
v 1.40603 1.62655938 0.116894
v 1.40603 1.65402317 0.0904858
v 1.0455 1.25515604 0.535479
v 1.0455 1.26544249 0.525588
v 1.0455 1.2323519 0.493768
v 1.0455 1.25515604 0.535479
v 1.0455 1.2323519 0.493768
v 1.0455 1.22199154 0.503588
v 1.36096 1.22199154 0.503588
v 1.36096 1.2323519 0.493768
v 1.38061 1.2323519 0.493768
v 1.36096 1.22199154 0.503588
v 1.38061 1.2323519 0.493768
v 1.38061 1.22199154 0.503588
v 1.36585 1.5352509 0.212197
v 1.36585 1.55940068 0.235419
v 1.3855 1.55940068 0.235419
v 1.36585 1.5352509 0.212197
v 1.3855 1.55940068 0.235419
v 1.3855 1.5352509 0.212197
v 1.36585 1.55940068 0.235419
v 1.36096 1.26544249 0.525588
v 1.38061 1.26544249 0.525588
v 1.36585 1.55940068 0.235419
v 1.38061 1.26544249 0.525588
v 1.3855 1.55940068 0.235419
v 1.36096 1.2323519 0.493768
v 1.36585 1.5352509 0.212197
v 1.3855 1.5352509 0.212197
v 1.36096 1.2323519 0.493768
v 1.3855 1.5352509 0.212197
v 1.38061 1.2323519 0.493768
v 1.36096 1.26544249 0.525588
v 1.36585 1.55940068 0.235419
v 1.36585 1.5352509 0.212197
v 1.36096 1.26544249 0.525588
v 1.36585 1.5352509 0.212197
v 1.36096 1.2323519 0.493768
v 1.38061 1.2323519 0.493768
v 1.3855 1.5352509 0.212197
v 1.3855 1.55940068 0.235419
v 1.38061 1.2323519 0.493768
v 1.3855 1.55940068 0.235419
v 1.38061 1.26544249 0.525588
v 1.0455 1.2323519 0.493768
v 1.06093 1.2323519 0.493768
v 1.06093 1.22199154 0.503588
v 1.0455 1.2323519 0.493768
v 1.06093 1.22199154 0.503588
v 1.0455 1.22199154 0.503588
v 1.0455 1.25515604 0.535479
v 1.06093 1.25515604 0.535479
v 1.06093 1.26544249 0.525588
v 1.0455 1.25515604 0.535479
v 1.06093 1.26544249 0.525588
v 1.0455 1.26544249 0.525588
v 1.0455 1.22199154 0.503588
v 1.06093 1.22199154 0.503588
v 1.06093 1.25515604 0.535479
v 1.0455 1.22199154 0.503588
v 1.06093 1.25515604 0.535479
v 1.0455 1.25515604 0.535479
v 1.06093 1.2323519 0.493768
v 1.36096 1.2323519 0.493768
v 1.36096 1.22199154 0.503588
v 1.06093 1.2323519 0.493768
v 1.36096 1.22199154 0.503588
v 1.06093 1.22199154 0.503588
v 1.06093 1.26544249 0.525588
v 1.36096 1.26544249 0.525588
v 1.36096 1.2323519 0.493768
v 1.06093 1.26544249 0.525588
v 1.36096 1.2323519 0.493768
v 1.06093 1.2323519 0.493768
v 1.06093 1.25515604 0.535479
v 1.36096 1.25515604 0.535479
v 1.36096 1.26544249 0.525588
v 1.06093 1.25515604 0.535479
v 1.36096 1.26544249 0.525588
v 1.06093 1.26544249 0.525588
v 1.06093 1.22199154 0.503588
v 1.36096 1.22199154 0.503588
v 1.36096 1.25515604 0.535479
v 1.06093 1.22199154 0.503588
v 1.36096 1.25515604 0.535479
v 1.06093 1.25515604 0.535479
v 1.06093 1.3571198 0.373793
v 1.06093 1.2323519 0.493768
v 1.0455 1.2323519 0.493768
v 1.06093 1.3571198 0.373793
v 1.0455 1.2323519 0.493768
v 1.0455 1.3571198 0.373793
v 1.0455 1.3571198 0.373793
v 1.0455 1.2323519 0.493768
v 1.0455 1.26544249 0.525588
v 1.0455 1.3571198 0.373793
v 1.0455 1.26544249 0.525588
v 1.04723 1.39021039 0.405612
v 1.76604 0.847840786 0.701761
v 1.76604 0.858475447 0.711987
v 0.21076 0.858475447 0.711987
v 1.76604 0.847840786 0.701761
v 0.21076 0.858475447 0.711987
v 0.21076 0.847840786 0.701761
v 1.76604 0.893768311 0.657597
v 1.76604 0.904403031 0.667824
v 1.76604 0.858475447 0.711987
v 1.76604 0.893768311 0.657597
v 1.76604 0.858475447 0.711987
v 1.76604 0.847840786 0.701761
v 0.21076 0.893768311 0.657597
v 0.21076 0.904403031 0.667824
v 1.76604 0.904403031 0.667824
v 0.21076 0.893768311 0.657597
v 1.76604 0.904403031 0.667824
v 1.76604 0.893768311 0.657597
v 0.21076 0.847840786 0.701761
v 0.21076 0.858475447 0.711987
v 0.21076 0.904403031 0.667824
v 0.21076 0.847840786 0.701761
v 0.21076 0.904403031 0.667824
v 0.21076 0.893768311 0.657597
v 1.76604 0.858475447 0.711987
v 1.76604 0.904403031 0.667824
v 0.21076 0.904403031 0.667824
v 1.76604 0.858475447 0.711987
v 0.21076 0.904403031 0.667824
v 0.21076 0.858475447 0.711987
v 1.76604 0.893768311 0.657597
v 1.76604 0.847840786 0.701761
v 0.21076 0.847840786 0.701761
v 1.76604 0.893768311 0.657597
v 0.21076 0.847840786 0.701761
v 0.21076 0.893768311 0.657597
v 0.124131 1.52630532 0.0318999
v 0.800819 1.52630532 0.0318999
v 0.800819 1.22762001 0.319112
v 0.124131 1.52630532 0.0318999
v 0.800819 1.22762001 0.319112
v 0.124131 1.22762001 0.319112
v 0.800819 1.2339381 0.325187
v 0.800819 1.53262341 0.0379753
v 0.124131 1.53262341 0.0379753
v 0.800819 1.2339381 0.325187
v 0.124131 1.53262341 0.0379753
v 0.124131 1.2339381 0.325187
v 0.124131 1.2339381 0.325187
v 0.124131 1.53262341 0.0379753
v 0.124131 1.52630532 0.0318999
v 0.124131 1.2339381 0.325187
v 0.124131 1.52630532 0.0318999
v 0.124131 1.22762001 0.319112
v 0.124131 1.53262341 0.0379753
v 0.800819 1.53262341 0.0379753
v 0.800819 1.52630532 0.0318999
v 0.124131 1.53262341 0.0379753
v 0.800819 1.52630532 0.0318999
v 0.124131 1.52630532 0.0318999
v 1.85267 1.53262341 0.0379753
v 1.85267 1.2339381 0.325187
v 1.85267 1.22762001 0.319112
v 1.85267 1.53262341 0.0379753
v 1.85267 1.22762001 0.319112
v 1.85267 1.52630532 0.0318999
v 1.85267 1.2339381 0.325187
v 1.46456 1.2339381 0.325187
v 1.46456 1.22762001 0.319112
v 1.85267 1.2339381 0.325187
v 1.46456 1.22762001 0.319112
v 1.85267 1.22762001 0.319112
v 1.46196 1.52630532 0.0318999
v 1.46456 1.52630532 0.0318999
v 1.46456 1.22762001 0.319112
v 1.46196 1.52630532 0.0318999
v 1.46456 1.22762001 0.319112
v 1.46196 1.22762001 0.319112
v 1.46196 1.23058069 0.321959
v 1.45936 1.2339381 0.325187
v 1.45936 1.22762001 0.319112
v 1.46196 1.23058069 0.321959
v 1.45936 1.22762001 0.319112
v 1.46196 1.22762001 0.319112
v 1.46196 1.23058069 0.321959
v 1.46456 1.2339381 0.325187
v 1.46456 1.53262341 0.0379753
v 1.46196 1.23058069 0.321959
v 1.46456 1.53262341 0.0379753
v 1.46196 1.529266 0.0347468
v 1.46196 1.529266 0.0347468
v 1.46456 1.53262341 0.0379753
v 1.46456 1.52630532 0.0318999
v 1.46196 1.529266 0.0347468
v 1.46456 1.52630532 0.0318999
v 1.46196 1.52630532 0.0318999
v 0.803421 1.52630532 0.0318999
v 0.806023 1.52630532 0.0318999
v 0.806023 1.22762001 0.319112
v 0.803421 1.52630532 0.0318999
v 0.806023 1.22762001 0.319112
v 0.803421 1.22762001 0.319112
v 0.803421 1.23058069 0.321959
v 0.800819 1.2339381 0.325187
v 0.800819 1.22762001 0.319112
v 0.803421 1.23058069 0.321959
v 0.800819 1.22762001 0.319112
v 0.803421 1.22762001 0.319112
v 0.803421 1.23058069 0.321959
v 0.806023 1.2339381 0.325187
v 0.806023 1.53262341 0.0379753
v 0.803421 1.23058069 0.321959
v 0.806023 1.53262341 0.0379753
v 0.803421 1.529266 0.0347468
v 0.803421 1.529266 0.0347468
v 0.806023 1.53262341 0.0379753
v 0.806023 1.52630532 0.0318999
v 0.803421 1.529266 0.0347468
v 0.806023 1.52630532 0.0318999
v 0.803421 1.52630532 0.0318999
v 1.46456 1.53262341 0.0379753
v 1.85267 1.53262341 0.0379753
v 1.85267 1.52630532 0.0318999
v 1.46456 1.53262341 0.0379753
v 1.85267 1.52630532 0.0318999
v 1.46456 1.52630532 0.0318999
v 1.46456 1.52630532 0.0318999
v 1.85267 1.52630532 0.0318999
v 1.85267 1.22762001 0.319112
v 1.46456 1.52630532 0.0318999
v 1.85267 1.22762001 0.319112
v 1.46456 1.22762001 0.319112
v 1.45936 1.52630532 0.0318999
v 1.46196 1.52630532 0.0318999
v 1.46196 1.22762001 0.319112
v 1.45936 1.52630532 0.0318999
v 1.46196 1.22762001 0.319112
v 1.45936 1.22762001 0.319112
v 0.806023 1.52630532 0.0318999
v 1.45936 1.52630532 0.0318999
v 1.45936 1.22762001 0.319112
v 0.806023 1.52630532 0.0318999
v 1.45936 1.22762001 0.319112
v 0.806023 1.22762001 0.319112
v 1.45936 1.53262341 0.0379753
v 1.46196 1.529266 0.0347468
v 1.46196 1.52630532 0.0318999
v 1.45936 1.53262341 0.0379753
v 1.46196 1.52630532 0.0318999
v 1.45936 1.52630532 0.0318999
v 0.806023 1.53262341 0.0379753
v 1.45936 1.53262341 0.0379753
v 1.45936 1.52630532 0.0318999
v 0.806023 1.53262341 0.0379753
v 1.45936 1.52630532 0.0318999
v 0.806023 1.52630532 0.0318999
v 1.46456 1.2339381 0.325187
v 1.46196 1.23058069 0.321959
v 1.46196 1.22762001 0.319112
v 1.46456 1.2339381 0.325187
v 1.46196 1.22762001 0.319112
v 1.46456 1.22762001 0.319112
v 0.806023 1.2339381 0.325187
v 0.803421 1.23058069 0.321959
v 0.803421 1.22762001 0.319112
v 0.806023 1.2339381 0.325187
v 0.803421 1.22762001 0.319112
v 0.806023 1.22762001 0.319112
v 1.45936 1.2339381 0.325187
v 0.806023 1.2339381 0.325187
v 0.806023 1.22762001 0.319112
v 1.45936 1.2339381 0.325187
v 0.806023 1.22762001 0.319112
v 1.45936 1.22762001 0.319112
v 1.46456 1.2339381 0.325187
v 1.85267 1.2339381 0.325187
v 1.85267 1.53262341 0.0379753
v 1.46456 1.2339381 0.325187
v 1.85267 1.53262341 0.0379753
v 1.46456 1.53262341 0.0379753
v 1.45936 1.2339381 0.325187
v 1.46196 1.23058069 0.321959
v 1.46196 1.529266 0.0347468
v 1.45936 1.2339381 0.325187
v 1.46196 1.529266 0.0347468
v 1.45936 1.53262341 0.0379753
v 0.806023 1.2339381 0.325187
v 1.45936 1.2339381 0.325187
v 1.45936 1.53262341 0.0379753
v 0.806023 1.2339381 0.325187
v 1.45936 1.53262341 0.0379753
v 0.806023 1.53262341 0.0379753
v 0.800819 1.52630532 0.0318999
v 0.803421 1.52630532 0.0318999
v 0.803421 1.22762001 0.319112
v 0.800819 1.52630532 0.0318999
v 0.803421 1.22762001 0.319112
v 0.800819 1.22762001 0.319112
v 0.800819 1.53262341 0.0379753
v 0.803421 1.529266 0.0347468
v 0.803421 1.52630532 0.0318999
v 0.800819 1.53262341 0.0379753
v 0.803421 1.52630532 0.0318999
v 0.800819 1.52630532 0.0318999
v 0.800819 1.2339381 0.325187
v 0.124131 1.2339381 0.325187
v 0.124131 1.22762001 0.319112
v 0.800819 1.2339381 0.325187
v 0.124131 1.22762001 0.319112
v 0.800819 1.22762001 0.319112
v 0.800819 1.2339381 0.325187
v 0.803421 1.23058069 0.321959
v 0.803421 1.529266 0.0347468
v 0.800819 1.2339381 0.325187
v 0.803421 1.529266 0.0347468
v 0.800819 1.53262341 0.0379753
v 0.124131 1.12948155 0.416758
v 1.85267 1.12948155 0.416758
v 1.85267 1.0512327 0.492001
v 0.124131 1.12948155 0.416758
v 1.85267 1.0512327 0.492001
v 0.124131 1.0512327 0.492001
v 1.85267 1.05743635 0.497966
v 1.85267 1.13568521 0.422723
v 0.124131 1.13568521 0.422723
v 1.85267 1.05743635 0.497966
v 0.124131 1.13568521 0.422723
v 0.124131 1.05743635 0.497966
v 0.124131 1.05743635 0.497966
v 0.124131 1.13568521 0.422723
v 0.124131 1.12948155 0.416758
v 0.124131 1.05743635 0.497966
v 0.124131 1.12948155 0.416758
v 0.124131 1.0512327 0.492001
v 0.124131 1.13568521 0.422723
v 1.85267 1.13568521 0.422723
v 1.85267 1.12948155 0.416758
v 0.124131 1.13568521 0.422723
v 1.85267 1.12948155 0.416758
v 0.124131 1.12948155 0.416758
v 1.85267 1.13568521 0.422723
v 1.85267 1.05743635 0.497966
v 1.85267 1.0512327 0.492001
v 1.85267 1.13568521 0.422723
v 1.85267 1.0512327 0.492001
v 1.85267 1.12948155 0.416758
v 1.85267 1.05743635 0.497966
v 0.124131 1.05743635 0.497966
v 0.124131 1.0512327 0.492001
v 1.85267 1.05743635 0.497966
v 0.124131 1.0512327 0.492001
v 1.85267 1.0512327 0.492001
v 1.85267 0.921194077 0.540825
v 1.85267 0.960826218 0.578934
v 1.60954 0.819030404 0.715283
v 1.85267 0.921194077 0.540825
v 1.60954 0.819030404 0.715283
v 1.60954 0.779398203 0.677174
v 0.124131 1.34658158 0.131778
v 0.124131 1.38621366 0.169888
v 0.360214 1.52800953 0.0335386
v 0.124131 1.34658158 0.131778
v 0.360214 1.52800953 0.0335386
v 0.360214 1.48837721 -0.00457116
v 1.85267 1.34658158 0.131778
v 1.60954 1.48837721 -0.00457116
v 1.60954 1.52800953 0.0335386
v 1.85267 1.34658158 0.131778
v 1.60954 1.52800953 0.0335386
v 1.85267 1.38621366 0.169888
v 0.360214 0.779398203 0.677174
v 0.360214 0.819030404 0.715283
v 0.124131 0.960826218 0.578934
v 0.360214 0.779398203 0.677174
v 0.124131 0.960826218 0.578934
v 0.124131 0.921194077 0.540825
v 0.124131 0.819030404 0.715283
v 0.360214 0.819030404 0.715283
v 0.360214 0.779398203 0.677174
v 0.124131 0.819030404 0.715283
v 0.360214 0.779398203 0.677174
v 0.124131 0.779398203 0.677174
v 1.85267 0.819030404 0.715283
v 1.85267 0.960826218 0.578934
v 1.85267 0.921194077 0.540825
v 1.85267 0.819030404 0.715283
v 1.85267 0.921194077 0.540825
v 1.85267 0.779398203 0.677174
v 1.85267 1.52800953 0.0335386
v 1.60954 1.52800953 0.0335386
v 1.60954 1.48837721 -0.00457116
v 1.85267 1.52800953 0.0335386
v 1.60954 1.48837721 -0.00457116
v 1.85267 1.48837721 -0.00457116
v 0.124131 1.52800953 0.0335386
v 0.124131 1.38621366 0.169888
v 0.124131 1.34658158 0.131778
v 0.124131 1.52800953 0.0335386
v 0.124131 1.34658158 0.131778
v 0.124131 1.48837721 -0.00457116
v 0.124131 1.52800953 0.0335386
v 0.124131 1.48837721 -0.00457116
v 0.360214 1.48837721 -0.00457116
v 0.124131 1.52800953 0.0335386
v 0.360214 1.48837721 -0.00457116
v 0.360214 1.52800953 0.0335386
v 1.85267 0.819030404 0.715283
v 1.85267 0.779398203 0.677174
v 1.60954 0.779398203 0.677174
v 1.85267 0.819030404 0.715283
v 1.60954 0.779398203 0.677174
v 1.60954 0.819030404 0.715283
v 0.124131 0.819030404 0.715283
v 0.124131 0.779398203 0.677174
v 0.124131 0.921194077 0.540825
v 0.124131 0.819030404 0.715283
v 0.124131 0.921194077 0.540825
v 0.124131 0.960826218 0.578934
v 1.85267 1.52800953 0.0335386
v 1.85267 1.48837721 -0.00457116
v 1.85267 1.34658158 0.131778
v 1.85267 1.52800953 0.0335386
v 1.85267 1.34658158 0.131778
v 1.85267 1.38621366 0.169888
v 1.60642 0.826224804 0.722201
v 1.85267 0.969999611 0.583902
v 1.85267 0.91602844 0.532004
v 1.60642 0.826224804 0.722201
v 1.85267 0.91602844 0.532004
v 1.60642 0.772203863 0.670256
v 0.36342 1.53518963 0.0404428
v 0.124131 1.39137936 0.178709
v 0.124131 1.33740819 0.126811
v 0.36342 1.53518963 0.0404428
v 0.124131 1.33740819 0.126811
v 0.36342 1.48119736 -0.0114754
v 1.60642 1.5352037 0.0404566
v 1.60642 1.48118293 -0.0114892
v 1.85267 1.33740819 0.126811
v 1.60642 1.5352037 0.0404566
v 1.85267 1.33740819 0.126811
v 1.85267 1.39137936 0.178709
v 0.124131 0.969999611 0.583902
v 0.36342 0.826210499 0.722188
v 0.36342 0.772218227 0.670269
v 0.124131 0.969999611 0.583902
v 0.36342 0.772218227 0.670269
v 0.124131 0.91602844 0.532004
v 0.36342 0.772218227 0.670269
v 0.36342 0.826210499 0.722188
v 0.121036 0.824025273 0.723813
v 0.36342 0.772218227 0.670269
v 0.121036 0.824025273 0.723813
v 0.121036 0.770527959 0.672371
v 1.85267 0.91602844 0.532004
v 1.85267 0.969999611 0.583902
v 1.85568 0.824034631 0.723829
v 1.85267 0.91602844 0.532004
v 1.85568 0.824034631 0.723829
v 1.85568 0.770511568 0.672362
v 1.60642 1.48118293 -0.0114892
v 1.60642 1.5352037 0.0404566
v 1.85568 1.53689623 0.0383505
v 1.60642 1.48118293 -0.0114892
v 1.85568 1.53689623 0.0383505
v 1.85568 1.48337317 -0.0131165
v 0.124131 1.33740819 0.126811
v 0.124131 1.39137936 0.178709
v 0.121036 1.53687966 0.0383416
v 0.124131 1.33740819 0.126811
v 0.121036 1.53687966 0.0383416
v 0.121036 1.48338234 -0.0131006
v 0.36342 1.48119736 -0.0114754
v 0.121036 1.48338234 -0.0131006
v 0.121036 1.53687966 0.0383416
v 0.36342 1.48119736 -0.0114754
v 0.121036 1.53687966 0.0383416
v 0.36342 1.53518963 0.0404428
v 1.60642 0.772203863 0.670256
v 1.85568 0.770511568 0.672362
v 1.85568 0.824034631 0.723829
v 1.60642 0.772203863 0.670256
v 1.85568 0.824034631 0.723829
v 1.60642 0.826224804 0.722201
v 0.124131 0.91602844 0.532004
v 0.121036 0.770527959 0.672371
v 0.121036 0.824025273 0.723813
v 0.124131 0.91602844 0.532004
v 0.121036 0.824025273 0.723813
v 0.124131 0.969999611 0.583902
v 1.85267 1.33740819 0.126811
v 1.85568 1.48337317 -0.0131165
v 1.85568 1.53689623 0.0383505
v 1.85267 1.33740819 0.126811
v 1.85568 1.53689623 0.0383505
v 1.85267 1.39137936 0.178709
v 1.85267 0.819030404 0.715283
v 1.85267 1.52800953 0.0335386
v 0.124131 1.52800953 0.0335386
v 1.85267 0.819030404 0.715283
v 0.124131 1.52800953 0.0335386
v 0.124131 0.819030404 0.715283
v 0.124131 0.779398203 0.677174
v 0.124131 0.819030404 0.715283
v 0.124131 1.52800953 0.0335386
v 0.124131 0.779398203 0.677174
v 0.124131 1.52800953 0.0335386
v 0.124131 1.48837721 -0.00457116
v 1.85267 1.48837721 -0.00457116
v 1.85267 0.779398203 0.677174
v 0.124131 0.779398203 0.677174
v 1.85267 1.48837721 -0.00457116
v 0.124131 0.779398203 0.677174
v 0.124131 1.48837721 -0.00457116
v 1.85267 1.48837721 -0.00457116
v 1.85267 1.52800953 0.0335386
v 1.85267 0.819030404 0.715283
v 1.85267 1.48837721 -0.00457116
v 1.85267 0.819030404 0.715283
v 1.85267 0.779398203 0.677174
v 1.85267 0.779398203 0.677174
v 1.85267 0.819030404 0.715283
v 0.124131 0.819030404 0.715283
v 1.85267 0.779398203 0.677174
v 0.124131 0.819030404 0.715283
v 0.124131 0.779398203 0.677174
v 0.124131 1.48837721 -0.00457116
v 0.124131 1.52800953 0.0335386
v 1.85267 1.52800953 0.0335386
v 0.124131 1.48837721 -0.00457116
v 1.85267 1.52800953 0.0335386
v 1.85267 1.48837721 -0.00457116
v 1.93128 0.545380473 0.274919
v 1.93128 0.58886528 0.310006
v 1.93128 0.0534502268 0.923578
v 1.93128 0.545380473 0.274919
v 1.93128 0.0534502268 0.923578
v 1.93128 0.00996541977 0.888491
v 1.91415 0.545380473 0.274919
v 1.91415 0.58886528 0.310006
v 1.93128 0.58886528 0.310006
v 1.91415 0.545380473 0.274919
v 1.93128 0.58886528 0.310006
v 1.93128 0.545380473 0.274919
v 1.91415 0.00996541977 0.888491
v 1.91415 0.0534502268 0.923578
v 1.91415 0.58886528 0.310006
v 1.91415 0.00996541977 0.888491
v 1.91415 0.58886528 0.310006
v 1.91415 0.545380473 0.274919
v 1.93128 0.00996541977 0.888491
v 1.93128 0.0534502268 0.923578
v 1.91415 0.0534502268 0.923578
v 1.93128 0.00996541977 0.888491
v 1.91415 0.0534502268 0.923578
v 1.91415 0.00996541977 0.888491
v 1.93128 0.58886528 0.310006
v 1.91415 0.58886528 0.310006
v 1.91415 0.0534502268 0.923578
v 1.93128 0.58886528 0.310006
v 1.91415 0.0534502268 0.923578
v 1.93128 0.0534502268 0.923578
v 1.91415 0.545380473 0.274919
v 1.93128 0.545380473 0.274919
v 1.93128 0.00996541977 0.888491
v 1.91415 0.545380473 0.274919
v 1.93128 0.00996541977 0.888491
v 1.91415 0.00996541977 0.888491
v 0.0545868 0.545380473 0.274919
v 0.0545868 0.58886528 0.310006
v 0.0545868 0.0534502268 0.923578
v 0.0545868 0.545380473 0.274919
v 0.0545868 0.0534502268 0.923578
v 0.0545868 0.00996541977 0.888491
v 0.0374507 0.545380473 0.274919
v 0.0374507 0.58886528 0.310006
v 0.0545868 0.58886528 0.310006
v 0.0374507 0.545380473 0.274919
v 0.0545868 0.58886528 0.310006
v 0.0545868 0.545380473 0.274919
v 0.0374507 0.00996541977 0.888491
v 0.0374507 0.0534502268 0.923578
v 0.0374507 0.58886528 0.310006
v 0.0374507 0.00996541977 0.888491
v 0.0374507 0.58886528 0.310006
v 0.0374507 0.545380473 0.274919
v 0.0545868 0.00996541977 0.888491
v 0.0545868 0.0534502268 0.923578
v 0.0374507 0.0534502268 0.923578
v 0.0545868 0.00996541977 0.888491
v 0.0374507 0.0534502268 0.923578
v 0.0374507 0.00996541977 0.888491
v 0.0545868 0.58886528 0.310006
v 0.0374507 0.58886528 0.310006
v 0.0374507 0.0534502268 0.923578
v 0.0545868 0.58886528 0.310006
v 0.0374507 0.0534502268 0.923578
v 0.0545868 0.0534502268 0.923578
v 0.0374507 0.545380473 0.274919
v 0.0545868 0.545380473 0.274919
v 0.0545868 0.00996541977 0.888491
v 0.0374507 0.545380473 0.274919
v 0.0545868 0.00996541977 0.888491
v 0.0374507 0.00996541977 0.888491
v 1.88558 0.634835005 0.332191
v 1.86749 0.716129959 0.332191
v 0.0912207 0.41896069 0.332191
v 1.88558 0.634835005 0.332191
v 0.0912207 0.41896069 0.332191
v 0.109309 0.337665737 0.332191
v 1.88558 0.634835005 0.31519
v 1.86749 0.716129959 0.31519
v 1.86749 0.716129959 0.332191
v 1.88558 0.634835005 0.31519
v 1.86749 0.716129959 0.332191
v 1.88558 0.634835005 0.332191
v 0.109309 0.337665737 0.31519
v 0.0912207 0.41896069 0.31519
v 1.86749 0.716129959 0.31519
v 0.109309 0.337665737 0.31519
v 1.86749 0.716129959 0.31519
v 1.88558 0.634835005 0.31519
v 0.109309 0.337665737 0.332191
v 0.0912207 0.41896069 0.332191
v 0.0912207 0.41896069 0.31519
v 0.109309 0.337665737 0.332191
v 0.0912207 0.41896069 0.31519
v 0.109309 0.337665737 0.31519
v 1.86749 0.716129959 0.332191
v 1.86749 0.716129959 0.31519
v 0.0912207 0.41896069 0.31519
v 1.86749 0.716129959 0.332191
v 0.0912207 0.41896069 0.31519
v 0.0912207 0.41896069 0.332191
v 1.88558 0.634835005 0.31519
v 1.88558 0.634835005 0.332191
v 0.109309 0.337665737 0.332191
v 1.88558 0.634835005 0.31519
v 0.109309 0.337665737 0.332191
v 0.109309 0.337665737 0.31519
v 1.89292 0.628779292 0.349602
v 1.89292 0.779427052 0.349602
v 0.0838858 0.779427052 0.349602
v 1.89292 0.628779292 0.349602
v 0.0838858 0.779427052 0.349602
v 0.0838858 0.628779292 0.349602
v 1.89292 0.628779292 0.332601
v 1.89292 0.779427052 0.332601
v 1.89292 0.779427052 0.349602
v 1.89292 0.628779292 0.332601
v 1.89292 0.779427052 0.349602
v 1.89292 0.628779292 0.349602
v 0.0838858 0.628779292 0.332601
v 0.0838858 0.779427052 0.332601
v 1.89292 0.779427052 0.332601
v 0.0838858 0.628779292 0.332601
v 1.89292 0.779427052 0.332601
v 1.89292 0.628779292 0.332601
v 0.0838858 0.628779292 0.349602
v 0.0838858 0.779427052 0.349602
v 0.0838858 0.779427052 0.332601
v 0.0838858 0.628779292 0.349602
v 0.0838858 0.779427052 0.332601
v 0.0838858 0.628779292 0.332601
v 1.89292 0.779427052 0.349602
v 1.89292 0.779427052 0.332601
v 0.0838858 0.779427052 0.332601
v 1.89292 0.779427052 0.349602
v 0.0838858 0.779427052 0.332601
v 0.0838858 0.779427052 0.349602
v 1.89292 0.628779292 0.332601
v 1.89292 0.628779292 0.349602
v 0.0838858 0.628779292 0.349602
v 1.89292 0.628779292 0.332601
v 0.0838858 0.628779292 0.349602
v 0.0838858 0.628779292 0.332601
v 1.89292 0.206577182 0.349602
v 1.89292 0.357225001 0.349602
v 0.0838858 0.357225001 0.349602
v 1.89292 0.206577182 0.349602
v 0.0838858 0.357225001 0.349602
v 0.0838858 0.206577182 0.349602
v 1.89292 0.206577182 0.332601
v 1.89292 0.357225001 0.332601
v 1.89292 0.357225001 0.349602
v 1.89292 0.206577182 0.332601
v 1.89292 0.357225001 0.349602
v 1.89292 0.206577182 0.349602
v 0.0838858 0.206577182 0.332601
v 0.0838858 0.357225001 0.332601
v 1.89292 0.357225001 0.332601
v 0.0838858 0.206577182 0.332601
v 1.89292 0.357225001 0.332601
v 1.89292 0.206577182 0.332601
v 0.0838858 0.206577182 0.349602
v 0.0838858 0.357225001 0.349602
v 0.0838858 0.357225001 0.332601
v 0.0838858 0.206577182 0.349602
v 0.0838858 0.357225001 0.332601
v 0.0838858 0.206577182 0.332601
v 1.89292 0.357225001 0.349602
v 1.89292 0.357225001 0.332601
v 0.0838858 0.357225001 0.332601
v 1.89292 0.357225001 0.349602
v 0.0838858 0.357225001 0.332601
v 0.0838858 0.357225001 0.349602
v 1.89292 0.206577182 0.332601
v 1.89292 0.206577182 0.349602
v 0.0838858 0.206577182 0.349602
v 1.89292 0.206577182 0.332601
v 0.0838858 0.206577182 0.349602
v 0.0838858 0.206577182 0.332601
v 1.85223 1.34477425 0.359539
v 1.85223 1.34477425 0.326812
v 1.85223 1.33497643 0.290742
v 1.85223 1.34477425 0.359539
v 1.85223 1.33497643 0.290742
v 1.85223 1.33497643 0.395609
v 1.93983 1.34477425 0.326812
v 1.93983 1.34477425 0.359539
v 1.93983 1.33497643 0.395609
v 1.93983 1.34477425 0.326812
v 1.93983 1.33497643 0.395609
v 1.93983 1.33497643 0.290742
v 1.85223 1.22610998 0.253056
v 1.85223 1.22610998 0.433295
v 1.85223 1.26807177 0.433295
v 1.85223 1.22610998 0.253056
v 1.85223 1.26807177 0.433295
v 1.85223 1.26807177 0.253056
v 1.93983 1.22610998 0.433295
v 1.93983 1.22610998 0.253056
v 1.93983 1.26807177 0.253056
v 1.93983 1.22610998 0.433295
v 1.93983 1.26807177 0.253056
v 1.93983 1.26807177 0.433295
v 1.93983 0.0124794245 0.253056
v 1.93983 0.0124794245 0.433295
v 1.85223 0.0124794245 0.433295
v 1.93983 0.0124794245 0.253056
v 1.85223 0.0124794245 0.433295
v 1.85223 0.0124794245 0.253056
v 1.93983 0.0124794245 0.433295
v 1.93983 1.22610998 0.433295
v 1.85223 1.22610998 0.433295
v 1.93983 0.0124794245 0.433295
v 1.85223 1.22610998 0.433295
v 1.85223 0.0124794245 0.433295
v 1.93983 1.34477425 0.359539
v 1.93983 1.34477425 0.326812
v 1.85223 1.34477425 0.326812
v 1.93983 1.34477425 0.359539
v 1.85223 1.34477425 0.326812
v 1.85223 1.34477425 0.359539
v 1.93983 1.22610998 0.253056
v 1.93983 0.0124794245 0.253056
v 1.85223 0.0124794245 0.253056
v 1.93983 1.22610998 0.253056
v 1.85223 0.0124794245 0.253056
v 1.85223 1.22610998 0.253056
v 1.93983 1.22610998 0.253056
v 1.93983 1.22610998 0.433295
v 1.93983 0.0124794245 0.433295
v 1.93983 1.22610998 0.253056
v 1.93983 0.0124794245 0.433295
v 1.93983 0.0124794245 0.253056
v 1.85223 0.0124794245 0.253056
v 1.85223 0.0124794245 0.433295
v 1.85223 1.22610998 0.433295
v 1.85223 0.0124794245 0.253056
v 1.85223 1.22610998 0.433295
v 1.85223 1.22610998 0.253056
v 1.93983 1.26807177 0.253056
v 1.93983 1.22610998 0.253056
v 1.85223 1.22610998 0.253056
v 1.93983 1.26807177 0.253056
v 1.85223 1.22610998 0.253056
v 1.85223 1.26807177 0.253056
v 1.85223 1.26807177 0.433295
v 1.85223 1.22610998 0.433295
v 1.93983 1.22610998 0.433295
v 1.85223 1.26807177 0.433295
v 1.93983 1.22610998 0.433295
v 1.93983 1.26807177 0.433295
v 1.85223 1.30558252 0.262477
v 1.93983 1.30558252 0.262477
v 1.93983 1.26807177 0.253056
v 1.85223 1.30558252 0.262477
v 1.93983 1.26807177 0.253056
v 1.85223 1.26807177 0.253056
v 1.93983 1.30558252 0.423874
v 1.85223 1.30558252 0.423874
v 1.85223 1.26807177 0.433295
v 1.93983 1.30558252 0.423874
v 1.85223 1.26807177 0.433295
v 1.93983 1.26807177 0.433295
v 1.85223 1.30558252 0.262477
v 1.85223 1.33497643 0.290742
v 1.93983 1.33497643 0.290742
v 1.85223 1.30558252 0.262477
v 1.93983 1.33497643 0.290742
v 1.93983 1.30558252 0.262477
v 1.85223 1.33497643 0.290742
v 1.85223 1.34477425 0.326812
v 1.93983 1.34477425 0.326812
v 1.85223 1.33497643 0.290742
v 1.93983 1.34477425 0.326812
v 1.93983 1.33497643 0.290742
v 1.93983 1.30558252 0.423874
v 1.93983 1.33497643 0.395609
v 1.85223 1.33497643 0.395609
v 1.93983 1.30558252 0.423874
v 1.85223 1.33497643 0.395609
v 1.85223 1.30558252 0.423874
v 1.93983 1.33497643 0.395609
v 1.93983 1.34477425 0.359539
v 1.85223 1.34477425 0.359539
v 1.93983 1.33497643 0.395609
v 1.85223 1.34477425 0.359539
v 1.85223 1.33497643 0.395609
v 1.85223 1.30558252 0.423874
v 1.85223 1.30558252 0.262477
v 1.85223 1.26807177 0.253056
v 1.85223 1.30558252 0.423874
v 1.85223 1.26807177 0.253056
v 1.85223 1.26807177 0.433295
v 1.93983 1.30558252 0.262477
v 1.93983 1.30558252 0.423874
v 1.93983 1.26807177 0.433295
v 1.93983 1.30558252 0.262477
v 1.93983 1.26807177 0.433295
v 1.93983 1.26807177 0.253056
v 1.85223 1.33497643 0.395609
v 1.85223 1.33497643 0.290742
v 1.85223 1.30558252 0.262477
v 1.85223 1.33497643 0.395609
v 1.85223 1.30558252 0.262477
v 1.85223 1.30558252 0.423874
v 1.93983 1.33497643 0.290742
v 1.93983 1.33497643 0.395609
v 1.93983 1.30558252 0.423874
v 1.93983 1.33497643 0.290742
v 1.93983 1.30558252 0.423874
v 1.93983 1.30558252 0.262477
v 0.147014 0.062620163 1.0625
v 0 0.062620163 1.0625
v 0 -0.00138556957 1.0625
v 0.147014 0.062620163 1.0625
v 0 -0.00138556957 1.0625
v 0.147014 -0.00138556957 1.0625
v 0 0.062620163 1.0625
v 0 0.062620163 0.143585
v 0 -0.00138556957 0.143585
v 0 0.062620163 1.0625
v 0 -0.00138556957 0.143585
v 0 -0.00138556957 1.0625
v 0 0.062620163 0.143585
v 0.147014 0.062620163 0.143585
v 0.147014 -0.00138556957 0.143585
v 0 0.062620163 0.143585
v 0.147014 -0.00138556957 0.143585
v 0 -0.00138556957 0.143585
v 0.147014 0.062620163 0.143585
v 0.147014 0.062620163 1.0625
v 0.147014 -0.00138556957 1.0625
v 0.147014 0.062620163 0.143585
v 0.147014 -0.00138556957 1.0625
v 0.147014 -0.00138556957 0.143585
v 0.147014 0.062620163 0.143585
v 0 0.062620163 0.143585
v 0 0.062620163 1.0625
v 0.147014 0.062620163 0.143585
v 0 0.062620163 1.0625
v 0.147014 0.062620163 1.0625
v 0.147014 -0.00138556957 1.0625
v 0 -0.00138556957 1.0625
v 0 -0.00138556957 0.143585
v 0.147014 -0.00138556957 1.0625
v 0 -0.00138556957 0.143585
v 0.147014 -0.00138556957 0.143585
v 0.0278075 0.190572977 0.989236
v 0.0131822 0.190572977 0.989236
v 0.0131822 0.0550889969 0.989236
v 0.0278075 0.190572977 0.989236
v 0.0131822 0.0550889969 0.989236
v 0.0278075 0.0550889969 0.989236
v 0.0131822 0.190572977 0.989236
v 0.0131822 0.190572977 0.189428
v 0.0131822 0.0550889969 0.189428
v 0.0131822 0.190572977 0.989236
v 0.0131822 0.0550889969 0.189428
v 0.0131822 0.0550889969 0.989236
v 0.0131822 0.190572977 0.189428
v 0.0278075 0.190572977 0.189428
v 0.0278075 0.0550889969 0.189428
v 0.0131822 0.190572977 0.189428
v 0.0278075 0.0550889969 0.189428
v 0.0131822 0.0550889969 0.189428
v 0.0215489 0.184055805 0.195694
v 0.0215489 0.184055805 0.982969
v 0.0215489 0.0616061687 0.982969
v 0.0215489 0.184055805 0.195694
v 0.0215489 0.0616061687 0.982969
v 0.0215489 0.0616061687 0.195694
v 0.0278075 0.190572977 0.189428
v 0.0131822 0.190572977 0.189428
v 0.0131822 0.190572977 0.989236
v 0.0278075 0.190572977 0.189428
v 0.0131822 0.190572977 0.989236
v 0.0278075 0.190572977 0.989236
v 0.0278075 0.0550889969 0.989236
v 0.0131822 0.0550889969 0.989236
v 0.0131822 0.0550889969 0.189428
v 0.0278075 0.0550889969 0.989236
v 0.0131822 0.0550889969 0.189428
v 0.0278075 0.0550889969 0.189428
v 1.9691 -0.00138556957 1.04954
v 1.9691 0.062620163 1.04954
v 1.82208 0.062620163 1.04954
v 1.9691 -0.00138556957 1.04954
v 1.82208 0.062620163 1.04954
v 1.82208 -0.00138556957 1.04954
v 1.9691 -0.00138556957 0.130625
v 1.9691 0.062620163 0.130625
v 1.9691 0.062620163 1.04954
v 1.9691 -0.00138556957 0.130625
v 1.9691 0.062620163 1.04954
v 1.9691 -0.00138556957 1.04954
v 1.82208 -0.00138556957 0.130625
v 1.82208 0.062620163 0.130625
v 1.9691 0.062620163 0.130625
v 1.82208 -0.00138556957 0.130625
v 1.9691 0.062620163 0.130625
v 1.9691 -0.00138556957 0.130625
v 1.82208 -0.00138556957 1.04954
v 1.82208 0.062620163 1.04954
v 1.82208 0.062620163 0.130625
v 1.82208 -0.00138556957 1.04954
v 1.82208 0.062620163 0.130625
v 1.82208 -0.00138556957 0.130625
v 1.9691 0.062620163 1.04954
v 1.9691 0.062620163 0.130625
v 1.82208 0.062620163 0.130625
v 1.9691 0.062620163 1.04954
v 1.82208 0.062620163 0.130625
v 1.82208 0.062620163 1.04954
v 1.9691 -0.00138556957 0.130625
v 1.9691 -0.00138556957 1.04954
v 1.82208 -0.00138556957 1.04954
v 1.9691 -0.00138556957 0.130625
v 1.82208 -0.00138556957 1.04954
v 1.82208 -0.00138556957 0.130625
v 1.95503 0.0550889969 0.989222
v 1.95503 0.190572977 0.989222
v 1.9404 0.190572977 0.989222
v 1.95503 0.0550889969 0.989222
v 1.9404 0.190572977 0.989222
v 1.9404 0.0550889969 0.989222
v 1.95503 0.0550889969 0.189413
v 1.95503 0.190572977 0.189413
v 1.95503 0.190572977 0.989222
v 1.95503 0.0550889969 0.189413
v 1.95503 0.190572977 0.989222
v 1.95503 0.0550889969 0.989222
v 1.9404 0.0550889969 0.189413
v 1.9404 0.190572977 0.189413
v 1.95503 0.190572977 0.189413
v 1.9404 0.0550889969 0.189413
v 1.95503 0.190572977 0.189413
v 1.95503 0.0550889969 0.189413
v 1.94666 0.0616061687 0.982955
v 1.94666 0.184055805 0.982955
v 1.94666 0.184055805 0.19568
v 1.94666 0.0616061687 0.982955
v 1.94666 0.184055805 0.19568
v 1.94666 0.0616061687 0.19568
v 1.95503 0.190572977 0.989222
v 1.95503 0.190572977 0.189413
v 1.9404 0.190572977 0.189413
v 1.95503 0.190572977 0.989222
v 1.9404 0.190572977 0.189413
v 1.9404 0.190572977 0.989222
v 1.95503 0.0550889969 0.189413
v 1.95503 0.0550889969 0.989222
v 1.9404 0.0550889969 0.989222
v 1.95503 0.0550889969 0.189413
v 1.9404 0.0550889969 0.989222
v 1.9404 0.0550889969 0.189413
v 0.0278075 0.0616061687 0.982969
v 0.0278075 0.0550889969 0.989236
v 0.0278075 0.0550889969 0.189428
v 0.0278075 0.0616061687 0.982969
v 0.0278075 0.0550889969 0.189428
v 0.0278075 0.0616061687 0.195694
v 0.0278075 0.184055805 0.982969
v 0.0278075 0.190572977 0.989236
v 0.0278075 0.0550889969 0.989236
v 0.0278075 0.184055805 0.982969
v 0.0278075 0.0550889969 0.989236
v 0.0278075 0.0616061687 0.982969
v 0.0278075 0.184055805 0.195694
v 0.0278075 0.190572977 0.189428
v 0.0278075 0.190572977 0.989236
v 0.0278075 0.184055805 0.195694
v 0.0278075 0.190572977 0.989236
v 0.0278075 0.184055805 0.982969
v 0.0278075 0.0616061687 0.195694
v 0.0278075 0.0550889969 0.189428
v 0.0278075 0.190572977 0.189428
v 0.0278075 0.0616061687 0.195694
v 0.0278075 0.190572977 0.189428
v 0.0278075 0.184055805 0.195694
v 1.9404 0.184055805 0.19568
v 1.9404 0.190572977 0.189413
v 1.9404 0.0550889969 0.189413
v 1.9404 0.184055805 0.19568
v 1.9404 0.0550889969 0.189413
v 1.9404 0.0616061687 0.19568
v 1.9404 0.184055805 0.982955
v 1.9404 0.190572977 0.989222
v 1.9404 0.190572977 0.189413
v 1.9404 0.184055805 0.982955
v 1.9404 0.190572977 0.189413
v 1.9404 0.184055805 0.19568
v 1.9404 0.0616061687 0.982955
v 1.9404 0.0550889969 0.989222
v 1.9404 0.190572977 0.989222
v 1.9404 0.0616061687 0.982955
v 1.9404 0.190572977 0.989222
v 1.9404 0.184055805 0.982955
v 1.9404 0.0616061687 0.19568
v 1.9404 0.0550889969 0.189413
v 1.9404 0.0550889969 0.989222
v 1.9404 0.0616061687 0.19568
v 1.9404 0.0550889969 0.989222
v 1.9404 0.0616061687 0.982955
v 0.0215489 0.0616061687 0.982969
v 0.0278075 0.0616061687 0.982969
v 0.0278075 0.0616061687 0.195694
v 0.0215489 0.0616061687 0.982969
v 0.0278075 0.0616061687 0.195694
v 0.0215489 0.0616061687 0.195694
v 0.0215489 0.184055805 0.982969
v 0.0278075 0.184055805 0.982969
v 0.0278075 0.0616061687 0.982969
v 0.0215489 0.184055805 0.982969
v 0.0278075 0.0616061687 0.982969
v 0.0215489 0.0616061687 0.982969
v 0.0215489 0.184055805 0.195694
v 0.0278075 0.184055805 0.195694
v 0.0278075 0.184055805 0.982969
v 0.0215489 0.184055805 0.195694
v 0.0278075 0.184055805 0.982969
v 0.0215489 0.184055805 0.982969
v 0.0215489 0.0616061687 0.195694
v 0.0278075 0.0616061687 0.195694
v 0.0278075 0.184055805 0.195694
v 0.0215489 0.0616061687 0.195694
v 0.0278075 0.184055805 0.195694
v 0.0215489 0.184055805 0.195694
v 1.94666 0.184055805 0.19568
v 1.9404 0.184055805 0.19568
v 1.9404 0.0616061687 0.19568
v 1.94666 0.184055805 0.19568
v 1.9404 0.0616061687 0.19568
v 1.94666 0.0616061687 0.19568
v 1.94666 0.184055805 0.982955
v 1.9404 0.184055805 0.982955
v 1.9404 0.184055805 0.19568
v 1.94666 0.184055805 0.982955
v 1.9404 0.184055805 0.19568
v 1.94666 0.184055805 0.19568
v 1.94666 0.0616061687 0.982955
v 1.9404 0.0616061687 0.982955
v 1.9404 0.184055805 0.982955
v 1.94666 0.0616061687 0.982955
v 1.9404 0.184055805 0.982955
v 1.94666 0.184055805 0.982955
v 1.94666 0.0616061687 0.19568
v 1.9404 0.0616061687 0.19568
v 1.9404 0.0616061687 0.982955
v 1.94666 0.0616061687 0.19568
v 1.9404 0.0616061687 0.982955
v 1.94666 0.0616061687 0.982955
v 0.0283422 1.34477425 0.359539
v 0.0283422 1.34477425 0.326812
v 0.0283422 1.33497643 0.290742
v 0.0283422 1.34477425 0.359539
v 0.0283422 1.33497643 0.290742
v 0.0283422 1.33497643 0.395609
v 0.115941 1.34477425 0.326812
v 0.115941 1.34477425 0.359539
v 0.115941 1.33497643 0.395609
v 0.115941 1.34477425 0.326812
v 0.115941 1.33497643 0.395609
v 0.115941 1.33497643 0.290742
v 0.0283422 1.22610998 0.253056
v 0.0283422 1.22610998 0.433295
v 0.0283422 1.26807177 0.433295
v 0.0283422 1.22610998 0.253056
v 0.0283422 1.26807177 0.433295
v 0.0283422 1.26807177 0.253056
v 0.115941 1.22610998 0.433295
v 0.115941 1.22610998 0.253056
v 0.115941 1.26807177 0.253056
v 0.115941 1.22610998 0.433295
v 0.115941 1.26807177 0.253056
v 0.115941 1.26807177 0.433295
v 0.115941 0.0124794245 0.253056
v 0.115941 0.0124794245 0.433295
v 0.0283422 0.0124794245 0.433295
v 0.115941 0.0124794245 0.253056
v 0.0283422 0.0124794245 0.433295
v 0.0283422 0.0124794245 0.253056
v 0.115941 0.0124794245 0.433295
v 0.115941 1.22610998 0.433295
v 0.0283422 1.22610998 0.433295
v 0.115941 0.0124794245 0.433295
v 0.0283422 1.22610998 0.433295
v 0.0283422 0.0124794245 0.433295
v 0.115941 1.34477425 0.359539
v 0.115941 1.34477425 0.326812
v 0.0283422 1.34477425 0.326812
v 0.115941 1.34477425 0.359539
v 0.0283422 1.34477425 0.326812
v 0.0283422 1.34477425 0.359539
v 0.115941 1.22610998 0.253056
v 0.115941 0.0124794245 0.253056
v 0.0283422 0.0124794245 0.253056
v 0.115941 1.22610998 0.253056
v 0.0283422 0.0124794245 0.253056
v 0.0283422 1.22610998 0.253056
v 0.115941 1.22610998 0.253056
v 0.115941 1.22610998 0.433295
v 0.115941 0.0124794245 0.433295
v 0.115941 1.22610998 0.253056
v 0.115941 0.0124794245 0.433295
v 0.115941 0.0124794245 0.253056
v 0.0283422 0.0124794245 0.253056
v 0.0283422 0.0124794245 0.433295
v 0.0283422 1.22610998 0.433295
v 0.0283422 0.0124794245 0.253056
v 0.0283422 1.22610998 0.433295
v 0.0283422 1.22610998 0.253056
v 0.115941 1.26807177 0.253056
v 0.115941 1.22610998 0.253056
v 0.0283422 1.22610998 0.253056
v 0.115941 1.26807177 0.253056
v 0.0283422 1.22610998 0.253056
v 0.0283422 1.26807177 0.253056
v 0.0283422 1.26807177 0.433295
v 0.0283422 1.22610998 0.433295
v 0.115941 1.22610998 0.433295
v 0.0283422 1.26807177 0.433295
v 0.115941 1.22610998 0.433295
v 0.115941 1.26807177 0.433295
v 0.0283422 1.30558252 0.262477
v 0.115941 1.30558252 0.262477
v 0.115941 1.26807177 0.253056
v 0.0283422 1.30558252 0.262477
v 0.115941 1.26807177 0.253056
v 0.0283422 1.26807177 0.253056
v 0.115941 1.30558252 0.423874
v 0.0283422 1.30558252 0.423874
v 0.0283422 1.26807177 0.433295
v 0.115941 1.30558252 0.423874
v 0.0283422 1.26807177 0.433295
v 0.115941 1.26807177 0.433295
v 0.0283422 1.30558252 0.262477
v 0.0283422 1.33497643 0.290742
v 0.115941 1.33497643 0.290742
v 0.0283422 1.30558252 0.262477
v 0.115941 1.33497643 0.290742
v 0.115941 1.30558252 0.262477
v 0.0283422 1.33497643 0.290742
v 0.0283422 1.34477425 0.326812
v 0.115941 1.34477425 0.326812
v 0.0283422 1.33497643 0.290742
v 0.115941 1.34477425 0.326812
v 0.115941 1.33497643 0.290742
v 0.115941 1.30558252 0.423874
v 0.115941 1.33497643 0.395609
v 0.0283422 1.33497643 0.395609
v 0.115941 1.30558252 0.423874
v 0.0283422 1.33497643 0.395609
v 0.0283422 1.30558252 0.423874
v 0.115941 1.33497643 0.395609
v 0.115941 1.34477425 0.359539
v 0.0283422 1.34477425 0.359539
v 0.115941 1.33497643 0.395609
v 0.0283422 1.34477425 0.359539
v 0.0283422 1.33497643 0.395609
v 0.0283422 1.30558252 0.423874
v 0.0283422 1.30558252 0.262477
v 0.0283422 1.26807177 0.253056
v 0.0283422 1.30558252 0.423874
v 0.0283422 1.26807177 0.253056
v 0.0283422 1.26807177 0.433295
v 0.115941 1.30558252 0.262477
v 0.115941 1.30558252 0.423874
v 0.115941 1.26807177 0.433295
v 0.115941 1.30558252 0.262477
v 0.115941 1.26807177 0.433295
v 0.115941 1.26807177 0.253056
v 0.0283422 1.33497643 0.395609
v 0.0283422 1.33497643 0.290742
v 0.0283422 1.30558252 0.262477
v 0.0283422 1.33497643 0.395609
v 0.0283422 1.30558252 0.262477
v 0.0283422 1.30558252 0.423874
v 0.115941 1.33497643 0.290742
v 0.115941 1.33497643 0.395609
v 0.115941 1.30558252 0.423874
v 0.115941 1.33497643 0.290742
v 0.115941 1.30558252 0.423874
v 0.115941 1.30558252 0.262477
v 1.03698 1.34954107 0.408459
v 1.04539 1.34954107 0.408459
v 1.04539 1.34655738 0.416342
v 1.03698 1.34954107 0.408459
v 1.04539 1.34655738 0.416342
v 1.03698 1.34655738 0.416342
v 1.03698 1.37129438 0.420536
v 1.03677 1.37191188 0.420752
v 1.03677 1.36601555 0.427509
v 1.03698 1.37129438 0.420536
v 1.03677 1.36601555 0.427509
v 1.03698 1.36568689 0.426962
v 1.03698 1.35709584 0.404265
v 1.04539 1.35709584 0.404265
v 1.04539 1.34954107 0.408459
v 1.03698 1.35709584 0.404265
v 1.04539 1.34954107 0.408459
v 1.03698 1.34954107 0.408459
v 1.04539 1.36568689 0.426962
v 1.04561 1.36601555 0.427509
v 1.04561 1.37191188 0.420752
v 1.04539 1.36568689 0.426962
v 1.04561 1.37191188 0.420752
v 1.04539 1.37129438 0.420536
v 1.03698 1.36568689 0.405721
v 1.04539 1.36568689 0.405721
v 1.04539 1.35709584 0.404265
v 1.03698 1.36568689 0.405721
v 1.04539 1.35709584 0.404265
v 1.03698 1.35709584 0.404265
v 1.03698 1.37129438 0.412147
v 1.03677 1.37191188 0.411931
v 1.03677 1.37191188 0.420752
v 1.03698 1.37129438 0.412147
v 1.03677 1.37191188 0.420752
v 1.03698 1.37129438 0.420536
v 1.03698 1.37129438 0.412147
v 1.04539 1.37129438 0.412147
v 1.04539 1.36568689 0.405721
v 1.03698 1.37129438 0.412147
v 1.04539 1.36568689 0.405721
v 1.03698 1.36568689 0.405721
v 1.04539 1.37129438 0.420536
v 1.04561 1.37191188 0.420752
v 1.04561 1.37191188 0.411931
v 1.04539 1.37129438 0.420536
v 1.04561 1.37191188 0.411931
v 1.04539 1.37129438 0.412147
v 1.03698 1.37129438 0.420536
v 1.04539 1.37129438 0.420536
v 1.04539 1.37129438 0.412147
v 1.03698 1.37129438 0.420536
v 1.04539 1.37129438 0.412147
v 1.03698 1.37129438 0.412147
v 1.03698 1.34954107 0.424224
v 1.03677 1.34903765 0.42463
v 1.03677 1.3459003 0.416342
v 1.03698 1.34954107 0.424224
v 1.03677 1.3459003 0.416342
v 1.03698 1.34655738 0.416342
v 1.03698 1.36568689 0.426962
v 1.04539 1.36568689 0.426962
v 1.04539 1.37129438 0.420536
v 1.03698 1.36568689 0.426962
v 1.04539 1.37129438 0.420536
v 1.03698 1.37129438 0.420536
v 1.03698 1.35709584 0.428418
v 1.03677 1.35698164 0.429041
v 1.03677 1.34903765 0.42463
v 1.03698 1.35709584 0.428418
v 1.03677 1.34903765 0.42463
v 1.03698 1.34954107 0.424224
v 1.03698 1.35709584 0.428418
v 1.04539 1.35709584 0.428418
v 1.04539 1.36568689 0.426962
v 1.03698 1.35709584 0.428418
v 1.04539 1.36568689 0.426962
v 1.03698 1.36568689 0.426962
v 1.04539 1.34954107 0.424224
v 1.04561 1.34903765 0.42463
v 1.04561 1.35698164 0.429041
v 1.04539 1.34954107 0.424224
v 1.04561 1.35698164 0.429041
v 1.04539 1.35709584 0.428418
v 1.03698 1.34954107 0.424224
v 1.04539 1.34954107 0.424224
v 1.04539 1.35709584 0.428418
v 1.03698 1.34954107 0.424224
v 1.04539 1.35709584 0.428418
v 1.03698 1.35709584 0.428418
v 1.03698 1.36568689 0.426962
v 1.03677 1.36601555 0.427509
v 1.03677 1.35698164 0.429041
v 1.03698 1.36568689 0.426962
v 1.03677 1.35698164 0.429041
v 1.03698 1.35709584 0.428418
v 1.03698 1.34655738 0.416342
v 1.04539 1.34655738 0.416342
v 1.04539 1.34954107 0.424224
v 1.03698 1.34655738 0.416342
v 1.04539 1.34954107 0.424224
v 1.03698 1.34954107 0.424224
v 1.04539 1.35709584 0.428418
v 1.04561 1.35698164 0.429041
v 1.04561 1.36601555 0.427509
v 1.04539 1.35709584 0.428418
v 1.04561 1.36601555 0.427509
v 1.04539 1.36568689 0.426962
v 1.04539 1.35709584 0.404265
v 1.04561 1.35698164 0.403642
v 1.04561 1.34903765 0.408053
v 1.04539 1.35709584 0.404265
v 1.04561 1.34903765 0.408053
v 1.04539 1.34954107 0.408459
v 1.03698 1.34954107 0.408459
v 1.03677 1.34903765 0.408053
v 1.03677 1.35698164 0.403642
v 1.03698 1.34954107 0.408459
v 1.03677 1.35698164 0.403642
v 1.03698 1.35709584 0.404265
v 1.04539 1.34954107 0.408459
v 1.04561 1.34903765 0.408053
v 1.04561 1.3459003 0.416342
v 1.04539 1.34954107 0.408459
v 1.04561 1.3459003 0.416342
v 1.04539 1.34655738 0.416342
v 1.04539 1.36568689 0.405721
v 1.04561 1.36601555 0.405174
v 1.04561 1.35698164 0.403642
v 1.04539 1.36568689 0.405721
v 1.04561 1.35698164 0.403642
v 1.04539 1.35709584 0.404265
v 1.03698 1.35709584 0.404265
v 1.03677 1.35698164 0.403642
v 1.03677 1.36601555 0.405174
v 1.03698 1.35709584 0.404265
v 1.03677 1.36601555 0.405174
v 1.03698 1.36568689 0.405721
v 1.03698 1.36568689 0.405721
v 1.03677 1.36601555 0.405174
v 1.03677 1.37191188 0.411931
v 1.03698 1.36568689 0.405721
v 1.03677 1.37191188 0.411931
v 1.03698 1.37129438 0.412147
v 1.03698 1.34655738 0.416342
v 1.03677 1.3459003 0.416342
v 1.03677 1.34903765 0.408053
v 1.03698 1.34655738 0.416342
v 1.03677 1.34903765 0.408053
v 1.03698 1.34954107 0.408459
v 1.04539 1.37129438 0.412147
v 1.04561 1.37191188 0.411931
v 1.04561 1.36601555 0.405174
v 1.04539 1.37129438 0.412147
v 1.04561 1.36601555 0.405174
v 1.04539 1.36568689 0.405721
v 1.04539 1.34655738 0.416342
v 1.04561 1.3459003 0.416342
v 1.04561 1.34903765 0.42463
v 1.04539 1.34655738 0.416342
v 1.04561 1.34903765 0.42463
v 1.04539 1.34954107 0.424224
v 1.04769 1.3511219 0.409735
v 1.04769 1.35120368 0.409801
v 1.04769 1.3487277 0.416342
v 1.04769 1.3511219 0.409735
v 1.04769 1.3487277 0.416342
v 1.04769 1.34862113 0.416342
v 1.04769 1.3574543 0.406219
v 1.04769 1.35747278 0.40632
v 1.04769 1.35120368 0.409801
v 1.04769 1.3574543 0.406219
v 1.04769 1.35120368 0.409801
v 1.04769 1.3511219 0.409735
v 1.04769 1.36465502 0.40744
v 1.04769 1.36460161 0.407529
v 1.04769 1.35747278 0.40632
v 1.04769 1.36465502 0.40744
v 1.04769 1.35747278 0.40632
v 1.04769 1.3574543 0.406219
v 1.04769 1.36935508 0.412826
v 1.04769 1.36925471 0.412861
v 1.04769 1.36460161 0.407529
v 1.04769 1.36935508 0.412826
v 1.04769 1.36460161 0.407529
v 1.04769 1.36465502 0.40744
v 1.04769 1.36935508 0.419857
v 1.04769 1.36925471 0.419822
v 1.04769 1.36925471 0.412861
v 1.04769 1.36935508 0.419857
v 1.04769 1.36925471 0.412861
v 1.04769 1.36935508 0.412826
v 1.04769 1.36465502 0.425243
v 1.04769 1.36460161 0.425154
v 1.04769 1.36925471 0.419822
v 1.04769 1.36465502 0.425243
v 1.04769 1.36925471 0.419822
v 1.04769 1.36935508 0.419857
v 1.04769 1.3574543 0.426464
v 1.04769 1.35747278 0.426363
v 1.04769 1.36460161 0.425154
v 1.04769 1.3574543 0.426464
v 1.04769 1.36460161 0.425154
v 1.04769 1.36465502 0.425243
v 1.04769 1.3511219 0.422949
v 1.04769 1.35120368 0.422883
v 1.04769 1.35747278 0.426363
v 1.04769 1.3511219 0.422949
v 1.04769 1.35747278 0.426363
v 1.04769 1.3574543 0.426464
v 1.04769 1.34862113 0.416342
v 1.04769 1.3487277 0.416342
v 1.04769 1.35120368 0.422883
v 1.04769 1.34862113 0.416342
v 1.04769 1.35120368 0.422883
v 1.04769 1.3511219 0.422949
v 1.03523 1.34668028 0.416342
v 1.03523 1.34963512 0.408535
v 1.03677 1.34903765 0.408053
v 1.03523 1.34668028 0.416342
v 1.03677 1.34903765 0.408053
v 1.03677 1.3459003 0.416342
v 1.04708 1.34669721 0.416342
v 1.04708 1.34964812 0.408545
v 1.04769 1.3511219 0.409735
v 1.04708 1.34669721 0.416342
v 1.04769 1.3511219 0.409735
v 1.04769 1.34862113 0.416342
v 1.03523 1.34963512 0.408535
v 1.03523 1.35711718 0.404381
v 1.03677 1.35698164 0.403642
v 1.03523 1.34963512 0.408535
v 1.03677 1.35698164 0.403642
v 1.03677 1.34903765 0.408053
v 1.04708 1.34964812 0.408545
v 1.04708 1.35712016 0.404397
v 1.04769 1.3574543 0.406219
v 1.04708 1.34964812 0.408545
v 1.04769 1.3574543 0.406219
v 1.04769 1.3511219 0.409735
v 1.03523 1.35711718 0.404381
v 1.03523 1.36562538 0.405824
v 1.03677 1.36601555 0.405174
v 1.03523 1.35711718 0.404381
v 1.03677 1.36601555 0.405174
v 1.03677 1.35698164 0.403642
v 1.04708 1.35712016 0.404397
v 1.04708 1.36561704 0.405838
v 1.04769 1.36465502 0.40744
v 1.04708 1.35712016 0.404397
v 1.04769 1.36465502 0.40744
v 1.04769 1.3574543 0.406219
v 1.03523 1.36562538 0.405824
v 1.03523 1.37117875 0.412188
v 1.03677 1.37191188 0.411931
v 1.03523 1.36562538 0.405824
v 1.03677 1.37191188 0.411931
v 1.03677 1.36601555 0.405174
v 1.04708 1.36561704 0.405838
v 1.04708 1.37116289 0.412193
v 1.04769 1.36935508 0.412826
v 1.04708 1.36561704 0.405838
v 1.04769 1.36935508 0.412826
v 1.04769 1.36465502 0.40744
v 1.03523 1.37117875 0.412188
v 1.03523 1.37117875 0.420495
v 1.03677 1.37191188 0.420752
v 1.03523 1.37117875 0.412188
v 1.03677 1.37191188 0.420752
v 1.03677 1.37191188 0.411931
v 1.04708 1.37116289 0.412193
v 1.04708 1.37116289 0.42049
v 1.04769 1.36935508 0.419857
v 1.04708 1.37116289 0.412193
v 1.04769 1.36935508 0.419857
v 1.04769 1.36935508 0.412826
v 1.03523 1.37117875 0.420495
v 1.03523 1.36562538 0.426859
v 1.03677 1.36601555 0.427509
v 1.03523 1.37117875 0.420495
v 1.03677 1.36601555 0.427509
v 1.03677 1.37191188 0.420752
v 1.04708 1.37116289 0.42049
v 1.04708 1.36561704 0.426845
v 1.04769 1.36465502 0.425243
v 1.04708 1.37116289 0.42049
v 1.04769 1.36465502 0.425243
v 1.04769 1.36935508 0.419857
v 1.03523 1.36562538 0.426859
v 1.03523 1.35711718 0.428302
v 1.03677 1.35698164 0.429041
v 1.03523 1.36562538 0.426859
v 1.03677 1.35698164 0.429041
v 1.03677 1.36601555 0.427509
v 1.04708 1.36561704 0.426845
v 1.04708 1.35712016 0.428286
v 1.04769 1.3574543 0.426464
v 1.04708 1.36561704 0.426845
v 1.04769 1.3574543 0.426464
v 1.04769 1.36465502 0.425243
v 1.03523 1.35711718 0.428302
v 1.03523 1.34963512 0.424148
v 1.03677 1.34903765 0.42463
v 1.03523 1.35711718 0.428302
v 1.03677 1.34903765 0.42463
v 1.03677 1.35698164 0.429041
v 1.04708 1.35712016 0.428286
v 1.04708 1.34964812 0.424138
v 1.04769 1.3511219 0.422949
v 1.04708 1.35712016 0.428286
v 1.04769 1.3511219 0.422949
v 1.04769 1.3574543 0.426464
v 1.03523 1.34963512 0.424148
v 1.03523 1.34668028 0.416342
v 1.03677 1.3459003 0.416342
v 1.03523 1.34963512 0.424148
v 1.03677 1.3459003 0.416342
v 1.03677 1.34903765 0.42463
v 1.04708 1.34964812 0.424138
v 1.04708 1.34669721 0.416342
v 1.04769 1.34862113 0.416342
v 1.04708 1.34964812 0.424138
v 1.04769 1.34862113 0.416342
v 1.04769 1.3511219 0.422949
v 1.03523 1.34668028 0.416342
v 1.0345 1.34860981 0.416342
v 1.0345 1.3511132 0.409728
v 1.03523 1.34668028 0.416342
v 1.0345 1.3511132 0.409728
v 1.03523 1.34963512 0.408535
v 1.04708 1.34669721 0.416342
v 1.04561 1.3459003 0.416342
v 1.04561 1.34903765 0.408053
v 1.04708 1.34669721 0.416342
v 1.04561 1.34903765 0.408053
v 1.04708 1.34964812 0.408545
v 1.03523 1.34963512 0.408535
v 1.0345 1.3511132 0.409728
v 1.0345 1.35745227 0.406208
v 1.03523 1.34963512 0.408535
v 1.0345 1.35745227 0.406208
v 1.03523 1.35711718 0.404381
v 1.04708 1.34964812 0.408545
v 1.04561 1.34903765 0.408053
v 1.04561 1.35698164 0.403642
v 1.04708 1.34964812 0.408545
v 1.04561 1.35698164 0.403642
v 1.04708 1.35712016 0.404397
v 1.03523 1.35711718 0.404381
v 1.0345 1.35745227 0.406208
v 1.0345 1.36466062 0.407431
v 1.03523 1.35711718 0.404381
v 1.0345 1.36466062 0.407431
v 1.03523 1.36562538 0.405824
v 1.04708 1.35712016 0.404397
v 1.04561 1.35698164 0.403642
v 1.04561 1.36601555 0.405174
v 1.04708 1.35712016 0.404397
v 1.04561 1.36601555 0.405174
v 1.04708 1.36561704 0.405838
v 1.03523 1.36562538 0.405824
v 1.0345 1.36466062 0.407431
v 1.0345 1.36936557 0.412822
v 1.03523 1.36562538 0.405824
v 1.0345 1.36936557 0.412822
v 1.03523 1.37117875 0.412188
v 1.04708 1.36561704 0.405838
v 1.04561 1.36601555 0.405174
v 1.04561 1.37191188 0.411931
v 1.04708 1.36561704 0.405838
v 1.04561 1.37191188 0.411931
v 1.04708 1.37116289 0.412193
v 1.03523 1.37117875 0.412188
v 1.0345 1.36936557 0.412822
v 1.0345 1.36936557 0.419861
v 1.03523 1.37117875 0.412188
v 1.0345 1.36936557 0.419861
v 1.03523 1.37117875 0.420495
v 1.04708 1.37116289 0.412193
v 1.04561 1.37191188 0.411931
v 1.04561 1.37191188 0.420752
v 1.04708 1.37116289 0.412193
v 1.04561 1.37191188 0.420752
v 1.04708 1.37116289 0.42049
v 1.03523 1.37117875 0.420495
v 1.0345 1.36936557 0.419861
v 1.0345 1.36466062 0.425253
v 1.03523 1.37117875 0.420495
v 1.0345 1.36466062 0.425253
v 1.03523 1.36562538 0.426859
v 1.04708 1.37116289 0.42049
v 1.04561 1.37191188 0.420752
v 1.04561 1.36601555 0.427509
v 1.04708 1.37116289 0.42049
v 1.04561 1.36601555 0.427509
v 1.04708 1.36561704 0.426845
v 1.03523 1.36562538 0.426859
v 1.0345 1.36466062 0.425253
v 1.0345 1.35745227 0.426475
v 1.03523 1.36562538 0.426859
v 1.0345 1.35745227 0.426475
v 1.03523 1.35711718 0.428302
v 1.04708 1.36561704 0.426845
v 1.04561 1.36601555 0.427509
v 1.04561 1.35698164 0.429041
v 1.04708 1.36561704 0.426845
v 1.04561 1.35698164 0.429041
v 1.04708 1.35712016 0.428286
v 1.03523 1.35711718 0.428302
v 1.0345 1.35745227 0.426475
v 1.0345 1.3511132 0.422956
v 1.03523 1.35711718 0.428302
v 1.0345 1.3511132 0.422956
v 1.03523 1.34963512 0.424148
v 1.04708 1.35712016 0.428286
v 1.04561 1.35698164 0.429041
v 1.04561 1.34903765 0.42463
v 1.04708 1.35712016 0.428286
v 1.04561 1.34903765 0.42463
v 1.04708 1.34964812 0.424138
v 1.03523 1.34963512 0.424148
v 1.0345 1.3511132 0.422956
v 1.0345 1.34860981 0.416342
v 1.03523 1.34963512 0.424148
v 1.0345 1.34860981 0.416342
v 1.03523 1.34668028 0.416342
v 1.04708 1.34964812 0.424138
v 1.04561 1.34903765 0.42463
v 1.04561 1.3459003 0.416342
v 1.04708 1.34964812 0.424138
v 1.04561 1.3459003 0.416342
v 1.04708 1.34669721 0.416342
v 1.0351 1.35167682 0.410182
v 1.0345 1.3511132 0.409728
v 1.0345 1.34860981 0.416342
v 1.0351 1.35167682 0.410182
v 1.0345 1.34860981 0.416342
v 1.0351 1.34934556 0.416342
v 1.0351 1.35757995 0.406905
v 1.0345 1.35745227 0.406208
v 1.0345 1.3511132 0.409728
v 1.0351 1.35757995 0.406905
v 1.0345 1.3511132 0.409728
v 1.0351 1.35167682 0.410182
v 1.0351 1.36429286 0.408043
v 1.0345 1.36466062 0.407431
v 1.0345 1.35745227 0.406208
v 1.0351 1.36429286 0.408043
v 1.0345 1.35745227 0.406208
v 1.0351 1.35757995 0.406905
v 1.0351 1.36867428 0.413064
v 1.0345 1.36936557 0.412822
v 1.0345 1.36466062 0.407431
v 1.0351 1.36867428 0.413064
v 1.0345 1.36466062 0.407431
v 1.0351 1.36429286 0.408043
v 1.0351 1.36867428 0.419619
v 1.0345 1.36936557 0.419861
v 1.0345 1.36936557 0.412822
v 1.0351 1.36867428 0.419619
v 1.0345 1.36936557 0.412822
v 1.0351 1.36867428 0.413064
v 1.0351 1.36429286 0.42464
v 1.0345 1.36466062 0.425253
v 1.0345 1.36936557 0.419861
v 1.0351 1.36429286 0.42464
v 1.0345 1.36936557 0.419861
v 1.0351 1.36867428 0.419619
v 1.0351 1.35757995 0.425778
v 1.0345 1.35745227 0.426475
v 1.0345 1.36466062 0.425253
v 1.0351 1.35757995 0.425778
v 1.0345 1.36466062 0.425253
v 1.0351 1.36429286 0.42464
v 1.0351 1.35167682 0.422501
v 1.0345 1.3511132 0.422956
v 1.0345 1.35745227 0.426475
v 1.0351 1.35167682 0.422501
v 1.0345 1.35745227 0.426475
v 1.0351 1.35757995 0.425778
v 1.0351 1.34934556 0.416342
v 1.0345 1.34860981 0.416342
v 1.0345 1.3511132 0.422956
v 1.0351 1.34934556 0.416342
v 1.0345 1.3511132 0.422956
v 1.0351 1.35167682 0.422501
v 1.03426 1.35372555 0.411835
v 1.0351 1.35167682 0.410182
v 1.0351 1.34934556 0.416342
v 1.03426 1.35372555 0.411835
v 1.0351 1.34934556 0.416342
v 1.03426 1.35201979 0.416342
v 1.03426 1.35804439 0.409438
v 1.0351 1.35757995 0.406905
v 1.0351 1.35167682 0.410182
v 1.03426 1.35804439 0.409438
v 1.0351 1.35167682 0.410182
v 1.03426 1.35372555 0.411835
v 1.03426 1.36295569 0.41027
v 1.0351 1.36429286 0.408043
v 1.0351 1.35757995 0.406905
v 1.03426 1.36295569 0.41027
v 1.0351 1.35757995 0.406905
v 1.03426 1.35804439 0.409438
v 1.03426 1.36616111 0.413944
v 1.0351 1.36867428 0.413064
v 1.0351 1.36429286 0.408043
v 1.03426 1.36616111 0.413944
v 1.0351 1.36429286 0.408043
v 1.03426 1.36295569 0.41027
v 1.03426 1.36616111 0.418739
v 1.0351 1.36867428 0.419619
v 1.0351 1.36867428 0.413064
v 1.03426 1.36616111 0.418739
v 1.0351 1.36867428 0.413064
v 1.03426 1.36616111 0.413944
v 1.03426 1.36295569 0.422413
v 1.0351 1.36429286 0.42464
v 1.0351 1.36867428 0.419619
v 1.03426 1.36295569 0.422413
v 1.0351 1.36867428 0.419619
v 1.03426 1.36616111 0.418739
v 1.03426 1.35804439 0.423245
v 1.0351 1.35757995 0.425778
v 1.0351 1.36429286 0.42464
v 1.03426 1.35804439 0.423245
v 1.0351 1.36429286 0.42464
v 1.03426 1.36295569 0.422413
v 1.03426 1.35372555 0.420848
v 1.0351 1.35167682 0.422501
v 1.0351 1.35757995 0.425778
v 1.03426 1.35372555 0.420848
v 1.0351 1.35757995 0.425778
v 1.03426 1.35804439 0.423245
v 1.03426 1.35201979 0.416342
v 1.0351 1.34934556 0.416342
v 1.0351 1.35167682 0.422501
v 1.03426 1.35201979 0.416342
v 1.0351 1.35167682 0.422501
v 1.03426 1.35372555 0.420848
v 1.38921 1.49330056 -0.0112456
v 1.40703 1.49330056 -0.0112456
v 1.40703 1.46760213 -0.0359568
v 1.38921 1.49330056 -0.0112456
v 1.40703 1.46760213 -0.0359568
v 1.38921 1.46760213 -0.0359568
v 1.40953 1.23051322 0.239374
v 1.40703 1.49330056 -0.0112456
v 1.38921 1.49330056 -0.0112456
v 1.40953 1.23051322 0.239374
v 1.38921 1.49330056 -0.0112456
v 1.38671 1.23051322 0.239374
v 1.40953 1.20589292 0.215699
v 1.40703 1.46760213 -0.0359568
v 1.40703 1.49330056 -0.0112456
v 1.40953 1.20589292 0.215699
v 1.40703 1.49330056 -0.0112456
v 1.40953 1.23051322 0.239374
v 1.40953 1.18259442 0.199125
v 1.40985 1.15267789 0.227892
v 1.38639 1.15267789 0.227892
v 1.40953 1.18259442 0.199125
v 1.38639 1.15267789 0.227892
v 1.38671 1.18259442 0.199125
v 1.38671 1.20589292 0.215699
v 1.38639 1.17311394 0.247219
v 1.38639 1.19759917 0.270764
v 1.38671 1.20589292 0.215699
v 1.38639 1.19759917 0.270764
v 1.38671 1.23051322 0.239374
v 1.38639 1.15267789 0.227892
v 1.38639 1.15783381 0.232768
v 1.38671 1.18847239 0.203306
v 1.38639 1.15267789 0.227892
v 1.38671 1.18847239 0.203306
v 1.38671 1.18259442 0.199125
v 1.40985 1.14809716 0.232371
v 1.40985 1.15325308 0.237247
v 1.38639 1.15325308 0.237247
v 1.40985 1.14809716 0.232371
v 1.38639 1.15325308 0.237247
v 1.38639 1.14809716 0.232371
v 1.40953 1.18259442 0.199125
v 1.40953 1.18847239 0.203306
v 1.40985 1.15783381 0.232768
v 1.40953 1.18259442 0.199125
v 1.40985 1.15783381 0.232768
v 1.40985 1.15267789 0.227892
v 1.38671 1.18771327 0.192471
v 1.38671 1.19359124 0.196653
v 1.40953 1.19359124 0.196653
v 1.38671 1.18771327 0.192471
v 1.40953 1.19359124 0.196653
v 1.40953 1.18771327 0.192471
v 1.38639 1.15783381 0.232768
v 1.38639 1.17311394 0.247219
v 1.38671 1.20589292 0.215699
v 1.38639 1.15783381 0.232768
v 1.38671 1.20589292 0.215699
v 1.38671 1.18847239 0.203306
v 1.38671 1.18847239 0.203306
v 1.38671 1.20589292 0.215699
v 1.40953 1.20589292 0.215699
v 1.38671 1.18847239 0.203306
v 1.40953 1.20589292 0.215699
v 1.40953 1.18847239 0.203306
v 1.40953 1.18847239 0.203306
v 1.40953 1.20589292 0.215699
v 1.40985 1.17311394 0.247219
v 1.40953 1.18847239 0.203306
v 1.40985 1.17311394 0.247219
v 1.40985 1.15783381 0.232768
v 1.40985 1.15783381 0.232768
v 1.40985 1.17311394 0.247219
v 1.38639 1.17311394 0.247219
v 1.40985 1.15783381 0.232768
v 1.38639 1.17311394 0.247219
v 1.38639 1.15783381 0.232768
v 1.40953 1.19359124 0.196653
v 1.40953 1.18847239 0.203306
v 1.40953 1.18259442 0.199125
v 1.40953 1.19359124 0.196653
v 1.40953 1.18259442 0.199125
v 1.40953 1.18771327 0.192471
v 1.38671 1.19359124 0.196653
v 1.38671 1.18847239 0.203306
v 1.40953 1.18847239 0.203306
v 1.38671 1.19359124 0.196653
v 1.40953 1.18847239 0.203306
v 1.40953 1.19359124 0.196653
v 1.38671 1.18771327 0.192471
v 1.38671 1.18259442 0.199125
v 1.38671 1.18847239 0.203306
v 1.38671 1.18771327 0.192471
v 1.38671 1.18847239 0.203306
v 1.38671 1.19359124 0.196653
v 1.40953 1.18771327 0.192471
v 1.40953 1.18259442 0.199125
v 1.38671 1.18259442 0.199125
v 1.40953 1.18771327 0.192471
v 1.38671 1.18259442 0.199125
v 1.38671 1.18771327 0.192471
v 1.38639 1.15325308 0.237247
v 1.38639 1.15783381 0.232768
v 1.38639 1.15267789 0.227892
v 1.38639 1.15325308 0.237247
v 1.38639 1.15267789 0.227892
v 1.38639 1.14809716 0.232371
v 1.40985 1.15325308 0.237247
v 1.40985 1.15783381 0.232768
v 1.38639 1.15783381 0.232768
v 1.40985 1.15325308 0.237247
v 1.38639 1.15783381 0.232768
v 1.38639 1.15325308 0.237247
v 1.40985 1.14809716 0.232371
v 1.40985 1.15267789 0.227892
v 1.40985 1.15783381 0.232768
v 1.40985 1.14809716 0.232371
v 1.40985 1.15783381 0.232768
v 1.40985 1.15325308 0.237247
v 1.38639 1.14809716 0.232371
v 1.38639 1.15267789 0.227892
v 1.40985 1.15267789 0.227892
v 1.38639 1.14809716 0.232371
v 1.40985 1.15267789 0.227892
v 1.40985 1.14809716 0.232371
v 1.39197 1.64764154 0.120264
v 1.39197 1.64928925 0.124276
v 1.39197 1.64760113 0.122598
v 1.39197 1.64928925 0.124276
v 1.39197 1.64764154 0.120264
v 1.39197 1.64938664 0.11864
v 1.39197 1.64928925 0.124276
v 1.39197 1.64938664 0.11864
v 1.39197 1.65171719 0.124315
v 1.39197 1.65171719 0.124315
v 1.39197 1.64938664 0.11864
v 1.39197 1.65181446 0.118679
v 1.39197 1.65171719 0.124315
v 1.39197 1.65181446 0.118679
v 1.39197 1.65346253 0.122692
v 1.39197 1.65346253 0.122692
v 1.39197 1.65181446 0.118679
v 1.39197 1.65350282 0.120357
v 1.93867 1.17314303 0.350928
v 1.93867 1.17865586 0.336278
v 1.93867 1.17274404 0.342505
v 1.93867 1.17865586 0.336278
v 1.93867 1.17314303 0.350928
v 1.93867 1.17961919 0.356613
v 1.93867 1.17865586 0.336278
v 1.93867 1.17961919 0.356613
v 1.93867 1.18741548 0.335894
v 1.93867 1.18741548 0.335894
v 1.93867 1.17961919 0.356613
v 1.93867 1.18837881 0.35623
v 1.93867 1.18741548 0.335894
v 1.93867 1.18837881 0.35623
v 1.93867 1.19389164 0.341579
v 1.93867 1.19389164 0.341579
v 1.93867 1.18837881 0.35623
v 1.93867 1.19429064 0.350002
v 1.41024 1.57999337 0.161337
v 1.4122 1.35797155 0.38816
v 1.4122 1.35018373 0.380665
v 1.4122 1.35797155 0.38816
v 1.41024 1.57999337 0.161337
v 1.41024 1.5873512 0.168419
v 1.41024 1.5873512 0.168419
v 1.41024 1.57999337 0.161337
v 1.41024 1.58400369 0.165193
v 1.40603 1.62655938 0.116894
v 1.41024 1.5873512 0.168419
v 1.41024 1.58400369 0.165193
v 1.41024 1.5873512 0.168419
v 1.40603 1.62655938 0.116894
v 1.41024 1.60356522 0.183992
v 1.41024 1.60356522 0.183992
v 1.40603 1.62655938 0.116894
v 1.40603 1.6585108 0.147618
v 1.39021 1.68267751 0.11804
v 1.40603 1.65402317 0.0904858
v 1.39021 1.65402317 0.0904858
v 1.40603 1.65402317 0.0904858
v 1.39021 1.68267751 0.11804
v 1.40603 1.68597436 0.12121
v 1.40603 1.68597436 0.12121
v 1.39021 1.68267751 0.11804
v 1.39559 1.68597436 0.12121
v 1.39021 1.6585108 0.147618
v 1.39021 1.65402317 0.0904858
v 1.39021 1.62655938 0.116894
v 1.39021 1.65402317 0.0904858
v 1.39021 1.6585108 0.147618
v 1.39021 1.68267751 0.11804
v 1.39021 1.68267751 0.11804
v 1.39021 1.6585108 0.147618
v 1.39021 1.68267751 0.12438
v 1.39021 1.68267751 0.12438
v 1.40603 1.68597436 0.12121
v 1.39559 1.68597436 0.12121
v 1.40603 1.68597436 0.12121
v 1.39021 1.68267751 0.12438
v 1.40603 1.6585108 0.147618
v 1.40603 1.6585108 0.147618
v 1.39021 1.68267751 0.12438
v 1.39021 1.6585108 0.147618
v 1.41967 1.65496588 0.14421
v 1.40703 1.54603386 0.0394621
v 1.41967 1.54603386 0.0394621
v 1.40703 1.54603386 0.0394621
v 1.41967 1.65496588 0.14421
v 1.40703 1.6585108 0.147618
v 1.40703 1.6585108 0.147618
v 1.41967 1.65496588 0.14421
v 1.41388 1.6585108 0.147618
v 1.41967 1.57281137 0.0121246
v 1.41967 1.65496588 0.14421
v 1.41967 1.54603386 0.0394621
v 1.41967 1.65496588 0.14421
v 1.41967 1.57281137 0.0121246
v 1.41967 1.68611431 0.121075
v 1.41967 1.65496588 0.14421
v 1.41967 1.68611431 0.121075
v 1.41967 1.66205573 0.14421
v 1.41388 1.6585108 0.147618
v 1.40703 1.68611431 0.121075
v 1.40703 1.6585108 0.147618
v 1.40703 1.68611431 0.121075
v 1.41388 1.6585108 0.147618
v 1.41967 1.68611431 0.121075
v 1.41967 1.68611431 0.121075
v 1.41388 1.6585108 0.147618
v 1.41967 1.66205573 0.14421
v 1.38061 1.24452138 0.525253
v 1.36096 1.22199154 0.503588
v 1.38061 1.22199154 0.503588
v 1.36096 1.22199154 0.503588
v 1.38061 1.24452138 0.525253
v 1.36096 1.25515604 0.535479
v 1.36096 1.25515604 0.535479
v 1.38061 1.24452138 0.525253
v 1.36327 1.25515604 0.535479
v 1.06093 1.3571198 0.373793
v 1.06093 1.26544249 0.525588
v 1.06093 1.2323519 0.493768
v 1.06093 1.26544249 0.525588
v 1.06093 1.3571198 0.373793
v 1.06093 1.37957585 0.415839
v 1.06093 1.37957585 0.415839
v 1.06093 1.3571198 0.373793
v 1.06093 1.37957585 0.395386

# 1750 UV coordinates
vt 0.325693935 0.609198928 0
vt 0.329079986 0.608422875 0
vt 0.328192532 0.612327576 0
vt 0.617672801 0.983678937 0
vt 0.61548847 0.986228824 0
vt 0.614973724 0.982910991 0
vt 0.3317976 0.610588372 0
vt 0.619268358 0.986095965 0
vt 0.331799001 0.61406374 0
vt 0.617855489 0.988976121 0
vt 0.329083204 0.616231501 0
vt 0.614544451 0.989546776 0
vt 0.325696498 0.61545825 0
vt 0.612029731 0.987318456 0
vt 0.324189097 0.612329185 0
vt 0.612344682 0.984125972 0
vt 0.579922795 0.580283761 0
vt 0.579924762 0.584076405 0
vt 0.575985968 0.582182169 0
vt 0.576956332 0.577920616 0
vt 0.573259175 0.578766465 0
vt 0.571615398 0.582184434 0
vt 0.573262751 0.585600674 0
vt 0.576960742 0.586442649 0
vt 0.0158261247 0.989096582 0
vt 0.0124380887 0.988329291 0
vt 0.0149293672 0.985194385 0
vt 0.351458579 0.615514755 0
vt 0.355067879 0.614902258 0
vt 0.353413939 0.618041873 0
vt 0.0109267067 0.985200286 0
vt 0.352293521 0.612517118 0
vt 0.0124308756 0.982067287 0
vt 0.355121017 0.611533225 0
vt 0.0158176459 0.981289923 0
vt 0.357916087 0.61260581 0
vt 0.0185351782 0.98345387 0
vt 0.358656049 0.615628362 0
vt 0.0185383912 0.986927092 0
vt 0.356621951 0.618092418 0
vt 0.392797261 0.610778332 0
vt 0.392799228 0.614570975 0
vt 0.388860434 0.61267668 0
vt 0.389830798 0.608415127 0
vt 0.386133641 0.609260976 0
vt 0.384489834 0.612679005 0
vt 0.386137187 0.616095185 0
vt 0.389835268 0.61693716 0
vt 0.620738208 0.301639378 0
vt 0.605938673 0.305791497 0
vt 0.605845392 0.297835469 0
vt 0.609742522 0.29089874 0
vt 0.616586089 0.286839902 0
vt 0.624542117 0.286746621 0
vt 0.631478906 0.290643752 0
vt 0.635537744 0.297487259 0
vt 0.635631084 0.305443287 0
vt 0.631733835 0.312380135 0
vt 0.624890327 0.316438913 0
vt 0.616934299 0.316532254 0
vt 0.609997451 0.312635005 0
vt 0.274141908 0.988296032 0
vt 0.274367541 0.987689972 0
vt 0.275087297 0.988303006 0
vt 0.0667753592 0.590627909 0
vt 0.0654034391 0.590872884 0
vt 0.0663039088 0.589777112 0
vt 0.2743586 0.98890537 0
vt 0.0665915534 0.591581821 0
vt 0.274916261 0.989232838 0
vt 0.0658309907 0.592184961 0
vt 0.275553942 0.989125252 0
vt 0.0648615882 0.592141986 0
vt 0.27597329 0.988632917 0
vt 0.0641573071 0.591474056 0
vt 0.275978029 0.987986207 0
vt 0.0640584901 0.590507567 0
vt 0.275566041 0.987487793 0
vt 0.0646033064 0.589701772 0
vt 0.274929971 0.987370789 0
vt 0.065459609 0.589603543 0
vt 0.0253273845 0.588981986 0
vt 0.0257515479 0.587842822 0
vt 0.0271044131 0.588995099 0
vt 0.494965374 0.60094285 0
vt 0.49617812 0.603282213 0
vt 0.493754178 0.602355599 0
vt 0.0257346984 0.590127349 0
vt 0.496608347 0.600968659 0
vt 0.026782915 0.590742886 0
vt 0.498155683 0.601527095 0
vt 0.0279815495 0.590540588 0
vt 0.498792499 0.603282988 0
vt 0.0287697669 0.589615166 0
vt 0.498155981 0.605038166 0
vt 0.0287787486 0.588399649 0
vt 0.496610492 0.605596542 0
vt 0.0280042756 0.587462664 0
vt 0.494969457 0.605623722 0
vt 0.026808748 0.587242842 0
vt 0.493756562 0.604215264 0
vt 0.401099861 0.617709756 0
vt 0.400299013 0.617735803 0
vt 0.400876522 0.61713475 0
vt 0.400867969 0.61828196 0
vt 0.400297821 0.618521154 0
vt 0.399723768 0.617132187 0
vt 0.399498343 0.617706835 0
vt 0.399728417 0.618280172 0
vt 0.400300324 0.6170398 0
vt 0.700137794 0.867160201 0
vt 0.701637745 0.869532585 0
vt 0.698899209 0.86891681 0
vt 0.702256441 0.866794944 0
vt 0.704011977 0.868035436 0
vt 0.701020241 0.872270525 0
vt 0.703136206 0.871907115 0
vt 0.704375565 0.870153069 0
vt 0.699265659 0.87103343 0
vt 0.413359523 0.231630981 0
vt 0.416300803 0.231379449 0
vt 0.415152043 0.249013662 0
vt 0.42549932 0.230734646 0
vt 0.424290031 0.245361745 0
vt 0.42220667 0.230760336 0
vt 0.447457045 0.14898169 0
vt 0.444266021 0.148986638 0
vt 0.447362036 0.133340895 0
vt 0.435729027 0.227835119 0
vt 0.43842873 0.22783345 0
vt 0.435792983 0.244270086 0
vt 0.447304875 0.227798641 0
vt 0.447241157 0.24422282 0
vt 0.444127768 0.227798402 0
vt 0.425180018 0.152367532 0
vt 0.422531128 0.152343035 0
vt 0.425508559 0.136416137 0
vt 0.413689882 0.152185678 0
vt 0.414378196 0.136094153 0
vt 0.416707218 0.152214408 0
vt 0.435992032 0.148972988 0
vt 0.435537338 0.132813573 0
vt 0.437383622 0.148978531 0
vt 0.447451621 0.124909759 0
vt 0.446067482 0.124809623 0
vt 0.446150124 0.12343508 0
vt 0.538289726 0.123020828 0
vt 0.488209695 0.172099948 0
vt 0.489232451 0.122018874 0
vt 0.749837399 0.943283975 0
vt 0.718306661 0.980618536 0
vt 0.718304873 0.902625799 0
vt 0.569990516 0.126212358 0
vt 0.621547043 0.175312042 0
vt 0.572539508 0.177736521 0
vt 0.490530074 0.204634964 0
vt 0.459101319 0.243436337 0
vt 0.459860802 0.166570961 0
vt 0.631005108 0.165380657 0
vt 0.579448581 0.116281092 0
vt 0.631035686 0.116313279 0
vt 0.547888875 0.132815719 0
vt 0.547900379 0.181883156 0
vt 0.497808903 0.181894898 0
vt 0.623562932 0.439712107 0
vt 0.588010013 0.405894995 0
vt 0.623563707 0.368516326 0
vt 0.161183268 0.192936182 0
vt 0.160939768 0.122816861 0
vt 0.196116179 0.158478856 0
vt 0.0228928551 0.245666325 0
vt 0.0743424073 0.196606576 0
vt 0.0743074119 0.247042298 0
vt 0.130807549 0.246067047 0
vt 0.0805101991 0.24981451 0
vt 0.0779196396 0.196985722 0
vt 0.57154417 0.196605742 0
vt 0.624256015 0.245876133 0
vt 0.571376622 0.247042298 0
vt 0.105771415 0.177782059 0
vt 0.0543559268 0.179122627 0
vt 0.0543556809 0.128686905 0
vt 0.637019455 0.232217968 0
vt 0.584295809 0.182960212 0
vt 0.634605408 0.179380774 0
vt 0.0110744154 0.180722237 0
vt 0.0614545718 0.183089554 0
vt 0.00999999978 0.232144058 0
vt 0.143512517 0.181942225 0
vt 0.143513486 0.2323789 0
vt 0.0906372964 0.183284998 0
vt 0.118673593 0.164268672 0
vt 0.0672528222 0.115178764 0
vt 0.117634565 0.112846196 0
vt 0.646064579 0.448426962 0
vt 0.64455539 0.448514819 0
vt 0.645328999 0.447334886 0
vt 0.262198031 0.251601636 0
vt 0.266380906 0.254337609 0
vt 0.26246959 0.257133722 0
vt 0.253032178 0.570785284 0
vt 0.256716222 0.574078798 0
vt 0.252575159 0.575745463 0
vt 0.406791717 0.615019381 0
vt 0.4072209 0.613866687 0
vt 0.408589751 0.615032613 0
vt 0.407203823 0.616178215 0
vt 0.408264488 0.616801083 0
vt 0.409477293 0.616596401 0
vt 0.410274833 0.615660071 0
vt 0.410283923 0.61443013 0
vt 0.409500271 0.613482118 0
vt 0.408290595 0.613259614 0
vt 0.325115204 0.608474791 0
vt 0.329285443 0.60751915 0
vt 0.619913876 0.978777409 0
vt 0.617871046 0.983357489 0
vt 0.61497438 0.982533336 0
vt 0.615648746 0.977563858 0
vt 0.332632333 0.610185862 0
vt 0.623290896 0.98105067 0
vt 0.619776845 0.985979438 0
vt 0.332634091 0.614465594 0
vt 0.478510886 0.615074873 0
vt 0.483929574 0.615072787 0
vt 0.483930886 0.618519068 0
vt 0.478512257 0.618521154 0
vt 0.329289377 0.617135048 0
vt 0.478509575 0.611628592 0
vt 0.483928204 0.611626506 0
vt 0.325118363 0.616182923 0
vt 0.478508234 0.608182311 0
vt 0.483926892 0.608180165 0
vt 0.323262006 0.612329543 0
vt 0.478506923 0.60473597 0
vt 0.483925551 0.604733944 0
vt 0.611973763 0.983759224 0
vt 0.611580789 0.97771883 0
vt 0.581386328 0.579578042 0
vt 0.58138907 0.584780693 0
vt 0.577317059 0.576336265 0
vt 0.572245419 0.577496648 0
vt 0.569990516 0.582185268 0
vt 0.572250366 0.586871624 0
vt 0.577323139 0.588026643 0
vt 0.29716295 0.614948332 0
vt 0.294001013 0.617472649 0
vt 0.293891966 0.616996109 0
vt 0.296722442 0.614736497 0
vt 0.29005602 0.616574407 0
vt 0.2903606 0.616192043 0
vt 0.288298637 0.61292994 0
vt 0.288787454 0.612929702 0
vt 0.290052235 0.609283805 0
vt 0.290357202 0.609665751 0
vt 0.293996274 0.608381391 0
vt 0.293887764 0.608857989 0
vt 0.297160834 0.610902369 0
vt 0.296720564 0.61111474 0
vt 0.297716141 0.615214407 0
vt 0.294137895 0.618071079 0
vt 0.289673537 0.617054462 0
vt 0.287684798 0.612930298 0
vt 0.289669216 0.608804047 0
vt 0.29413256 0.6077829 0
vt 0.297713757 0.610635757 0
vt 0.2981323 0.615414619 0
vt 0.294240892 0.618521154 0
vt 0.289385825 0.617415667 0
vt 0.287223011 0.612930536 0
vt 0.289381146 0.608443141 0
vt 0.29423508 0.607332706 0
vt 0.298129708 0.610435247 0
vt 0.618158042 0.989353299 0
vt 0.614415467 0.99000001 0
vt 0.611573994 0.987479925 0
vt 0.0160340425 0.99000001 0
vt 0.0118614407 0.989054799 0
vt 0.510261953 0.615074754 0
vt 0.504843295 0.615074873 0
vt 0.504843295 0.611628532 0
vt 0.510261953 0.611628473 0
vt 0.00999999978 0.985201478 0
vt 0.510262012 0.618521094 0
vt 0.504843354 0.618521154 0
vt 0.0118522681 0.981343389 0
vt 0.355206192 0.606135964 0
vt 0.355126977 0.611156762 0
vt 0.351958036 0.612143993 0
vt 0.351397783 0.60639298 0
vt 0.0160232037 0.980386257 0
vt 0.359004557 0.606512964 0
vt 0.358263195 0.612243533 0
vt 0.0193701461 0.983051181 0
vt 0.510261834 0.60473597 0
vt 0.504843175 0.60473597 0
vt 0.504843116 0.60128969 0
vt 0.510261774 0.60128963 0
vt 0.0193741545 0.987328351 0
vt 0.510261893 0.608182251 0
vt 0.504843175 0.608182311 0
vt 0.394260854 0.610072494 0
vt 0.394263566 0.615275204 0
vt 0.390191495 0.606830835 0
vt 0.385119885 0.607991099 0
vt 0.382864952 0.612679839 0
vt 0.385124773 0.617366076 0
vt 0.390197664 0.618521154 0
vt 0.606266618 0.986427188 0
vt 0.603104711 0.988951504 0
vt 0.602995694 0.988474965 0
vt 0.605826139 0.986215293 0
vt 0.599159718 0.988053262 0
vt 0.599464297 0.987670898 0
vt 0.597402334 0.984408915 0
vt 0.597891092 0.984408617 0
vt 0.599155843 0.980762661 0
vt 0.599460781 0.981144667 0
vt 0.603099942 0.979860246 0
vt 0.602991402 0.980336845 0
vt 0.606264532 0.982381225 0
vt 0.605824172 0.982593536 0
vt 0.606819808 0.986693203 0
vt 0.603241622 0.989549875 0
vt 0.598777235 0.988533378 0
vt 0.596788526 0.984409213 0
vt 0.598772883 0.980282962 0
vt 0.603236139 0.979261696 0
vt 0.606817484 0.982114553 0
vt 0.607235968 0.986893356 0
vt 0.603344619 0.99000001 0
vt 0.598489463 0.988894522 0
vt 0.596326709 0.984409451 0
vt 0.598484814 0.979922056 0
vt 0.603338718 0.978811443 0
vt 0.607233346 0.981914043 0
vt 0.353199363 0.618463993 0
vt 0.350984305 0.61559999 0
vt 0.359127402 0.615728498 0
vt 0.356823087 0.618521154 0
vt 0.935010076 0.594160736 0
vt 0.931775451 0.594160616 0
vt 0.931775808 0.582940221 0
vt 0.935010433 0.58294034 0
vt 0.16417408 0.586878777 0
vt 0.16093941 0.586887538 0
vt 0.159907073 0.202269852 0
vt 0.163141668 0.202261269 0
vt 0.935001493 0.978779554 0
vt 0.931766868 0.978779435 0
vt 0.935001254 0.99000001 0
vt 0.93176651 0.98999989 0
vt 0.179622725 0.196942806 0
vt 0.180683285 0.592109323 0
vt 0.177448645 0.592118025 0
vt 0.17638813 0.196951449 0
vt 0.154618353 0.197009206 0
vt 0.155678764 0.592176318 0
vt 0.152444139 0.592184961 0
vt 0.151383758 0.197017789 0
vt 0.184911594 0.202203333 0
vt 0.201392457 0.196884394 0
vt 0.1961319 0.202173233 0
vt 0.202453181 0.592051029 0
vt 0.197164297 0.586790502 0
vt 0.0201701894 0.584276199 0
vt 0.0201652069 0.606046081 0
vt 0.0169305764 0.606045365 0
vt 0.0169355627 0.584275484 0
vt 0.538109899 0.837935269 0
vt 0.541344523 0.837931097 0
vt 0.541372716 0.859700978 0
vt 0.538138032 0.85970521 0
vt 0.172159746 0.586857498 0
vt 0.171127483 0.202240109 0
vt 0.185943887 0.586820602 0
vt 0.274029166 0.257519543 0
vt 0.274028689 0.253751874 0
vt 0.569207311 0.288408577 0
vt 0.566149235 0.290176988 0
vt 0.56590569 0.289752305 0
vt 0.567158818 0.284819841 0
vt 0.697684228 0.157152832 0
vt 0.697608829 0.227636695 0
vt 0.640682399 0.227575719 0
vt 0.640757799 0.157091975 0
vt 0.657875478 0.99000001 0
vt 0.657315791 0.910079241 0
vt 0.714240849 0.909680605 0
vt 0.714800596 0.989601314 0
vt 0.417039514 0.489377379 0
vt 0.346892416 0.489266098 0
vt 0.347107977 0.353372872 0
vt 0.420385659 0.346554041 0
vt 0.27874577 0.489157975 0
vt 0.273771346 0.346321344 0
vt 0.346715689 0.600653529 0
vt 0.273361862 0.604427397 0
vt 0.419976205 0.604660034 0
vt 0.589396119 0.293633997 0
vt 0.594617248 0.294967592 0
vt 0.594780922 0.308921933 0
vt 0.589592516 0.310377538 0
vt 0.597597897 0.279035509 0
vt 0.601452708 0.282800972 0
vt 0.612000048 0.270493686 0
vt 0.613455653 0.275682092 0
vt 0.628743529 0.270297408 0
vt 0.627409995 0.275518477 0
vt 0.643342018 0.278499067 0
vt 0.639576614 0.282353878 0
vt 0.6518839 0.292901218 0
vt 0.646695495 0.294356883 0
vt 0.652080297 0.309644759 0
vt 0.646859169 0.308311224 0
vt 0.643878579 0.324243307 0
vt 0.640023768 0.320477843 0
vt 0.629476428 0.33278507 0
vt 0.628020763 0.327596724 0
vt 0.612732828 0.332981408 0
vt 0.614066422 0.327760339 0
vt 0.598134339 0.324779689 0
vt 0.601899803 0.320924878 0
vt 0.636683047 0.521063089 0
vt 0.63752538 0.522748947 0
vt 0.625899613 0.525241196 0
vt 0.625652313 0.523751736 0
vt 0.637909293 0.523660541 0
vt 0.638082981 0.536542177 0
vt 0.625834763 0.534676194 0
vt 0.625982225 0.525877655 0
vt 0.637712359 0.537448525 0
vt 0.636912465 0.539085865 0
vt 0.625421882 0.536831856 0
vt 0.625721633 0.535314023 0
vt 0.636579931 0.539758086 0
vt 0.635261178 0.549404383 0
vt 0.624091446 0.547769666 0
vt 0.625287533 0.537614346 0
vt 0.645129383 0.51355958 0
vt 0.64652431 0.514517248 0
vt 0.754357457 0.906876266 0
vt 0.764265895 0.906887114 0
vt 0.764252186 0.919308126 0
vt 0.754343808 0.919297218 0
vt 0.647113264 0.54554081 0
vt 0.645714462 0.546437025 0
vt 0.830584824 0.475492299 0
vt 0.840493321 0.475496411 0
vt 0.840488553 0.486840189 0
vt 0.830580175 0.486836135 0
vt 0.648495615 0.502584934 0
vt 0.65013665 0.502698183 0
vt 0.754371166 0.894455254 0
vt 0.764279485 0.894466162 0
vt 0.650153995 0.557624102 0
vt 0.648548126 0.557531178 0
vt 0.830589533 0.464148581 0
vt 0.840497911 0.464152694 0
vt 0.645985603 0.491157413 0
vt 0.647509992 0.490494609 0
vt 0.754384756 0.882034242 0
vt 0.764293134 0.88204515 0
vt 0.645609498 0.56922698 0
vt 0.644298732 0.568232775 0
vt 0.830594301 0.452804804 0
vt 0.84050256 0.452808857 0
vt 0.638718605 0.481751621 0
vt 0.639856577 0.480520844 0
vt 0.754398465 0.86961329 0
vt 0.764306843 0.869624197 0
vt 0.63562721 0.576624632 0
vt 0.634961426 0.575120807 0
vt 0.83059895 0.441461027 0
vt 0.840507329 0.441465139 0
vt 0.628412783 0.475587428 0
vt 0.629042864 0.474027812 0
vt 0.624075592 0.589238286 0
vt 0.623602033 0.579518914 0
vt 0.635925949 0.577388644 0
vt 0.636941731 0.587845325 0
vt 0.623542011 0.578796864 0
vt 0.623366535 0.577153325 0
vt 0.623295844 0.576332211 0
vt 0.622839868 0.566055059 0
vt 0.633937061 0.564991474 0
vt 0.634680748 0.574480057 0
vt 0.616606116 0.473097026 0
vt 0.616689086 0.47141552 0
vt 0.610848188 0.589412749 0
vt 0.611338675 0.579570293 0
vt 0.611375749 0.57882601 0
vt 0.61145848 0.577164948 0
vt 0.611498773 0.576357543 0
vt 0.612004817 0.566200674 0
vt 0.604611695 0.474411726 0
vt 0.604138136 0.472797573 0
vt 0.597703695 0.587924898 0
vt 0.59914124 0.578300834 0
vt 0.599272668 0.57758832 0
vt 0.599610567 0.575970292 0
vt 0.599762619 0.575160265 0
vt 0.601237893 0.564979315 0
vt 0.593750179 0.479531646 0
vt 0.59273845 0.478195012 0
vt 0.585039735 0.585260153 0
vt 0.587089956 0.574957013 0
vt 0.58746314 0.574226618 0
vt 0.588275075 0.572796345 0
vt 0.58861798 0.572186589 0
vt 0.590301335 0.56281817 0
vt 0.585596204 0.488178194 0
vt 0.584144115 0.487369359 0
vt 0.840530038 0.399677098 0
vt 0.83062166 0.399666071 0
vt 0.830635548 0.387244999 0
vt 0.840543985 0.387256086 0
vt 0.578265011 0.565874875 0
vt 0.579668105 0.565016031 0
vt 0.581285834 0.34191972 0
vt 0.571377456 0.341919422 0
vt 0.571377754 0.330575645 0
vt 0.581286132 0.330575883 0
vt 0.581981361 0.499304056 0
vt 0.580337167 0.499256313 0
vt 0.840516269 0.41209805 0
vt 0.830607831 0.412087023 0
vt 0.574898064 0.553878427 0
vt 0.576505125 0.553945899 0
vt 0.581285596 0.353263438 0
vt 0.571377158 0.353263199 0
vt 0.584259987 0.510553777 0
vt 0.582778037 0.511370242 0
vt 0.840502381 0.424519062 0
vt 0.830594063 0.424508035 0
vt 0.579128385 0.542159557 0
vt 0.580430925 0.543190598 0
vt 0.581285298 0.364607215 0
vt 0.57137686 0.364607036 0
vt 0.591930687 0.518848419 0
vt 0.590926766 0.520442843 0
vt 0.840488553 0.436940074 0
vt 0.830580175 0.436929047 0
vt 0.589287817 0.535044491 0
vt 0.589921176 0.536752641 0
vt 0.581285059 0.375950992 0
vt 0.571376622 0.375950754 0
vt 0.602643132 0.522611558 0
vt 0.60225004 0.524069369 0
vt 0.602104902 0.524694443 0
vt 0.60138154 0.533463359 0
vt 0.589008868 0.534106255 0
vt 0.590454936 0.52131176 0
vt 0.601430953 0.534108996 0
vt 0.601578772 0.535648823 0
vt 0.60163492 0.53644073 0
vt 0.601819158 0.546664238 0
vt 0.590542138 0.547184348 0
vt 0.590185344 0.537454605 0
vt 0.614110768 0.523928642 0
vt 0.614041805 0.525321305 0
vt 0.614014983 0.525862694 0
vt 0.613609195 0.534046888 0
vt 0.613582075 0.534594655 0
vt 0.613511384 0.536017776 0
vt 0.613474429 0.536762238 0
vt 0.612976253 0.54679662 0
vt 0.625535667 0.523012042 0
vt 0.636306942 0.520346403 0
vt 0.647175014 0.514950037 0
vt 0.644486666 0.513124824 0
vt 0.647764325 0.545131445 0
vt 0.645071864 0.546848655 0
vt 0.650900304 0.502745152 0
vt 0.647731423 0.502538443 0
vt 0.650902331 0.557670355 0
vt 0.647799134 0.557485342 0
vt 0.648216069 0.49018234 0
vt 0.645280302 0.4914729 0
vt 0.64621675 0.569691658 0
vt 0.643693626 0.567769289 0
vt 0.640381515 0.479946911 0
vt 0.638194442 0.482327878 0
vt 0.629333019 0.473303378 0
vt 0.628122985 0.476313591 0
vt 0.616727531 0.470635414 0
vt 0.616567552 0.473878622 0
vt 0.603920698 0.472048283 0
vt 0.604828715 0.475162864 0
vt 0.59227252 0.477572441 0
vt 0.594215155 0.4801566 0
vt 0.583472013 0.486989379 0
vt 0.586267173 0.488561213 0
vt 0.577614546 0.566276848 0
vt 0.580316186 0.564615071 0
vt 0.579572618 0.499228537 0
vt 0.582746446 0.499332488 0
vt 0.574148834 0.553849816 0
vt 0.577254891 0.553974867 0
vt 0.582088113 0.511737227 0
vt 0.584942162 0.51018399 0
vt 0.578521311 0.541687429 0
vt 0.581029475 0.543664277 0
vt 0.592375457 0.518172145 0
vt 0.602832139 0.521887064 0
vt 0.614146709 0.523201823 0
vt 0.264284909 0.574949801 0
vt 0.263758302 0.578323841 0
vt 0.64497602 0.344653726 0
vt 0.603181303 0.345275521 0
vt 0.601943851 0.342396319 0
vt 0.641166508 0.341212034 0
vt 0.280648738 0.984258235 0
vt 0.281997144 0.984258473 0
vt 0.281997055 0.985401332 0
vt 0.280648857 0.985401511 0
vt 0.280647725 0.983115017 0
vt 0.281998754 0.983115733 0
vt 0.280644715 0.981972039 0
vt 0.282002985 0.98197335 0
vt 0.280635238 0.980830193 0
vt 0.282014966 0.98083216 0
vt 0.280689269 0.979693174 0
vt 0.281965971 0.979695261 0
vt 0.280634969 0.988829613 0
vt 0.282015234 0.988827646 0
vt 0.281965882 0.989964485 0
vt 0.28068924 0.989966512 0
vt 0.280644685 0.987687767 0
vt 0.282003075 0.987686455 0
vt 0.280647904 0.986544847 0
vt 0.281998575 0.986544132 0
vt 0.259445041 0.585963011 0
vt 0.252604574 0.586087942 0
vt 0.252587378 0.585145831 0
vt 0.259427816 0.585020781 0
vt 0.252570152 0.58420366 0
vt 0.25941059 0.58407867 0
vt 0.0667751804 0.582839131 0
vt 0.0657616258 0.582780302 0
vt 0.0647468716 0.582749367 0
vt 0.25953114 0.590673804 0
vt 0.252690703 0.590798855 0
vt 0.252673447 0.589856684 0
vt 0.259513944 0.589731634 0
vt 0.252656251 0.588914514 0
vt 0.259496689 0.588789463 0
vt 0.252639025 0.587972343 0
vt 0.259479463 0.587847352 0
vt 0.25262183 0.587030172 0
vt 0.259462237 0.586905122 0
vt 0.274792016 0.98006165 0
vt 0.27479437 0.980075359 0
vt 0.273974061 0.980540872 0
vt 0.273963481 0.980531871 0
vt 0.275729001 0.980233967 0
vt 0.275721967 0.980245948 0
vt 0.276335984 0.980968237 0
vt 0.276322901 0.980972886 0
vt 0.276328951 0.981920898 0
vt 0.276315928 0.98191607 0
vt 0.275711209 0.982646167 0
vt 0.275704354 0.982634068 0
vt 0.27477178 0.982804656 0
vt 0.274774313 0.982791066 0
vt 0.273950309 0.982322276 0
vt 0.273960978 0.982313454 0
vt 0.273631066 0.981424689 0
vt 0.273644954 0.981424809 0
vt 0.280297548 0.985401392 0
vt 0.280297369 0.984258413 0
vt 0.280561239 0.984258294 0
vt 0.280561388 0.985401511 0
vt 0.27375856 0.980357349 0
vt 0.274747223 0.979796171 0
vt 0.280295581 0.983115315 0
vt 0.280559868 0.983115017 0
vt 0.275865287 0.980001807 0
vt 0.280292511 0.981971383 0
vt 0.28055647 0.981972098 0
vt 0.276589602 0.980878055 0
vt 0.280301988 0.98082459 0
vt 0.280550361 0.980828166 0
vt 0.276581198 0.982014835 0
vt 0.280319959 0.979687274 0
vt 0.280601233 0.979659736 0
vt 0.275844067 0.982880294 0
vt 0.280319929 0.989972532 0
vt 0.280301571 0.988835156 0
vt 0.280550003 0.98883158 0
vt 0.280601233 0.99000001 0
vt 0.274723083 0.98306942 0
vt 0.280292451 0.987688303 0
vt 0.28055644 0.987687707 0
vt 0.273742795 0.982493758 0
vt 0.280295849 0.98654443 0
vt 0.280560106 0.986544788 0
vt 0.273361862 0.981422663 0
vt 0.2737737 0.987184167 0
vt 0.273985326 0.987364411 0
vt 0.273639798 0.988292336 0
vt 0.273361862 0.98829031 0
vt 0.282339483 0.985401094 0
vt 0.282084525 0.985401273 0
vt 0.282084644 0.984258533 0
vt 0.282339633 0.984258771 0
vt 0.273971617 0.989225268 0
vt 0.273757368 0.989402354 0
vt 0.282086581 0.983115852 0
vt 0.282341987 0.983116329 0
vt 0.274825424 0.989726663 0
vt 0.274775118 0.99000001 0
vt 0.28209126 0.981973588 0
vt 0.282346308 0.98197329 0
vt 0.275801748 0.989561856 0
vt 0.275938958 0.989803612 0
vt 0.282099634 0.980830431 0
vt 0.282339156 0.980827749 0
vt 0.276443779 0.988808095 0
vt 0.276704282 0.988905072 0
vt 0.282054365 0.97966218 0
vt 0.282326549 0.979691863 0
vt 0.276451111 0.987818003 0
vt 0.276712984 0.987724841 0
vt 0.28232646 0.989968002 0
vt 0.282054245 0.989997625 0
vt 0.282099962 0.988829374 0
vt 0.282339543 0.988832057 0
vt 0.275820285 0.987054825 0
vt 0.275961041 0.986815095 0
vt 0.28209132 0.987686217 0
vt 0.282346338 0.987686396 0
vt 0.274846435 0.986875713 0
vt 0.274800181 0.986601591 0
vt 0.282086372 0.986543953 0
vt 0.282341719 0.986543417 0
vt 0.273771286 0.98829329 0
vt 0.274085402 0.987449706 0
vt 0.274072945 0.989141464 0
vt 0.274849206 0.989597321 0
vt 0.275736839 0.989447534 0
vt 0.276320547 0.9887622 0
vt 0.276327193 0.987862051 0
vt 0.275753677 0.987168193 0
vt 0.274868309 0.987005353 0
vt 0.0716583654 0.58568871 0
vt 0.0741980001 0.585684538 0
vt 0.0742090866 0.58783114 0
vt 0.0716564208 0.587837696 0
vt 0.071658574 0.583539188 0
vt 0.0741940364 0.583537042 0
vt 0.0716588125 0.581389904 0
vt 0.0741944239 0.581389248 0
vt 0.0716574565 0.579241157 0
vt 0.0741976872 0.579241037 0
vt 0.0716510117 0.577093244 0
vt 0.0742044747 0.577093363 0
vt 0.0716306716 0.574947357 0
vt 0.0742238387 0.574947834 0
vt 0.0717291608 0.572810292 0
vt 0.0741269588 0.572810888 0
vt 0.0716432184 0.589984536 0
vt 0.0742362365 0.589975774 0
vt 0.0741495341 0.59211278 0
vt 0.0717501789 0.59212172 0
vt 0.498898149 0.588361204 0
vt 0.497012109 0.588044524 0
vt 0.368787348 0.605661035 0
vt 0.368773162 0.618521154 0
vt 0.367001921 0.618519187 0
vt 0.367016077 0.605659127 0
vt 0.36523062 0.61851728 0
vt 0.365244746 0.60565716 0
vt 0.363459349 0.618515313 0
vt 0.363473475 0.605655193 0
vt 0.497014135 0.618521154 0
vt 0.498899996 0.618204772 0
vt 0.500776708 0.617838383 0
vt 0.376704752 0.605649889 0
vt 0.376745522 0.618509889 0
vt 0.374974221 0.618515491 0
vt 0.374933422 0.605655491 0
vt 0.37320295 0.618521154 0
vt 0.37316215 0.605661094 0
vt 0.500775218 0.588727593 0
vt 0.266347408 0.586531281 0
vt 0.266351759 0.586557031 0
vt 0.264809817 0.587432086 0
vt 0.264789969 0.587415159 0
vt 0.268108577 0.586855173 0
vt 0.268095374 0.586877644 0
vt 0.269249499 0.588235378 0
vt 0.269224912 0.58824414 0
vt 0.269236207 0.590026021 0
vt 0.269211739 0.590016961 0
vt 0.268075049 0.591389298 0
vt 0.268062174 0.591366649 0
vt 0.266309261 0.591687322 0
vt 0.266314 0.591661572 0
vt 0.264765054 0.590780497 0
vt 0.264785171 0.590763927 0
vt 0.264165074 0.589093328 0
vt 0.264191151 0.589093566 0
vt 0.0709944069 0.587840259 0
vt 0.0709962621 0.585689068 0
vt 0.0714931488 0.585688829 0
vt 0.071490556 0.587837875 0
vt 0.264404744 0.587087035 0
vt 0.266263187 0.586032271 0
vt 0.0709977373 0.583539307 0
vt 0.0714939088 0.583539307 0
vt 0.268364817 0.586418867 0
vt 0.070998095 0.581390262 0
vt 0.0714942068 0.581390142 0
vt 0.269726247 0.588065863 0
vt 0.0709955245 0.579241812 0
vt 0.0714923143 0.579241395 0
vt 0.269710422 0.590202689 0
vt 0.0709890649 0.57709235 0
vt 0.0714851692 0.577093482 0
vt 0.268324822 0.591829419 0
vt 0.0710044652 0.574937463 0
vt 0.0714712217 0.574943721 0
vt 0.266217768 0.592184961 0
vt 0.0710350871 0.57280004 0
vt 0.071563676 0.572747588 0
vt 0.264375091 0.591102958 0
vt 0.071056217 0.592134476 0
vt 0.0710170269 0.589996457 0
vt 0.0714837536 0.589988589 0
vt 0.0715849251 0.592184961 0
vt 0.26365906 0.589089572 0
vt 0.0246353038 0.586892009 0
vt 0.0250330828 0.587230921 0
vt 0.0243836269 0.588975072 0
vt 0.0238611512 0.588971138 0
vt 0.0748541579 0.587830186 0
vt 0.0743748397 0.587830424 0
vt 0.0743630454 0.585684061 0
vt 0.074843049 0.58568275 0
vt 0.0250072554 0.590728641 0
vt 0.0246045329 0.591061473 0
vt 0.0743585378 0.583536804 0
vt 0.0748378634 0.583536386 0
vt 0.0266121868 0.591671109 0
vt 0.0265176669 0.592184961 0
vt 0.0743590295 0.581389189 0
vt 0.0748384371 0.581389606 0
vt 0.0284474138 0.591361403 0
vt 0.0287053175 0.591815829 0
vt 0.0743629783 0.579241216 0
vt 0.0748431981 0.579241872 0
vt 0.0296542365 0.589944541 0
vt 0.0301438887 0.590126872 0
vt 0.0743704587 0.577093661 0
vt 0.0748499408 0.577092528 0
vt 0.0296679698 0.588083386 0
vt 0.030160265 0.587908387 0
vt 0.0743829384 0.574944377 0
vt 0.0748330727 0.574938476 0
vt 0.0284821652 0.586648881 0
vt 0.0287467409 0.58619833 0
vt 0.0742927045 0.572748423 0
vt 0.0748042315 0.57280302 0
vt 0.0266517121 0.586312175 0
vt 0.0265647825 0.585796952 0
vt 0.0748273656 0.592117488 0
vt 0.0743158385 0.59217459 0
vt 0.0743952841 0.589978695 0
vt 0.0748455003 0.589982688 0
vt 0.0246307664 0.58897686 0
vt 0.0252212062 0.587391138 0
vt 0.0251977704 0.590571165 0
vt 0.0266568847 0.591427982 0
vt 0.0283254273 0.591146469 0
vt 0.0294226278 0.589858294 0
vt 0.0294351038 0.588166237 0
vt 0.0283570439 0.586862028 0
vt 0.0266928356 0.586555898 0
vt 0.579010248 0.473365784 0
vt 0.568857312 0.472666025 0
vt 0.56860441 0.434132755 0
vt 0.577965021 0.434015036 0
vt 0.538160682 0.873662949 0
vt 0.540842175 0.873648703 0
vt 0.541147232 0.930817783 0
vt 0.538465858 0.930832148 0
vt 0.214332268 0.19958359 0
vt 0.205446616 0.196078479 0
vt 0.22642526 0.142896831 0
vt 0.238574117 0.138129532 0
vt 0.580587864 0.433941126 0
vt 0.581924021 0.473176122 0
vt 0.241068542 0.139113545 0
vt 0.216826692 0.200567603 0
vt 0.246691003 0.150891066 0
vt 0.225712359 0.204072714 0
vt 0.538611114 0.957930863 0
vt 0.541292548 0.957916439 0
vt 0.541465223 0.989985585 0
vt 0.538783789 0.99000001 0
vt 0.268674165 0.155434966 0
vt 0.266856283 0.160043478 0
vt 0.20544225 0.135817409 0
vt 0.207260087 0.131209016 0
vt 0.538584471 0.952976942 0
vt 0.541265965 0.952962518 0
vt 0.538109899 0.864111066 0
vt 0.540791273 0.864096761 0
vt 0.571187139 0.495156884 0
vt 0.56987226 0.492426097 0
vt 0.575450182 0.490264237 0
vt 0.57708472 0.491492808 0
vt 0.5764516 0.483139694 0
vt 0.579141676 0.483212113 0
vt 0.568604827 0.483116865 0
vt 0.646457136 0.399934113 0
vt 0.64640075 0.410414159 0
vt 0.643454611 0.409852207 0
vt 0.643550038 0.399038196 0
vt 0.655068278 0.400307596 0
vt 0.656891584 0.410737932 0
vt 0.648498178 0.391260803 0
vt 0.645906389 0.390612662 0
vt 0.655360162 0.392014325 0
vt 0.269981116 0.579812467 0
vt 0.269203663 0.58024025 0
vt 0.269203514 0.569406569 0
vt 0.269980967 0.569834352 0
vt 0.270752966 0.580245912 0
vt 0.269972831 0.581096053 0
vt 0.302470297 0.607806683 0
vt 0.303356975 0.607805729 0
vt 0.303368032 0.617133975 0
vt 0.302481353 0.617135048 0
vt 0.269972712 0.568550706 0
vt 0.270752877 0.569400847 0
vt 0.304254711 0.617132902 0
vt 0.304243714 0.607804656 0
vt 0.313795 0.605788589 0
vt 0.319139361 0.60896194 0
vt 0.318583697 0.609278798 0
vt 0.313782752 0.606428206 0
vt 0.308339983 0.608757854 0
vt 0.308882177 0.609079838 0
vt 0.308344334 0.614968538 0
vt 0.308899969 0.61465168 0
vt 0.313688666 0.61814189 0
vt 0.313700914 0.617502272 0
vt 0.319143683 0.615172684 0
vt 0.318601489 0.6148507 0
vt 0.272749066 0.476964593 0
vt 0.273525059 0.476535261 0
vt 0.273526341 0.487371862 0
vt 0.272750318 0.486942768 0
vt 0.271975756 0.476532578 0
vt 0.27275309 0.475681007 0
vt 0.272754431 0.488226354 0
vt 0.271977067 0.487374783 0
vt 0.313802153 0.605409384 0
vt 0.319468915 0.608774066 0
vt 0.308017194 0.608566165 0
vt 0.30801475 0.615156412 0
vt 0.313681483 0.618521154 0
vt 0.319466472 0.615364313 0
vt 0.399652749 0.607804298 0
vt 0.400341541 0.60779345 0
vt 0.400316745 0.611688018 0
vt 0.399777383 0.611876965 0
vt 0.400854647 0.611881554 0
vt 0.401030242 0.60781312 0
vt 0.399762869 0.613024354 0
vt 0.400310785 0.6132164 0
vt 0.400860161 0.613028407 0
vt 0.271782309 0.529988289 0
vt 0.271777898 0.533968091 0
vt 0.271183789 0.533967495 0
vt 0.27118814 0.529987574 0
vt 0.416131735 0.618519783 0
vt 0.416136086 0.614539981 0
vt 0.416730225 0.614540637 0
vt 0.416725874 0.618520498 0
vt 0.27058962 0.53396678 0
vt 0.270594031 0.529986978 0
vt 0.417324394 0.614541292 0
vt 0.417320043 0.618521154 0
vt 0.524793327 0.609141946 0
vt 0.525801957 0.608563542 0
vt 0.525800943 0.614744723 0
vt 0.524792552 0.614165783 0
vt 0.526381254 0.608230591 0
vt 0.526379943 0.615077853 0
vt 0.318360299 0.61470747 0
vt 0.318337083 0.609421611 0
vt 0.3174963 0.614194512 0
vt 0.317440599 0.60994637 0
vt 0.520465016 0.606607795 0
vt 0.520465314 0.605446994 0
vt 0.520465493 0.604784369 0
vt 0.313708276 0.617217422 0
vt 0.313739806 0.616179109 0
vt 0.516135335 0.609139681 0
vt 0.515126944 0.608560681 0
vt 0.514547944 0.608227432 0
vt 0.309146613 0.614508867 0
vt 0.310043067 0.613984108 0
vt 0.516133785 0.614163518 0
vt 0.515125096 0.614741802 0
vt 0.514545918 0.615074754 0
vt 0.309123337 0.609223008 0
vt 0.309987366 0.609735966 0
vt 0.520462513 0.616697788 0
vt 0.520462215 0.617858529 0
vt 0.520462036 0.618521154 0
vt 0.31377542 0.606713057 0
vt 0.31374386 0.607751369 0
vt 0.547857463 0.985364735 0
vt 0.545060813 0.986921251 0
vt 0.545040429 0.947777987 0
vt 0.547838688 0.949331641 0
vt 0.550655723 0.98691833 0
vt 0.547859848 0.99000001 0
vt 0.586623907 0.436520517 0
vt 0.589825869 0.436513126 0
vt 0.58990401 0.470199406 0
vt 0.586702049 0.470206797 0
vt 0.547836304 0.944696307 0
vt 0.550635338 0.947775066 0
vt 0.593106091 0.470191956 0
vt 0.593027949 0.436505675 0
vt 0.424470961 0.471121907 0
vt 0.427271068 0.469567776 0
vt 0.427331865 0.508700848 0
vt 0.424527198 0.507155061 0
vt 0.421676159 0.469565988 0
vt 0.424478829 0.466486633 0
vt 0.683125436 0.905447006 0
vt 0.679923415 0.905446827 0
vt 0.679924846 0.871760488 0
vt 0.683126926 0.871760607 0
vt 0.424548686 0.511790276 0
vt 0.421736956 0.508719385 0
vt 0.676722825 0.871760309 0
vt 0.676721394 0.905446708 0
vt 0.625182092 0.518668771 0
vt 0.621980131 0.518694878 0
vt 0.621706486 0.485009551 0
vt 0.624908388 0.484983563 0
vt 0.618504524 0.485035598 0
vt 0.618778229 0.518720865 0
vt 0.649025977 0.760814071 0
vt 0.646228611 0.762369275 0
vt 0.646226823 0.72322607 0
vt 0.649024367 0.724780977 0
vt 0.651823521 0.762368977 0
vt 0.649026155 0.765449345 0
vt 0.688021958 0.871721029 0
vt 0.691223919 0.871741176 0
vt 0.691012263 0.90542686 0
vt 0.687810302 0.905406713 0
vt 0.649024189 0.720145702 0
vt 0.651821733 0.723225772 0
vt 0.694214225 0.905447006 0
vt 0.694425881 0.871761262 0
vt 0.344186634 0.618521094 0
vt 0.342041016 0.618520975 0
vt 0.342041612 0.604148865 0
vt 0.34418726 0.604148924 0
vt 0.339896023 0.604148746 0
vt 0.339895397 0.618520856 0
vt 0.436939269 0.604144335 0
vt 0.439084888 0.604146659 0
vt 0.439069092 0.618518829 0
vt 0.436923474 0.618516445 0
vt 0.441214681 0.618521154 0
vt 0.441230476 0.604149044 0
vt 0.698915839 0.904372752 0
vt 0.702613711 0.890388846 0
vt 0.704325497 0.891476035 0
vt 0.701288164 0.904962659 0
vt 0.703443527 0.886453807 0
vt 0.705561578 0.886093974 0
vt 0.706340492 0.891242743 0
vt 0.703684151 0.905447006 0
vt 0.346332878 0.604149044 0
vt 0.346332222 0.618521154 0
vt 0.674497306 0.115836918 0
vt 0.678147018 0.113777161 0
vt 0.678153932 0.136333108 0
vt 0.674504042 0.134274304 0
vt 0.682481587 0.111303866 0
vt 0.682486713 0.138804376 0
vt 0.780896068 0.144666612 0
vt 0.77999723 0.144147575 0
vt 0.779998362 0.126386821 0
vt 0.780897379 0.125867903 0
vt 0.432627767 0.568123579 0
vt 0.424450189 0.568123281 0
vt 0.424450904 0.551324129 0
vt 0.432628453 0.551324427 0
vt 0.658811808 0.106339097 0
vt 0.658812046 0.102178931 0
vt 0.658812344 0.0973189473 0
vt 0.764615119 0.154064953 0
vt 0.764615178 0.153026879 0
vt 0.432627141 0.58492285 0
vt 0.424449593 0.584922433 0
vt 0.643125355 0.115834475 0
vt 0.639475703 0.113774717 0
vt 0.63514179 0.111301541 0
vt 0.74833566 0.144664407 0
vt 0.749234676 0.144145429 0
vt 0.432626516 0.601722002 0
vt 0.424448967 0.601721704 0
vt 0.643121302 0.134271801 0
vt 0.639471292 0.136330664 0
vt 0.635137916 0.138802171 0
vt 0.748336852 0.125865579 0
vt 0.749235809 0.126384735 0
vt 0.432625979 0.618521154 0
vt 0.424448431 0.618520856 0
vt 0.658812165 0.143765926 0
vt 0.658811927 0.147925913 0
vt 0.658811688 0.152786434 0
vt 0.764617741 0.116467297 0
vt 0.764617682 0.117505312 0
vt 0.432629138 0.534525275 0
vt 0.42445159 0.534524918 0
vt 0.424452335 0.517725706 0
vt 0.432629883 0.517726004 0
vt 0.78286469 0.124732137 0
vt 0.782863259 0.145802557 0
vt 0.764615059 0.156336427 0
vt 0.746368289 0.145800054 0
vt 0.746369779 0.124729693 0
vt 0.76461792 0.114195824 0
vt 0.784591973 0.123735189 0
vt 0.784590364 0.146799922 0
vt 0.76461488 0.158330977 0
vt 0.744641006 0.14679718 0
vt 0.744642496 0.123732388 0
vt 0.764618158 0.112201393 0
vt 0.443351209 0.227829635 0
vt 0.438543767 0.148985744 0
vt 0.443528533 0.148977816 0
vt 0.561791122 0.392502725 0
vt 0.566767275 0.392521381 0
vt 0.566746175 0.398128867 0
vt 0.561770082 0.398110151 0
vt 0.56169486 0.307667732 0
vt 0.566671073 0.307686448 0
vt 0.566649914 0.313293815 0
vt 0.56167382 0.313275158 0
vt 0.427235574 0.24748975 0
vt 0.417688906 0.253972888 0
vt 0.430232018 0.152319789 0
vt 0.430913508 0.23128444 0
vt 0.452574849 0.148751974 0
vt 0.452319592 0.227787971 0
vt 0.450884521 0.13255614 0
vt 0.710432649 0.123019338 0
vt 0.701731205 0.123135328 0
vt 0.701671481 0.118248463 0
vt 0.710054278 0.118210912 0
vt 0.710081995 0.134149849 0
vt 0.701671779 0.134324372 0
vt 0.428911507 0.136402667 0
vt 0.723849297 0.220206141 0
vt 0.72492373 0.208938122 0
vt 0.730225325 0.209308445 0
vt 0.728863299 0.22057426 0
vt 0.452198952 0.244224012 0
vt 0.734254539 0.118196726 0
vt 0.740851939 0.210516274 0
vt 0.727395952 0.117933393 0
vt 0.737333477 0.118105531 0
vt 0.74509567 0.207462549 0
vt 0.429011315 0.126982749 0
vt 0.425688297 0.126940906 0
vt 0.444752663 0.125942707 0
vt 0.436319023 0.121657789 0
vt 0.600501359 0.346000254 0
vt 0.603027642 0.355868995 0
vt 0.600364864 0.355072796 0
vt 0.565151393 0.410366833 0
vt 0.568187833 0.412166178 0
vt 0.566119611 0.415737748 0
vt 0.563059926 0.413958192 0
vt 0.268971562 0.364698827 0
vt 0.260614187 0.364447296 0
vt 0.260739654 0.36027652 0
vt 0.26909703 0.360527694 0
vt 0.657742202 0.237047613 0
vt 0.655701876 0.233443558 0
vt 0.656541109 0.46383673 0
vt 0.654490113 0.467434585 0
vt 0.256164879 0.467490971 0
vt 0.267616451 0.467832565 0
vt 0.601702034 0.358688891 0
vt 0.598310173 0.356452167 0
vt 0.598482192 0.344568253 0
vt 0.254276842 0.53115201 0
vt 0.265729308 0.531499028 0
vt 0.263920903 0.186421216 0
vt 0.27348718 0.249426663 0
vt 0.262122303 0.251089931 0
vt 0.252570152 0.188154161 0
vt 0.644402623 0.362456679 0
vt 0.644719481 0.358707845 0
vt 0.896494389 0.588948548 0
vt 0.893470407 0.590489805 0
vt 0.892955303 0.227546871 0
vt 0.895983696 0.229079545 0
vt 0.910994053 0.597694874 0
vt 0.908293128 0.601887822 0
vt 0.938697159 0.660005212 0
vt 0.94237721 0.659996033 0
vt 0.943202019 0.98999083 0
vt 0.939522028 0.99000001 0
vt 0.907745898 0.216106951 0
vt 0.910458684 0.220292211 0
vt 0.959094882 0.989951253 0
vt 0.958270073 0.659956336 0
vt 0.745113492 0.506596088 0
vt 0.763445199 0.637217402 0
vt 0.656160176 0.637818336 0
vt 0.655710995 0.475621521 0
vt 0.63847971 0.737457156 0
vt 0.538121164 0.740337133 0
vt 0.540989041 0.592123508 0
vt 0.650032878 0.594288468 0
vt 0.656350672 0.473059356 0
vt 0.746218979 0.505695283 0
vt 0.765785456 0.637254834 0
vt 0.563040137 0.98744148 0
vt 0.652136445 0.950392783 0
vt 0.653371036 0.951163948 0
vt 0.563960433 0.99000001 0
vt 0.650215805 0.87790978 0
vt 0.652128577 0.877095163 0
vt 0.76063478 0.779838443 0
vt 0.760626018 0.780398309 0
vt 0.656035125 0.778824568 0
vt 0.656045198 0.778269887 0
vt 0.6508075 0.876775682 0
vt 0.649974704 0.875772774 0
vt 0.651979089 0.876128316 0
vt 0.651940286 0.876625776 0
vt 0.547972739 0.888888836 0
vt 0.547970355 0.887683094 0
vt 0.761671841 0.779853821 0
vt 0.762839437 0.780435681 0
vt 0.763429523 0.637757599 0
vt 0.763405085 0.638321996 0
vt 0.656276345 0.638943017 0
vt 0.656239927 0.638393521 0
vt 0.639235616 0.738525689 0
vt 0.640406549 0.737971485 0
vt 0.640344203 0.738457918 0
vt 0.638603389 0.739658654 0
vt 0.538109899 0.742571473 0
vt 0.538118482 0.741456747 0
vt 0.764491975 0.637797713 0
vt 0.765634775 0.638401449 0
vt 0.7613464 0.863863528 0
vt 0.75913465 0.863825083 0
vt 0.654543519 0.862038374 0
vt 0.760642827 0.779276967 0
vt 0.656056106 0.777718008 0
vt 0.762853801 0.779307723 0
vt 0.640483975 0.738943577 0
vt 0.547873199 0.886573911 0
vt 0.652377367 0.594429135 0
vt 0.798191071 0.528406739 0
vt 0.795301795 0.161661744 0
vt 0.822378755 0.161449015 0
vt 0.825267494 0.528193116 0
vt 0.788352787 0.53182143 0
vt 0.761275351 0.531809747 0
vt 0.761434674 0.165052354 0
vt 0.788512111 0.165064037 0
vt 0.761435568 0.162905693 0
vt 0.788513005 0.162917376 0
vt 0.796044528 0.528423667 0
vt 0.793155015 0.161678612 0
vt 0.788351893 0.533968091 0
vt 0.761274457 0.533956468 0
vt 0.824525476 0.161432266 0
vt 0.827414155 0.528176188 0
vt 0.147468925 0.192983806 0
vt 0.14722541 0.122864544 0
vt 0.637278199 0.368516445 0
vt 0.637277365 0.439712286 0
vt 0.470064163 0.102695048 0
vt 0.47004354 0.152786434 0
vt 0.456329077 0.152780771 0
vt 0.45634976 0.102689385 0
vt 0.266431272 0.148626029 0
vt 0.266438901 0.0995585322 0
vt 0.280153334 0.099560678 0
vt 0.280145705 0.148628056 0
vt 0.729968667 0.89372015 0
vt 0.760890603 0.935754716 0
vt 0.471349567 0.157451034 0
vt 0.50146246 0.196909368 0
vt 0.501433074 0.212388813 0
vt 0.470575422 0.252586782 0
vt 0.802711129 0.154172599 0
vt 0.788996696 0.154157519 0
vt 0.78905338 0.102570415 0
vt 0.802767813 0.102585495 0
vt 0.187427893 0.0940148234 0
vt 0.201142326 0.0940161347 0
vt 0.20113717 0.143083632 0
vt 0.187422737 0.143082261 0
vt 0.760589898 0.9512676 0
vt 0.729567885 0.99000001 0
vt 0.0439309031 0.177736521 0
vt 0.0252472665 0.177735031 0
vt 0.0253369994 0.126302123 0
vt 0.0438493639 0.126303673 0
vt 0.141127899 0.177706242 0
vt 0.122451559 0.177736521 0
vt 0.122447252 0.127299726 0
vt 0.140968516 0.127269745 0
vt 0.872268558 0.12012893 0
vt 0.890962183 0.120149434 0
vt 0.890817761 0.173041582 0
vt 0.872296631 0.173021138 0
vt 0.849992037 0.125767648 0
vt 0.868668437 0.125768125 0
vt 0.868585169 0.176203847 0
vt 0.850072682 0.176203251 0
vt 0.849985719 0.227636218 0
vt 0.868669391 0.227636695 0
vt 0.140968874 0.0743774772 0
vt 0.12227533 0.0744077563 0
vt 0.0439353436 0.0758679509 0
vt 0.02525899 0.0758664608 0
vt 0.872163594 0.223457754 0
vt 0.890839934 0.223478377 0
vt 0.533946097 0.99000001 0
vt 0.288609147 0.9896034 0
vt 0.289202005 0.622846961 0
vt 0.534538925 0.62324357 0
vt 0.269149154 0.97622031 0
vt 0.26915279 0.989934802 0
vt 0.0238153599 0.99000001 0
vt 0.0238117017 0.976285517 0
vt 0.0237144195 0.609529138 0
vt 0.269051909 0.609463453 0
vt 0.0237107389 0.595814705 0
vt 0.269048214 0.595749021 0
vt 0.282766342 0.609459758 0
vt 0.282863617 0.976216733 0
vt 0.010097228 0.976289213 0
vt 0.00999999978 0.609532714 0
vt 0.929023087 0.342684209 0
vt 0.915133119 0.34267807 0
vt 0.91522336 0.138862312 0
vt 0.929113209 0.138868451 0
vt 0.91879487 0.976110101 0
vt 0.918769002 0.99000001 0
vt 0.915133119 0.989993274 0
vt 0.915158987 0.976103365 0
vt 0.91553694 0.772287488 0
vt 0.91556263 0.758397639 0
vt 0.919198453 0.758404374 0
vt 0.919172883 0.772294164 0
vt 0.915939867 0.554582059 0
vt 0.919575691 0.554588854 0
vt 0.567090929 0.278839111 0
vt 0.553201318 0.278922975 0
vt 0.551971018 0.0751108527 0
vt 0.565860689 0.075026989 0
vt 0.927122593 0.976109743 0
vt 0.927123666 0.989999712 0
vt 0.923487842 0.99000001 0
vt 0.92348665 0.976110101 0
vt 0.832083404 0.116593659 0
vt 0.845973015 0.11669606 0
vt 0.844469607 0.320506394 0
vt 0.830580175 0.320403934 0
vt 0.923469543 0.77229476 0
vt 0.923468292 0.758404911 0
vt 0.927104175 0.758404613 0
vt 0.927105308 0.772294521 0
vt 0.923449814 0.554589272 0
vt 0.927085698 0.554588974 0
vt 0.857239306 0.556496263 0
vt 0.875733376 0.545360923 0
vt 0.874752045 0.985057235 0
vt 0.856307983 0.973839402 0
vt 0.8536973 0.554701447 0
vt 0.872586966 0.540404081 0
vt 0.886446595 0.605764031 0
vt 0.906701744 0.606151938 0
vt 0.899349332 0.989917099 0
vt 0.879094183 0.989529014 0
vt 0.871583581 0.99000001 0
vt 0.85275799 0.975618362 0
vt 0.903674603 0.99000001 0
vt 0.911027133 0.606234789 0
vt 0.773049355 0.557865858 0
vt 0.806630433 0.537788391 0
vt 0.806891382 0.984882534 0
vt 0.773287058 0.964844108 0
vt 0.769591153 0.556190491 0
vt 0.803635955 0.532674432 0
vt 0.248315319 0.592152715 0
vt 0.211453348 0.592181563 0
vt 0.211154506 0.20834589 0
vt 0.248016283 0.20831728 0
vt 0.803902805 0.99000001 0
vt 0.769830585 0.96652329 0
vt 0.206828356 0.208349168 0
vt 0.207127169 0.592184961 0
vt 0.814637542 0.557846785 0
vt 0.8482306 0.537788928 0
vt 0.848224282 0.984884262 0
vt 0.814631879 0.964825392 0
vt 0.811180174 0.55616951 0
vt 0.845238924 0.53267318 0
vt 0.845232487 0.99000001 0
vt 0.811174512 0.966502488 0
vt 0.440737069 0.248289824 0
vt 0.449723721 0.248157561 0
vt 0.459709287 0.250647604 0
vt 0.430852771 0.250966728 0
vt 0.10593088 0.272151589 0
vt 0.113562271 0.273992181 0
vt 0.121104367 0.27727443 0
vt 0.0970188081 0.271637797 0
vt 0.471044838 0.278704166 0
vt 0.418903947 0.279972613 0
vt 0.419968635 0.268528998 0
vt 0.470057607 0.268314242 0
vt 0.129020393 0.297087789 0
vt 0.0833223015 0.295405746 0
vt 0.0838144943 0.284748733 0
vt 0.128398716 0.288478434 0
vt 0.492454797 0.585268855 0
vt 0.456669658 0.618521154 0
vt 0.444517732 0.600485802 0
vt 0.479667157 0.577967167 0
vt 0.128190741 0.592038751 0
vt 0.147474691 0.294499815 0
vt 0.14749074 0.592184961 0
vt 0.109855749 0.254636049 0
vt 0.120212138 0.25731498 0
vt 0.492464572 0.276255548 0
vt 0.080691874 0.591367126 0
vt 0.489929438 0.264928102 0
vt 0.145518556 0.283071876 0
vt 0.467750013 0.258515477 0
vt 0.487843692 0.254690945 0
vt 0.126300126 0.282369256 0
vt 0.14057833 0.272310913 0
vt 0.0867742896 0.254728019 0
vt 0.0981281698 0.253899872 0
vt 0.0878291279 0.274812341 0
vt 0.131219611 0.262941241 0
vt 0.422975421 0.258601606 0
vt 0.599098921 0.515945613 0
vt 0.599104941 0.484752595 0
vt 0.614766479 0.484755576 0
vt 0.614760458 0.515948653 0
vt 0.661474109 0.467365503 0
vt 0.661480486 0.233542025 0
vt 0.676851988 0.233613312 0
vt 0.677426994 0.467434585 0
vt 0.673003614 0.874253988 0
vt 0.672977269 0.905447006 0
vt 0.657315791 0.905433774 0
vt 0.657342076 0.874240756 0
vt 0.721991181 0.23319453 0
vt 0.725995719 0.466983795 0
vt 0.709765017 0.46726042 0
vt 0.706901729 0.233456194 0
vt 0.752669811 0.232429743 0
vt 0.757687151 0.466202259 0
vt 0.252585709 0.369134307 0
vt 0.255688876 0.369135737 0
vt 0.255673289 0.402287185 0
vt 0.252570152 0.402285755 0
vt 0.358021259 0.139575183 0
vt 0.358022481 0.346842587 0
vt 0.324093372 0.346447885 0
vt 0.324091792 0.139970303 0
vt 0.0131372493 0.606042862 0
vt 0.0100340927 0.606046081 0
vt 0.00999999978 0.572894692 0
vt 0.0131031564 0.572891474 0
vt 0.290181875 0.33954525 0
vt 0.290180415 0.14687407 0
vt 0.319509625 0.142566502 0
vt 0.319511235 0.343851686 0
vt 0.287628204 0.343037665 0
vt 0.284452289 0.343280852 0
vt 0.284450799 0.143138528 0
vt 0.287626714 0.143381715 0
vt 0.320915818 0.140084207 0
vt 0.320917457 0.346333981 0
vt 0.875704348 0.511601865 0
vt 0.88854003 0.518925667 0
vt 0.859061956 0.543670893 0
vt 0.847213566 0.526555896 0
vt 0.876556456 0.264310598 0
vt 0.88944298 0.257075965 0
vt 0.848170757 0.24915874 0
vt 0.860138357 0.232126296 0
vt 0.362073243 0.10885334 0
vt 0.377734751 0.108834982 0
vt 0.37800914 0.342665851 0
vt 0.362347633 0.342684209 0
vt 0.408927828 0.108798444 0
vt 0.409202158 0.342629254 0
vt 0.270766735 0.525651455 0
vt 0.27058962 0.492500365 0
vt 0.273692757 0.492483795 0
vt 0.273869842 0.525634885 0
vt 0.955325603 0.346491039 0
vt 0.99000001 0.344853103 0
vt 0.989996791 0.553373754 0
vt 0.955322564 0.551734686 0
vt 0.426165462 0.427350402 0
vt 0.426188052 0.460501909 0
vt 0.423084855 0.460504055 0
vt 0.423062295 0.427352548 0
vt 0.949576974 0.548158169 0
vt 0.920916796 0.547862172 0
vt 0.920919836 0.350362539 0
vt 0.949579954 0.350067437 0
vt 0.915133119 0.551076531 0
vt 0.915136337 0.347148061 0
vt 0.918382227 0.347414494 0
vt 0.918379068 0.550810099 0
vt 0.952076793 0.55127728 0
vt 0.952079833 0.346948385 0
vt 0.319324553 0.14142698 0
vt 0.319326192 0.344991326 0
vt 0.289399832 0.145834804 0
vt 0.289401293 0.340584517 0
vt 0.920194745 0.349526346 0
vt 0.950289726 0.34919095 0
vt 0.920191586 0.548698425 0
vt 0.950286686 0.549034715 0
vt 0.191522911 0.582482219 0
vt 0.190194979 0.582481027 0
vt 0.190358281 0.382147908 0
vt 0.191686198 0.382148981 0
vt 0.0529943109 0.572332859 0
vt 0.0454296917 0.570008278 0
vt 0.0380719379 0.56639415 0
vt 0.0626145899 0.573290706 0
vt 0.546702027 0.587536216 0
vt 0.537679374 0.587112784 0
vt 0.527684987 0.58402133 0
vt 0.55691874 0.585469127 0
vt 0.0302369241 0.545577347 0
vt 0.0759499222 0.546401024 0
vt 0.0756677836 0.556895614 0
vt 0.0308978707 0.554388285 0
vt 0.517794788 0.557379842 0
vt 0.56990701 0.555971384 0
vt 0.568899989 0.567441165 0
vt 0.519107282 0.567190826 0
vt 0.545029342 0.236768842 0
vt 0.509213686 0.258568883 0
vt 0.496554375 0.251070261 0
vt 0.533303201 0.21855706 0
vt 0.49652639 0.560836434 0
vt 0.0464563444 0.589347899 0
vt 0.0370770022 0.585974157 0
vt 0.0117853107 0.548095703 0
vt 0.00999999978 0.250625968 0
vt 0.0291910712 0.250650644 0
vt 0.0764378235 0.250982881 0
vt 0.0136301843 0.559450984 0
vt 0.499835312 0.572546124 0
vt 0.032928925 0.561033726 0
vt 0.0181606486 0.570233881 0
vt 0.5218063 0.575654387 0
vt 0.503867686 0.583192587 0
vt 0.0268518291 0.579886913 0
vt 0.509154081 0.593571067 0
vt 0.0563529581 0.592184961 0
vt 0.0720894933 0.566454172 0
vt 0.565510869 0.577862203 0
vt 0.269379973 0.540432572 0
vt 0.271330655 0.540429354 0
vt 0.271277249 0.542563438 0
vt 0.269441158 0.542566717 0
vt 0.269480407 0.55108881 0
vt 0.269323289 0.551087797 0
vt 0.269324541 0.548958242 0
vt 0.269481212 0.548958182 0
vt 0.269623905 0.538326085 0
vt 0.271080196 0.53832376 0
vt 0.271258235 0.548956037 0
vt 0.271414906 0.548955798 0
vt 0.27142024 0.551085949 0
vt 0.271263123 0.551087141 0
vt 0.269399464 0.555352926 0
vt 0.271350324 0.555351555 0
vt 0.271104604 0.557457924 0
vt 0.269647956 0.557458878 0
vt 0.269455582 0.553218782 0
vt 0.269292831 0.553215444 0
vt 0.271291256 0.553217411 0
vt 0.271454036 0.553213835 0
vt 0.269471705 0.544696867 0
vt 0.269314528 0.544698238 0
vt 0.269278377 0.542570472 0
vt 0.26947844 0.546827376 0
vt 0.269321799 0.546827793 0
vt 0.271255463 0.546824753 0
vt 0.271254748 0.544693828 0
vt 0.271411955 0.544694602 0
vt 0.271412134 0.546824634 0
vt 0.271205902 0.538250446 0
vt 0.271507055 0.540419698 0
vt 0.269203514 0.540423572 0
vt 0.269497961 0.538253188 0
vt 0.271440029 0.542566538 0
vt 0.271526784 0.555360675 0
vt 0.271230489 0.55753094 0
vt 0.26952216 0.557532072 0
vt 0.269223005 0.555362344 0
vt 0.51899606 0.594436586 0
vt 0.519000411 0.594462633 0
vt 0.51743716 0.595349848 0
vt 0.517417133 0.595332742 0
vt 0.520781636 0.594765067 0
vt 0.520768285 0.594787776 0
vt 0.521938324 0.596164346 0
vt 0.521913469 0.596173167 0
vt 0.521924913 0.597979844 0
vt 0.521900177 0.597970605 0
vt 0.520747721 0.599361956 0
vt 0.520734668 0.599339008 0
vt 0.518957496 0.599664092 0
vt 0.518962204 0.599638104 0
vt 0.51739192 0.59874475 0
vt 0.517412305 0.598727942 0
vt 0.516783655 0.597034216 0
vt 0.51680994 0.597034335 0
vt 0.406171352 0.612972736 0
vt 0.405413061 0.615009189 0
vt 0.405042827 0.615006447 0
vt 0.405889481 0.612732649 0
vt 0.517046511 0.595017076 0
vt 0.518915057 0.59395659 0
vt 0.406141251 0.617056608 0
vt 0.405855805 0.617292523 0
vt 0.521028101 0.594345272 0
vt 0.408015043 0.61815691 0
vt 0.407948047 0.618521154 0
vt 0.522397041 0.596001267 0
vt 0.4101578 0.617795408 0
vt 0.410340577 0.618117452 0
vt 0.522381186 0.598149717 0
vt 0.411566824 0.616141081 0
vt 0.411913872 0.616270304 0
vt 0.520987988 0.599785328 0
vt 0.411582798 0.613968134 0
vt 0.411931753 0.613844037 0
vt 0.51886946 0.600142837 0
vt 0.410198361 0.612293243 0
vt 0.410385817 0.611973941 0
vt 0.517016709 0.599054873 0
vt 0.408061177 0.61190021 0
vt 0.407999575 0.611535072 0
vt 0.516296804 0.59703058 0
vt 0.406540155 0.613286853 0
vt 0.405897468 0.615012765 0
vt 0.516768813 0.594780564 0
vt 0.51885438 0.593596935 0
vt 0.406514645 0.616747916 0
vt 0.521212876 0.594030619 0
vt 0.408102691 0.61768055 0
vt 0.522740722 0.595879078 0
vt 0.409918666 0.617374063 0
vt 0.522723019 0.598277032 0
vt 0.411112815 0.615972042 0
vt 0.521168053 0.600102663 0
vt 0.411126405 0.614130497 0
vt 0.518803477 0.600501657 0
vt 0.409953028 0.612711012 0
vt 0.516735494 0.599287271 0
vt 0.408141792 0.612377882 0
vt 0.515932024 0.597027898 0
vt 0.4061113 0.615014315 0
vt 0.406702876 0.613425493 0
vt 0.406679362 0.616611719 0
vt 0.408141375 0.617470264 0
vt 0.409813106 0.617188156 0
vt 0.410912484 0.615897477 0
vt 0.410925001 0.614202142 0
vt 0.409844786 0.61289537 0
vt 0.408177346 0.612588644 0
vt 0.702062309 0.229022801 0
vt 0.70205164 0.225229681 0
vt 0.710985005 0.22519505 0
vt 0.710995734 0.228996098 0
vt 0.723851264 0.117847741 0
vt 0.536101639 0.60480082 0
vt 0.536158621 0.615153193 0
vt 0.531182408 0.615148544 0
vt 0.531258702 0.60479629 0
vt 0.736628354 0.22192961 0
vt 0.742286026 0.22476846 0
vt 0.740720749 0.224027276 0
vt 0.746454179 0.214618504 0
vt 0.747498631 0.216446757 0
vt 0.536157072 0.616751671 0
vt 0.536155462 0.618521154 0
vt 0.531179249 0.618516564 0
vt 0.531180978 0.616747022 0
vt 0.71649754 0.133333504 0
vt 0.714829862 0.133521378 0
vt 0.716427445 0.122602403 0
vt 0.718124688 0.123608828 0
vt 0.53126061 0.602690339 0
vt 0.531262279 0.600901186 0
vt 0.536105335 0.600905716 0
vt 0.536103606 0.602694809 0
vt 0.748252928 0.209867597 0
vt 0.714714527 0.117617309 0
vt 0.715061188 0.135645509 0
vt 0.716834426 0.135401487 0
vt 0.748752356 0.214384794 0
vt 0.750015259 0.210318208 0
vt 0.749308646 0.215760589 0
vt 0.740058005 0.225587487 0
vt 0.741736531 0.226250529 0
vt 0.717805147 0.121453881 0
vt 0.716035783 0.117117345 0
vt 0.719028771 0.122483611 0
vt 0.401101261 0.612455368 0
vt 0.399526179 0.612449288 0
vt 0.707658827 0.889464498 0
vt 0.707310557 0.887341917 0
vt 0.702203691 0.888211548 0
vt 0.437993258 0.118131757 0
vt 0.415844679 0.126660764 0
vt 0.414673448 0.127760351 0
vt 0.643455923 0.449155152 0
vt 0.652940631 0.45214951 0
vt 0.651334465 0.454959571 0

# 1312 vertex normals
vn 0 0.693127513 0.720815003
vn 0 0.693125904 0.720816553
vn 2.29943248e-06 0.693125963 0.720816493
vn -1.93363277e-07 0.693126023 0.720816433
vn 9.80148002e-07 0.693125725 0.720816731
vn -4.34480086e-07 0.693125963 0.720816433
vn 1.96504539e-06 0.693127453 0.720815063
vn 4.34480739e-07 0.693127513 0.720815003
vn 3.04225364e-06 0.693125546 0.72081691
vn 9.76269689e-07 0.693126559 0.720815897
vn -2.47433968e-06 0.693126619 0.720815837
vn 1.95495607e-15 0.693126738 0.720815718
vn 0 0.693128288 0.720814228
vn 0 0.693126738 0.720815718
vn 0.00970111042 -0.689124823 -0.724577665
vn 0.00239465968 -0.68417871 -0.729310453
vn -0.00671179825 -0.685944319 -0.727623045
vn -0.0107697807 -0.693086565 -0.720773935
vn -0.00671772566 -0.700214267 -0.713901162
vn 0.00239826227 -0.701972902 -0.712199569
vn 0.00970529392 -0.697044194 -0.716962516
vn 2.29942452e-06 0.693125963 0.720816493
vn -1.93362524e-07 0.693126023 0.720816433
vn 9.80149593e-07 0.693125725 0.720816731
vn -4.34480853e-07 0.693125963 0.720816433
vn 1.96505061e-06 0.693127453 0.720815063
vn 4.34482018e-07 0.693127513 0.720815003
vn 3.04225864e-06 0.693125546 0.72081691
vn 9.76271394e-07 0.693126559 0.720815897
vn -2.47433104e-06 0.693126619 0.720815837
vn 1.95494844e-15 0.693126738 0.720815718
vn 0.009701089 -0.689124882 -0.724577665
vn 0.00239465712 -0.68417877 -0.729310453
vn -0.00671180012 -0.685944319 -0.727623105
vn -0.0107698068 -0.693086565 -0.720773935
vn -0.00671772799 -0.700214326 -0.713901103
vn 0.0023982597 -0.701972902 -0.712199628
vn 0.00970527343 -0.697044134 -0.716962516
vn 0.052657254 0.691514552 0.720440745
vn 0.046036195 0.713846385 0.69878751
vn 0.0270383582 0.73027432 0.682618737
vn 0.000768182275 0.736499667 0.676437438
vn -0.0257085077 0.730916917 0.68198204
vn -0.0452709422 0.714965165 0.697692871
vn -0.0526613928 0.692814589 0.7191903
vn -0.0459279753 0.67035985 0.740613461
vn -0.0269286949 0.653675437 0.756295741
vn -0.000765067118 0.647313952 0.762223125
vn 0.0256017316 0.653019786 0.756908
vn 0.0451582037 0.669228137 0.741683483
vn -0.994431496 -0.098560676 -0.0373063013
vn 1 0 0
vn -0.994149446 -0.0524286442 -0.0944355801
vn -0.994051635 0.0182058066 -0.107377119
vn -0.994299769 0.0803343505 -0.0701025501
vn -0.994484067 0.104887873 0
vn -0.994299829 0.080333814 0.0701020882
vn -0.994051754 0.0182056222 0.107376017
vn -0.994149566 -0.052428171 0.0944347307
vn -0.994431555 -0.0985606834 0.0373057276
vn -0.994431674 -0.0985586792 -0.0373068266
vn -0.994149625 -0.0524277501 -0.0944344923
vn -0.994051695 0.0182060525 -0.107376769
vn -0.994299531 0.080337368 -0.0701022223
vn -0.99448359 0.104892179 0
vn -0.994299591 0.0803372264 0.0701020956
vn -0.994051754 0.0182060022 0.107376479
vn -0.994149625 -0.0524276234 0.0944342688
vn -0.994431674 -0.0985586792 0.0373066738
vn -1 0 0
vn -0.999980986 -0.00427518785 0.0044401316
vn -0.999980986 -0.00427436922 0.00444096606
vn 0.997860074 0.0453530923 -0.0470999889
vn 0.999980986 0.00427436922 -0.00444096606
vn 0.999980986 0.00427518785 -0.0044401316
vn -0.998587966 0.0368398912 -0.0382739641
vn -0.998587966 0.0368471704 -0.038266439
vn 0.997859955 0.0453219563 -0.0471324734
vn -0.52272445 0.85250169 0
vn 0 -0.693126738 -0.720815718
vn 0 0.693127155 0.720815361
vn -0.0013977061 0.691969573 0.721925318
vn 0.00136792602 0.694218099 0.719763398
vn 0.00136782019 0.692032874 0.7218647
vn -0.00139793521 0.694281042 0.719702601
vn 0.00136814022 -0.69421798 -0.719763517
vn -0.00139750098 -0.694280803 -0.719702899
vn 0.00136808562 -0.692032874 -0.7218647
vn -0.00139732973 -0.691969931 -0.721924961
vn 0.507893145 0 0.861420095
vn 0.501529813 -0.0138480067 0.865029514
vn 0.61334306 0.789816618 0
vn -0.997215688 -0.0697420016 -0.026399022
vn -0.997074008 -0.0371041298 -0.0668331161
vn -0.997024834 0.012884994 -0.0759962723
vn -0.997149408 0.0568510592 -0.0496081188
vn -0.997241855 0.0742201284 0
vn -0.997149467 0.0568509586 0.0496080294
vn -0.997024894 0.0128850881 0.0759959891
vn -0.997074068 -0.0371041261 0.0668328479
vn -0.997215688 -0.0697420016 0.0263989158
vn -0.870059311 -0.341669917 0.355328619
vn -0.870058358 -0.341677189 0.35532406
vn 0.870058358 0.341676831 -0.355324388
vn 0.870059431 0.341674417 -0.35532403
vn -0.190451041 -0.680440247 0.707622409
vn -0.190454111 -0.680430174 0.70763129
vn 0.1904542 0.68043983 -0.707621992
vn 0.190451056 0.680441976 -0.70762074
vn 0.561087132 -0.573740363 0.596660078
vn -0.561087132 0.573740363 -0.596660078
vn 0.561089516 0.573739231 -0.596658945
vn -0.561087132 -0.573740363 0.596660078
vn -0.561089516 -0.573740661 0.596657515
vn -0.1904542 0.68043983 -0.707621992
vn 0.19045499 -0.680439293 0.70762229
vn 0.1904542 -0.68043983 0.707621992
vn -0.870058358 0.341677189 -0.35532406
vn -0.870058537 0.341675729 -0.355324954
vn 0.870058298 -0.341675788 0.35532546
vn 0.769588947 -0.00950183719 -0.638468921
vn 0.769589484 -0.00949938968 -0.638468325
vn 0.171189502 0.330865741 -0.928020477
vn 0.171189815 0.330864459 -0.928020895
vn -0.500808001 0.218971908 -0.837402344
vn -0.50080955 0.218974009 -0.837400854
vn -0.884847701 -0.322914958 -0.335813224
vn -0.884846449 -0.322915852 -0.335815668
vn -0.513532162 -0.82568866 0.233501464
vn -0.513531923 -0.825687349 0.233506665
vn 0.17619428 -0.918446004 0.354136288
vn 0.17619212 -0.918448269 0.35413146
vn 0.781687438 -0.623589694 -0.0100325169
vn 0.781685114 -0.623592556 -0.0100347493
vn 1.72958426e-05 0.693134487 0.720808268
vn 0 0.693125188 0.720817208
vn 3.63855952e-06 0.69314301 0.720800042
vn 3.71992473e-06 0.693143666 0.720799446
vn 5.54117378e-06 0.693124831 0.720817566
vn -1.24073349e-05 0.693139911 0.720803022
vn -6.28177486e-06 0.693126142 0.720816314
vn 7.02617035e-06 0.693127453 0.720815063
vn 1.24073358e-05 0.693139911 0.720803022
vn -2.5636366e-06 0.693119586 0.720822632
vn 2.10914368e-06 0.693121672 0.720820606
vn -7.07739218e-06 0.693143725 0.720799446
vn 6.68441498e-06 0.693124771 0.720817626
vn 0.317841709 0.774946392 0.546291828
vn 0.317828834 0.774943411 0.546303511
vn 0.0777279884 0.921442807 0.380659252
vn 0.077728495 0.921446085 0.380651325
vn -0.218909949 0.87086761 0.440077364
vn -0.218895152 0.870862246 0.440095246
vn -0.352036238 0.64875716 0.674673676
vn -0.352040946 0.648755372 0.674672961
vn -0.213910252 0.413538754 0.885001779
vn -0.213911846 0.413535357 0.885002971
vn 0.0755577162 0.355816305 0.931496561
vn 0.075558573 0.355813652 0.931497455
vn 0.313710004 0.518502831 0.795450091
vn 0.313717246 0.518498838 0.795449853
vn 0.859009147 0.46144408 -0.221749067
vn 0.859008789 0.461445272 -0.22174786
vn 0.189180836 0.786571026 -0.587806642
vn 0.189181641 0.786566734 -0.587812066
vn -0.556210756 0.684875369 -0.470717877
vn -0.556210816 0.684881091 -0.470709473
vn -0.982818902 0.127932474 0.133042514
vn -0.982818186 0.127934679 0.133045405
vn -0.550320923 -0.447842449 0.704687178
vn -0.550318718 -0.447833806 0.70469439
vn 0.186917827 -0.558456004 0.808200836
vn 0.186916858 -0.558469772 0.808191538
vn 0.853208721 -0.211793303 0.476632446
vn 0.853208899 -0.211794496 0.476631612
vn 0.518973053 0.76816231 0.374958187
vn 0.518969297 0.768162549 0.374962866
vn 0.123697013 0.986555755 0.10680259
vn 0.12369778 0.986558139 0.106779829
vn -0.352350593 0.913999319 0.201132476
vn -0.352351278 0.913999319 0.201131374
vn -0.577543318 0.565839291 0.588446796
vn -0.577525854 0.565850198 0.588453472
vn -0.341426343 0.18740423 0.921036184
vn -0.341429889 0.187394351 0.921036899
vn 0.11911016 0.0988932848 0.987943769
vn 0.119110428 0.0988923162 0.987943828
vn 0.509503365 0.353987902 0.784282386
vn 0.509496927 0.353992909 0.784284353
vn -0.870060682 -0.341668278 0.355326951
vn -0.870059669 -0.34167555 0.355322361
vn 0.870059669 0.341675222 -0.355322719
vn 0.870060742 0.341672808 -0.355322361
vn -0.190450534 -0.680440307 0.707622468
vn -0.190453604 -0.680430233 0.70763135
vn 0.190453693 0.680439889 -0.707622051
vn 0.190450549 0.680442035 -0.7076208
vn -0.190453693 0.680439889 -0.707622051
vn 0.190454483 -0.680439353 0.707622349
vn 0.190453693 -0.680439889 0.707622051
vn -0.870059669 0.34167555 -0.355322361
vn -0.870059848 0.341674119 -0.355323285
vn 0.870059609 -0.341674179 0.355323792
vn 0.769589961 -0.00950274896 -0.638467669
vn 0.769590318 -0.00950111169 -0.638467252
vn 0.171189234 0.330866814 -0.928020179
vn -0.500809729 0.218974233 -0.837400675
vn -0.500807583 0.218971327 -0.837402761
vn -0.884850442 -0.322911292 -0.33580941
vn -0.884849191 -0.322912186 -0.335811853
vn -0.513532341 -0.825689554 0.233497962
vn -0.513531685 -0.825686336 0.233510748
vn 0.176193923 -0.918446004 0.354136437
vn 0.176192209 -0.918447793 0.354132622
vn 0.781688154 -0.6235888 -0.0100340797
vn 0.781686306 -0.623591065 -0.0100358697
vn 3.63854997e-06 0.69314301 0.720800042
vn 3.71991587e-06 0.693143666 0.720799446
vn 5.54125654e-06 0.693124831 0.720817566
vn -6.2819131e-06 0.693126142 0.720816314
vn 7.02632542e-06 0.693127453 0.720815063
vn 1.24073676e-05 0.693139911 0.720803022
vn -2.56367184e-06 0.693119586 0.720822632
vn 2.10913936e-06 0.693121672 0.720820606
vn -7.07737127e-06 0.693143725 0.720799446
vn 6.6844309e-06 0.693124771 0.720817626
vn 0.317842245 0.774945915 0.546292186
vn 0.317833334 0.774943829 0.546300292
vn 0.0777278095 0.921442807 0.380659312
vn 0.0777283311 0.921446145 0.380651176
vn -0.218910202 0.870867312 0.440077811
vn -0.218895718 0.870862067 0.440095305
vn -0.213910729 0.413538814 0.8850016
vn -0.213912129 0.413535863 0.885002673
vn 0.0755575746 0.355816185 0.931496561
vn 0.0755583793 0.355813712 0.931497455
vn 0.313714445 0.518500388 0.795449913
vn 0.8590101 0.461442977 -0.221747607
vn 0.859009862 0.461443931 -0.221746624
vn 0.189180434 0.786571026 -0.587806702
vn 0.189181238 0.786566854 -0.587812126
vn -0.55621177 0.684874833 -0.47071743
vn -0.556211829 0.684880674 -0.470708847
vn -0.550321937 -0.447841853 0.704686761
vn -0.550319791 -0.447833389 0.704693854
vn 0.186917424 -0.558456063 0.808200896
vn 0.186916471 -0.558469892 0.808191597
vn 0.853209734 -0.211792156 0.476631075
vn 0.853209913 -0.21179308 0.476630449
vn 0.518974125 0.768161237 0.374958873
vn 0.518961489 0.768162072 0.374974638
vn 0.123696662 0.986555815 0.106802672
vn 0.123697437 0.986558199 0.106779598
vn 0.119109862 0.0988930911 0.987943828
vn 0.119110055 0.0988923982 0.987943888
vn 0.509495497 0.35399738 0.784283221
vn 0.509499311 0.353994429 0.784282088
vn 0 -0.693126738 0.720815718
vn 0 0.693126023 -0.720816433
vn 0 -0.693126023 0.720816433
vn 0 0.693123817 -0.720818579
vn -1.45623162e-07 0.693127096 0.72081542
vn 1.06639345e-06 0.693126738 0.720815718
vn 0 0.693127632 0.720814884
vn 0 -0.693125844 -0.720816612
vn -5.33196726e-07 -0.693126738 -0.720815718
vn -1.31705065e-06 -0.693126976 -0.720815539
vn 0 -0.693127215 -0.720815301
vn 1.06639345e-06 -0.693126738 -0.720815718
vn 2.82539077e-07 -0.693126976 -0.720815539
vn 0 0.693127215 0.720815301
vn -6.78819617e-07 0.693127096 0.72081542
vn 5.33196726e-07 0.693126738 0.720815718
vn 1.05818245e-07 0.693126738 0.720815778
vn -4.15192183e-08 0.693126798 0.720815718
vn 9.97167859e-08 0.693126738 0.720815718
vn 1.85823552e-07 0.693126738 0.720815718
vn 0 0.693126798 0.720815659
vn -1.05019804e-09 0.693126798 0.720815718
vn -2.0743326e-07 0.6931265 0.720815957
vn 0 0.693126857 0.720815659
vn 2.57008594e-07 0.6931265 0.720815957
vn 1.30036759e-09 0.693126798 0.720815718
vn 0.59173727 0.551402271 0.588049769
vn 0.591733932 0.551405191 0.588050365
vn 0.514233708 0.789722741 0.334517032
vn 0.514236629 0.789721608 0.334515274
vn 0.294510901 0.94451344 0.145456776
vn 0.294510603 0.9445135 0.145457163
vn 0.00825622585 0.99710381 0.0756027326
vn 0.00825615507 0.99710381 0.0756029636
vn -0.279651016 0.950106144 0.138179511
vn -0.279651016 0.950106144 0.138179824
vn -0.505084872 0.800930679 0.321557611
vn -0.505086005 0.800930917 0.321555227
vn -0.592112899 0.565824151 0.573799074
vn -0.592113078 0.565824091 0.573798895
vn -0.503670156 0.315058619 0.804396927
vn -0.503668845 0.315059364 0.804397464
vn -0.284567446 0.135147035 0.949082017
vn -0.284567624 0.135146782 0.949081957
vn -0.00794268958 0.0699352995 0.99751991
vn -0.00794269145 0.069935292 0.99751991
vn 0.270082295 0.128325164 0.954247475
vn 0.270082325 0.128324986 0.954247475
vn 0.494212091 0.302547693 0.814996541
vn 0.494212747 0.302546233 0.81499666
vn 0.193069741 0.677698195 0.709541559
vn 0.193069682 0.677698255 0.7095415
vn 0.169064134 0.75876224 0.629044652
vn 0.169062927 0.758762658 0.629044473
vn 0.0992011651 0.817107797 0.567885518
vn 0.0992035121 0.817108035 0.567884803
vn 0.00281681493 0.838853776 0.544349551
vn 0.00281694718 0.838853836 0.544349372
vn -0.0943137929 0.819362283 0.565464735
vn -0.0943137109 0.819362462 0.565464497
vn -0.166250199 0.762775183 0.624927878
vn -0.166249916 0.762774289 0.62492907
vn -0.193119317 0.682458639 0.704950452
vn -0.193119183 0.68245852 0.704950571
vn -0.167635292 0.599775016 0.782411873
vn -0.167636529 0.599775195 0.782411456
vn -0.0977437794 0.538031518 0.837238431
vn -0.0977421701 0.538031995 0.837238312
vn -0.00276933936 0.514508128 0.857481062
vn -0.00276928442 0.514508188 0.857481003
vn 0.092904076 0.535607159 0.839341283
vn 0.0929035619 0.53560555 0.839342356
vn 0.164774403 0.59558934 0.786207855
vn 0.164774165 0.595590353 0.78620708
vn 6.86179374e-06 -0.6931265 -0.720815957
vn -1.41242296e-07 -0.693127394 -0.720815122
vn 0.999979675 0.00442198338 -0.00459863991
vn 0.999979675 0.00442198059 -0.00459864037
vn -7.05803859e-06 0.693127334 0.720815182
vn -4.45821797e-08 0.693126559 0.720815897
vn -0.999979675 -0.00442176824 0.00459841639
vn -0.999979675 -0.00442176964 0.00459839497
vn -2.78959851e-06 -0.693128347 -0.720814168
vn 6.2194531e-06 -0.693123877 -0.72081852
vn 0.89628011 0.307393223 -0.319673806
vn 0.89628005 0.307393491 -0.319673777
vn 3.60116883e-06 0.693127334 0.720815122
vn -6.50986112e-06 0.693125069 0.720817327
vn -0.896280169 -0.307393163 0.319673717
vn -0.896280289 -0.307393193 0.319673449
vn -2.39094379e-06 -0.693127155 -0.720815361
vn -3.12416614e-06 -0.69312793 -0.720814586
vn 0.64355731 0.530518711 -0.55171001
vn 0.643558562 0.530516326 -0.551710844
vn 5.93631285e-07 0.693128109 0.720814407
vn 2.16627018e-06 0.693129182 0.720813394
vn -0.643558204 -0.530516684 0.551710844
vn -0.643558025 -0.530516624 0.551711142
vn -8.43337318e-07 -0.693129539 -0.720813036
vn -4.45300998e-07 -0.693128228 -0.720814288
vn 0.327560663 0.654888153 -0.68104732
vn -4.15748127e-06 0.693118632 0.720823526
vn 1.82856411e-06 0.693127453 0.720815063
vn -0.327561468 -0.654887736 0.68104738
vn -0.327559859 -0.654886544 0.681049287
vn 1.44654996e-06 -0.693136752 -0.720806122
vn 2.62318167e-07 -0.693129718 -0.720812857
vn -0.00460876897 0.693120599 -0.720806897
vn -2.33693427e-07 0.693125248 0.720817149
vn -1.32773368e-06 0.693118215 0.720823944
vn 0.00460931892 -0.693118632 0.720808744
vn 0.00460758386 -0.69312036 0.720807135
vn 7.5539532e-07 -0.693129778 -0.720812798
vn 5.17361013e-06 -0.693136096 -0.720806718
vn -0.336624503 0.652676284 -0.678747118
vn 3.60668514e-06 0.693118393 0.720823765
vn 1.3601117e-06 0.693125546 0.72081691
vn 0.336623549 -0.652676523 0.678747356
vn 0.336625338 -0.652674258 0.678748608
vn -5.30014768e-06 -0.693123102 -0.720819235
vn 3.07250684e-06 -0.693128467 -0.720814109
vn -0.651713967 0.525712967 -0.546712697
vn -0.651714146 0.525713086 -0.546712399
vn 5.5953401e-06 0.693123519 0.720818818
vn 7.95151846e-06 0.693120897 0.720821321
vn 0.651714802 -0.52571106 0.546713591
vn 0.651713431 -0.525713503 0.546712816
vn -1.28837128e-05 -0.693122745 -0.720819592
vn -6.12385429e-06 -0.693124175 -0.720818162
vn -0.901571572 0.299867123 -0.311846823
vn -0.901571929 0.299867332 -0.311845601
vn -9.41610026e-08 0.693126321 0.720816135
vn 5.62053447e-06 0.693123519 0.720818818
vn 0.901571631 -0.299866915 0.311846703
vn 0.901571691 -0.299866825 0.311846733
vn -6.95596009e-06 -0.693126559 -0.720815897
vn -1.39590238e-05 -0.693127453 -0.720815063
vn -0.999979675 -0.00442190515 0.00459856028
vn -7.05804405e-06 0.693127334 0.720815182
vn -4.45820021e-08 0.693126559 0.720815897
vn 0.999979675 0.00442194892 -0.00459858123
vn 0.999979675 0.00442192517 -0.00459858263
vn 8.098943e-06 -0.693122804 -0.720819533
vn -6.14493274e-06 -0.693129957 -0.720812678
vn -0.89628005 -0.307394266 0.319673002
vn -0.896279633 -0.307393998 0.319674402
vn 4.46672266e-06 0.693127573 0.720814943
vn -6.50986567e-06 0.693125069 0.720817327
vn 0.896280468 0.307392776 -0.319673181
vn 0.89628005 0.307394296 -0.319673002
vn -1.38097641e-06 -0.693128526 -0.72081399
vn 6.02081082e-06 -0.693120182 -0.720822036
vn -0.643557549 -0.530517042 0.551711261
vn -0.643558741 -0.530517817 0.551709175
vn 1.32694663e-06 0.693128824 0.720813751
vn 2.74072863e-06 0.693129718 0.720812857
vn 0.643558085 0.530516684 -0.551710963
vn -8.43338398e-07 -0.693129539 -0.720813036
vn -6.67951724e-07 -0.693128943 -0.720813632
vn -0.327562362 -0.654887736 0.681046963
vn -0.327560663 -0.654886305 0.681049168
vn -4.39126961e-06 0.693118513 0.720823646
vn 2.26077736e-06 0.693128288 0.720814228
vn 0.327559799 0.654886544 -0.681049347
vn -4.69687251e-07 -0.693125367 -0.720817029
vn 2.62318054e-07 -0.693129718 -0.720812857
vn 0.00461055152 -0.693118572 0.720808804
vn 0.00460874056 -0.693120539 0.720806956
vn 1.66509358e-06 0.693137467 0.720805407
vn -1.35539563e-06 0.693118036 0.720824122
vn -0.00460938318 0.693120539 -0.720806956
vn -0.00460736826 0.693118632 -0.720808804
vn -4.60161164e-06 -0.693118989 -0.720823169
vn -1.8351183e-07 -0.693125308 -0.720817089
vn 0.336622804 -0.652676702 0.678747535
vn 0.336624444 -0.652674437 0.678748906
vn -1.75033301e-06 0.693129182 0.720813334
vn -4.05193214e-06 0.693136513 0.72080636
vn -0.3366234 0.652674675 -0.678749144
vn -0.336625248 0.652676046 -0.678746939
vn 5.52676329e-06 -0.693130076 -0.7208125
vn -8.44668466e-06 -0.693121195 -0.720821083
vn 0.651714087 -0.525713086 0.546712458
vn 0.651714027 -0.525713086 0.546712458
vn -5.5777009e-06 0.693130672 0.720811963
vn -3.40470388e-06 0.693128288 0.720814288
vn -0.651713312 0.525712073 -0.546714365
vn -8.91643452e-08 -0.693127155 -0.720815361
vn 6.6707621e-06 -0.693128586 -0.72081393
vn 0.901571751 -0.299866766 0.311846554
vn 0.901571393 -0.299868196 0.311846316
vn -1.05931512e-07 0.693126261 0.720816195
vn -6.53826055e-06 0.69312942 0.720813155
vn -0.901572406 0.299866766 -0.311844796
vn -0.901571929 0.299866557 -0.311846286
vn 0.64754349 -0.525199115 -0.552135289
vn 0.64753741 -0.525202334 -0.552139342
vn -0.64771533 -0.531050324 -0.546306133
vn -0.647713184 -0.531051695 -0.546307325
vn 0.647711217 0.531051695 0.54630971
vn 0.647711933 0.531051338 0.546309233
vn -0.647547901 0.525196731 0.552132308
vn -0.647557855 0.525190115 0.552126944
vn 0.584881723 -0.316815615 -0.746686876
vn 0.584873855 -0.316822857 -0.746689975
vn -0.595035911 -0.730466008 -0.335188985
vn -0.595029473 -0.730468452 -0.335195094
vn 0.595026612 0.730469584 0.335197687
vn 0.595033407 0.730467677 0.33518979
vn -0.584883988 0.316812456 0.746686399
vn -0.584878087 0.316819191 0.746688187
vn 0.431575924 -0.144658759 -0.890402198
vn 0.431577057 -0.144656911 -0.890401959
vn -0.44467029 -0.88217932 -0.155009449
vn -0.444654882 -0.882182598 -0.155035049
vn 0.444673896 0.882179797 0.154996455
vn 0.444667339 0.882180631 0.155010551
vn -0.431576341 0.144658983 0.890401959
vn -0.431578547 0.144654393 0.890401661
vn 0.225144461 -0.0360026658 -0.973659992
vn 0.225144327 -0.0360031202 -0.973659992
vn -0.233620375 -0.97154969 -0.0388938561
vn -0.233630821 -0.971548557 -0.0388585813
vn 0.233640626 0.97154814 0.0388106629
vn 0.233633921 0.971548259 0.0388474055
vn -0.225145578 0.0359971039 0.973659933
vn -0.225144446 0.0360031836 0.973659992
vn -0.0031971992 -8.07813831e-06 -0.999994874
vn -0.00319721573 -8.40600478e-06 -0.999994874
vn 0.00332518015 -0.999994457 -1.54230547e-05
vn 0.00332516618 -0.999994457 -1.51585255e-05
vn -0.00332426419 0.999994457 1.5002146e-05
vn -0.00332705653 0.999994457 -3.58600337e-05
vn 0.00319713308 8.06788739e-06 0.999994874
vn 0.0031974751 2.47336311e-06 0.999994874
vn -0.231257126 -0.0380436257 -0.972148538
vn -0.231257603 -0.038041193 -0.972148538
vn 0.239942953 -0.969918489 -0.0410550982
vn 0.239948303 -0.96991837 -0.0410261936
vn -0.239949718 0.969918013 0.0410269648
vn -0.239941373 0.969918907 0.0410548262
vn 0.231256589 0.0380453691 0.972148597
vn 0.231256768 0.0380447879 0.972148597
vn -0.436694831 -0.1486343 -0.887246013
vn -0.43669486 -0.148634255 -0.887246013
vn 0.449831605 -0.878809273 -0.15920341
vn 0.449824214 -0.878810227 -0.15921919
vn -0.449843466 0.878807425 0.159180418
vn -0.449830055 0.878810287 0.159202501
vn 0.43669498 0.148634449 0.887245893
vn 0.436691284 0.148640275 0.887246728
vn -0.587983131 -0.322270811 -0.741901159
vn -0.587991297 -0.322261751 -0.741898656
vn 0.597945273 -0.725473642 -0.34080714
vn 0.597956419 -0.725470483 -0.340794206
vn -0.597932518 0.725478947 0.340818107
vn -0.597968757 0.725465119 0.340783983
vn 0.587985039 0.322268188 0.741900802
vn 0.587991655 0.322262228 0.741898179
vn -0.647695065 -0.531061351 -0.546319425
vn -0.647697926 -0.531059504 -0.546317875
vn 0.647562146 -0.525188446 -0.552123487
vn 0.647565484 -0.525186658 -0.552121222
vn -0.647547007 0.525196612 0.552133501
vn -0.647543073 0.525199175 0.552135646
vn 0.647713542 0.531051159 0.546307385
vn 0.647699893 0.531058252 0.546316743
vn -0.595052361 -0.730460346 -0.335172147
vn -0.595012009 -0.730475545 -0.33521077
vn 0.584887385 -0.316809863 -0.746684849
vn 0.584870994 -0.316824824 -0.746691346
vn -0.584883332 0.31681329 0.746686578
vn -0.584877431 0.316819966 0.746688366
vn 0.595026135 0.730469227 0.335199326
vn 0.595035613 0.730466604 0.33518821
vn -0.444672972 -0.882179737 -0.154999524
vn -0.444689751 -0.88217622 -0.154971406
vn 0.431573838 -0.144662946 -0.890402555
vn 0.431575418 -0.144660383 -0.890402198
vn -0.431575626 0.144660503 0.890402079
vn -0.431577981 0.14465557 0.890401721
vn 0.444672823 0.882179797 0.154999569
vn 0.444667339 0.882180452 0.155011505
vn -0.233628377 -0.971549094 -0.0388599262
vn -0.233631819 -0.971548736 -0.0388481393
vn 0.225144282 -0.0360032655 -0.973659992
vn 0.225144416 -0.0360028148 -0.973659992
vn -0.225144312 0.0360027961 0.973659992
vn -0.225144237 0.0360032432 0.973660052
vn 0.233628437 0.971549094 0.0388599075
vn 0.233630642 0.971549094 0.0388475358
vn 0.00332423579 -0.999994457 -1.49972038e-05
vn 0.00332426257 -0.999994457 -1.55491161e-05
vn -0.0031971354 -6.92313142e-06 -0.999994874
vn -0.00319719967 -8.1012231e-06 -0.999994874
vn 0.00319718244 6.60121259e-06 0.999994874
vn 0.00319716427 6.91858077e-06 0.999994874
vn -0.00332237268 0.999994457 1.4698624e-05
vn -0.00332230376 0.999994457 1.58703479e-05
vn 0.239948288 -0.96991837 -0.0410262458
vn 0.239942819 -0.969918489 -0.0410550758
vn -0.231256843 -0.0380445682 -0.972148597
vn -0.231256947 -0.0380439982 -0.972148597
vn 0.231257439 0.0380422324 0.972148538
vn 0.231257632 0.0380416289 0.972148538
vn -0.239938259 0.969918787 0.0410745479
vn -0.239943594 0.969918251 0.0410569757
vn 0.449823618 -0.878810525 -0.159219176
vn 0.449831098 -0.878809571 -0.159203365
vn -0.436692148 -0.148639336 -0.88724649
vn -0.436693549 -0.148636431 -0.887246251
vn 0.436697572 0.148629203 0.887245536
vn 0.436695188 0.148632988 0.887246072
vn -0.449823171 0.878810823 0.159218684
vn -0.449809909 0.878813744 0.15924035
vn 0.597928107 -0.725479782 -0.340824127
vn 0.597943544 -0.725475371 -0.340806425
vn -0.587989986 -0.32226333 -0.741899014
vn -0.587992489 -0.322260559 -0.741898239
vn 0.587989807 0.322263181 0.741899192
vn 0.588001192 0.32225284 0.741894662
vn -0.597953439 0.725470781 0.340798825
vn -0.59794426 0.725474298 0.340807378
vn -3.82059079e-06 0.693126142 -0.720816314
vn 0 0.693126976 -0.720815539
vn 0 0.693126619 0.720815837
vn -3.39984945e-06 0.69312644 0.720816076
vn 0 -0.935245156 -0.354000717
vn 0 -0.485399276 -0.874292612
vn 0 0.167172655 -0.985927641
vn 0 0.753457665 -0.657496393
vn 0 1 0
vn 0 0.753457665 0.657496393
vn 0 0.167172655 0.985927641
vn 0 -0.485399276 0.874292612
vn 0 -0.93524617 0.353997976
vn 0 -0.485396922 -0.874293923
vn 0 -0.935235441 -0.354026437
vn 0 -0.935236633 0.354023159
vn 0 -0.485396922 0.874293923
vn 0 0.167162359 0.98592937
vn 0 0.753471911 0.657480061
vn 0 0.753471911 -0.657480061
vn 0 0.167162359 -0.98592937
vn -0.317759424 -0.886761844 -0.335681945
vn -0.317693561 -0.886789083 -0.335672379
vn 0.901540577 -0.404676825 -0.153170824
vn 0.901537001 -0.404682964 -0.153175399
vn -0.310685992 -0.461368144 -0.83103168
vn -0.310691237 -0.461366057 -0.831030846
vn 0.897256732 -0.21429956 -0.386013031
vn 0.897256613 -0.214299634 -0.386013329
vn -0.308379889 0.159024015 -0.937876999
vn -0.30834499 0.159016624 -0.937889695
vn 0.895783126 0.0743045509 -0.438236773
vn 0.895776927 0.0743099749 -0.438248456
vn -0.314394146 0.71525234 -0.62415576
vn -0.314460784 0.71524781 -0.624127328
vn 0.899516344 0.329177678 -0.287249714
vn 0.899527431 0.32915616 -0.287239581
vn -0.319114476 0.947716177 0
vn 0.902320385 0.431066096 0
vn -0.314444691 0.715239704 0.624144733
vn -0.314395756 0.715260923 0.62414515
vn 0.899526656 0.329161733 0.287235796
vn 0.899515331 0.329174995 0.287256032
vn -0.308343977 0.159025967 0.937888443
vn -0.308352649 0.159023181 0.937886059
vn 0.895784378 0.0743041262 0.43823427
vn 0.895783007 0.0743038431 0.438237131
vn -0.310691416 -0.461367279 0.83103013
vn -0.310686141 -0.461366862 0.831032336
vn 0.897256613 -0.214299694 0.38601324
vn 0.897263288 -0.214289829 0.386003256
vn -0.317691743 -0.886784017 0.335687369
vn -0.317757338 -0.88677001 0.335662365
vn 0.901537538 -0.404683203 0.153171867
vn 0.901540637 -0.404676467 0.153171331
vn -0.866404831 -0.467009306 -0.176762491
vn -0.866364956 -0.467066437 -0.176807076
vn 0.336606085 -0.880665243 -0.333354354
vn 0.336533844 -0.880696356 -0.333344966
vn -0.860904515 -0.246944413 -0.444816649
vn -0.860916257 -0.246939957 -0.444796473
vn 0.329200089 -0.458332062 -0.825565875
vn 0.329231888 -0.458319277 -0.825560272
vn -0.859043598 0.0855724216 -0.504699349
vn -0.859037459 0.0855771676 -0.504709005
vn 0.326796114 0.157983601 -0.931796908
vn 0.326817781 0.157987952 -0.931788564
vn -0.863793194 0.379636139 -0.33126685
vn -0.863818467 0.379594713 -0.331248462
vn 0.333155662 0.710426629 -0.619920373
vn 0.333105266 0.710431159 -0.619942307
vn -0.867414296 0.497586578 0
vn 0.338038534 0.941132247 0
vn -0.863820791 0.379600525 0.331235737
vn -0.863795102 0.379624933 0.331274807
vn 0.333106369 0.710436642 0.619935453
vn 0.333138734 0.710422277 0.619934499
vn -0.859036922 0.0855742916 0.504710376
vn -0.859043121 0.0855755806 0.504699647
vn 0.326790363 0.157990873 0.931797683
vn 0.326795489 0.157989249 0.931796193
vn -0.860917091 -0.246934071 0.444798052
vn -0.860905588 -0.246948704 0.444812238
vn 0.329230994 -0.458326817 0.825556457
vn 0.329199016 -0.45832485 0.825570345
vn -0.866361618 -0.467079997 0.176787406
vn -0.866401553 -0.467007518 0.176783204
vn 0.336535633 -0.880689681 0.333360821
vn 0.336608768 -0.880672276 0.333332896
vn -0.630406499 0.726001203 0.274790645
vn -0.630324483 0.726057529 0.274829984
vn -0.620874465 0.380493164 0.68537569
vn -0.620909274 0.380485743 0.685348272
vn -0.617702305 -0.13146095 0.775346279
vn -0.617704988 -0.131460086 0.775344312
vn -0.625879467 -0.587650657 0.512778282
vn -0.625976562 -0.587579072 0.512741864
vn -0.632169485 -0.774830103 0
vn -0.625973463 -0.587593853 -0.512728691
vn -0.625875592 -0.587640107 -0.51279515
vn -0.617704928 -0.131460607 -0.775344253
vn -0.617702246 -0.131460458 -0.775346458
vn -0.620907962 0.380480289 -0.685352504
vn -0.620873332 0.380499572 -0.685373187
vn -0.630328119 0.726061702 -0.274810672
vn -0.630408704 0.725994587 -0.274803042
vn -0.903667331 -0.400503188 -0.151599944
vn -0.903671563 -0.400496513 -0.151592329
vn -0.899460137 -0.212115154 -0.382071465
vn -0.899462521 -0.212114945 -0.382065922
vn -0.898011506 0.0735478401 -0.433781087
vn -0.898011684 0.0735475942 -0.43378076
vn -0.901679158 0.325800091 -0.28430447
vn -0.901679158 0.325800031 -0.28430444
vn -0.904433548 0.426614553 0
vn -0.901679158 0.325800061 0.28430444
vn -0.901679158 0.325800061 0.2843045
vn -0.898011684 0.073547788 0.433780789
vn -0.898011506 0.0735476688 0.433781177
vn -0.899462163 -0.212113157 0.382067859
vn -0.899459839 -0.212117687 0.382070839
vn -0.903671086 -0.400496304 0.151595637
vn -0.903666437 -0.400507361 0.151594117
vn -0.894548237 -0.418025911 -0.158233508
vn -0.894580126 -0.417968214 -0.158205628
vn 0.894627512 -0.417877465 -0.158177331
vn 0.894595742 -0.417938948 -0.158194542
vn -0.889994621 -0.221322611 -0.398655087
vn -0.890031695 -0.221292853 -0.398588777
vn 0.89008069 -0.221241087 -0.398508221
vn 0.890043736 -0.221281469 -0.398568243
vn -0.888510942 0.0767030194 -0.452399075
vn -0.88847959 0.0767182335 -0.452458143
vn 0.88853085 0.0766965821 -0.452361107
vn 0.888562262 0.0766914561 -0.452300221
vn -0.892438829 0.339942366 -0.296634704
vn -0.892491996 0.339857072 -0.296572477
vn 0.892539799 0.339791775 -0.296503305
vn 0.892486393 0.339865416 -0.296579748
vn -0.895408571 0.445245385 0
vn 0.895456493 0.445148975 0
vn -0.892477512 0.339883208 0.296586126
vn -0.892437339 0.339938551 0.296643555
vn 0.892487466 0.339868307 0.296573102
vn 0.892527461 0.339804202 0.296526343
vn -0.888479829 0.0767164677 0.452457964
vn -0.888490319 0.0767147541 0.452437609
vn 0.888540566 0.0766967982 0.452341974
vn 0.888530076 0.0767018795 0.452361703
vn -0.890030682 -0.221288428 0.398593485
vn -0.889993787 -0.22132881 0.398653537
vn 0.89004457 -0.22127527 0.398569793
vn 0.890081704 -0.221245512 0.398503482
vn -0.894579411 -0.417967886 0.158210233
vn -0.894547284 -0.418030083 0.158227652
vn 0.894596279 -0.417936295 0.158198267
vn 0.894628525 -0.417877972 0.158170074
vn 0 -0.935245097 -0.354000896
vn 0 -0.48538512 -0.87430048
vn 0 0.167169198 -0.985928237
vn 0 0.753462672 -0.65749073
vn 0 0.753462672 0.65749073
vn 0 0.167169198 0.985928237
vn 0 -0.48538512 0.87430048
vn 0 -0.935245335 0.354000181
vn 0 -0.48539266 -0.874296248
vn 0 -0.935244679 -0.354001969
vn 0 -0.935245037 0.354001075
vn 0 -0.48539266 0.874296248
vn 0 0.16716662 0.985928655
vn 0 0.753464758 0.657488286
vn 0 0.753464758 -0.657488286
vn 0 0.16716662 -0.985928655
vn -0.317759603 -0.886772335 -0.33565405
vn -0.317766488 -0.886769474 -0.335655034
vn 0.901547968 -0.404661566 -0.153167322
vn 0.901547432 -0.404662579 -0.153168082
vn -0.310682476 -0.46137172 -0.831031024
vn -0.31069842 -0.461365372 -0.831028581
vn 0.897251308 -0.214305714 -0.38602224
vn 0.897262216 -0.21430026 -0.385999918
vn -0.308340907 0.159019575 -0.93789053
vn -0.308355123 0.159022599 -0.937885344
vn 0.895783603 0.0743046701 -0.43823567
vn 0.895784914 0.0743035451 -0.438233256
vn -0.314380765 0.715265214 -0.624147773
vn -0.314369053 0.715265989 -0.62415278
vn 0.899538577 0.329143882 -0.287218809
vn 0.899529815 0.329160839 -0.287226796
vn -0.319094867 0.947722793 0
vn 0.90235126 0.431001395 0
vn -0.314373642 0.715266109 0.624150336
vn -0.314380378 0.715263188 0.624150276
vn 0.899531662 0.32915464 0.287228197
vn 0.899540544 0.32914421 0.287212253
vn -0.308348149 0.159021154 0.937887907
vn -0.308348298 0.159021109 0.937887847
vn 0.895786643 0.0743036494 0.43822968
vn 0.895785332 0.0743033886 0.438232362
vn -0.310698926 -0.461369097 0.831026316
vn -0.310676754 -0.461367339 0.831035554
vn 0.897261381 -0.21429652 0.386003971
vn 0.897252083 -0.214310229 0.386017889
vn -0.317766786 -0.886770368 0.3356525
vn -0.317759722 -0.886771858 0.335655183
vn 0.901547432 -0.404662609 0.15316771
vn 0.901548028 -0.404661357 0.153167605
vn -0.866398811 -0.467018634 -0.17676723
vn -0.866390169 -0.467031002 -0.176776886
vn 0.336620599 -0.880663633 -0.333343893
vn 0.336598873 -0.880672991 -0.333341062
vn -0.860922337 -0.246936113 -0.444786817
vn -0.86092335 -0.246935725 -0.444785058
vn 0.32922712 -0.458327919 -0.825557411
vn 0.329253525 -0.45831731 -0.825552762
vn -0.859048903 0.0855708718 -0.504690588
vn -0.859049797 0.0855701789 -0.504689217
vn 0.326782733 0.157990858 -0.931800365
vn 0.32678175 0.157990664 -0.931800723
vn -0.863823116 0.379592478 -0.331238806
vn -0.86381954 0.37959832 -0.331241399
vn 0.333080232 0.710442007 -0.619943261
vn 0.333065212 0.710443377 -0.619949818
vn -0.867412686 0.49758938 0
vn 0.337986618 0.941150904 0
vn -0.863819063 0.379597157 0.331244022
vn -0.863822997 0.379593462 0.331238091
vn 0.333065718 0.710445881 0.619946659
vn 0.333080649 0.710439265 0.619946241
vn -0.859050095 0.0855717883 0.504688442
vn -0.859048784 0.08557152 0.504690647
vn 0.326781571 0.157989085 0.931801081
vn 0.326775402 0.157991037 0.931802928
vn -0.860923231 -0.246936336 0.44478488
vn -0.860924482 -0.246934801 0.444783419
vn 0.329246461 -0.458323181 0.825552285
vn 0.329232931 -0.458322346 0.825558186
vn -0.866390288 -0.467032462 0.17677246
vn -0.866398156 -0.467018247 0.176771641
vn 0.336602032 -0.880670071 0.333345592
vn 0.336621314 -0.880665481 0.333338231
vn -0.630432665 0.725980759 0.274784744
vn -0.630342543 0.726042628 0.274827957
vn -0.620979667 0.380462438 0.68529743
vn -0.620946407 0.380469531 0.685323656
vn -0.617761135 -0.131453127 0.775300741
vn -0.617731631 -0.131462663 0.775322676
vn -0.625937879 -0.587607622 0.512756348
vn -0.625972807 -0.587581873 0.512743235
vn -0.632226586 -0.774783552 0
vn -0.625965118 -0.587590277 -0.512742937
vn -0.625936508 -0.587603807 -0.512762368
vn -0.617732286 -0.131458849 -0.775322795
vn -0.617751777 -0.131460011 -0.775307
vn -0.620938897 0.380479664 -0.685324848
vn -0.62098074 0.380456328 -0.685299873
vn -0.630345941 0.726046562 -0.274809688
vn -0.63043189 0.725975037 -0.274801552
vn -0.903671563 -0.400494188 -0.151598543
vn -0.903673112 -0.400491714 -0.151595727
vn -0.899463117 -0.212111071 -0.382066697
vn -0.89946574 -0.212110847 -0.382060677
vn -0.898017466 0.0735492036 -0.433768541
vn -0.898019791 0.0735460296 -0.433764279
vn -0.901699185 0.325768918 -0.284276664
vn -0.901691496 0.325786591 -0.284280717
vn -0.904459655 0.42655924 0
vn -0.901692569 0.325779259 0.284285694
vn -0.901700497 0.325772434 0.284268379
vn -0.898019433 0.073548533 0.433764577
vn -0.898017108 0.073546946 0.433769703
vn -0.899465322 -0.212108895 0.382062793
vn -0.899462759 -0.212113813 0.382066011
vn -0.903672934 -0.400491625 0.151597112
vn -0.903671265 -0.400495589 0.151596576
vn -0.894607842 -0.417915821 -0.158187166
vn -0.894614577 -0.417903632 -0.15818128
vn 0.894614398 -0.417903543 -0.158182517
vn 0.894607663 -0.417916536 -0.158186167
vn -0.890089631 -0.221232772 -0.398492754
vn -0.89008081 -0.221239865 -0.398508549
vn 0.890081048 -0.221240923 -0.398507416
vn 0.890089869 -0.221231297 -0.398493111
vn -0.888529122 0.0767002925 -0.452363908
vn -0.888527095 0.0767012611 -0.452367634
vn 0.888527155 0.0767009184 -0.452367604
vn 0.888529181 0.076700598 -0.452363759
vn -0.89248836 0.339866251 -0.296572834
vn -0.89250195 0.339844406 -0.29655689
vn 0.892501652 0.339846432 -0.296555519
vn 0.892488003 0.339865267 -0.296575099
vn -0.895460069 0.445141852 0
vn 0.895460069 0.445141852 0
vn -0.892501652 0.339846432 0.296555519
vn -0.892488003 0.339865267 0.296575099
vn 0.89248836 0.339866251 0.296572834
vn 0.89250195 0.339844406 0.29655689
vn -0.888521612 0.0767018273 0.452378392
vn -0.888529181 0.076700598 0.452363759
vn 0.888528943 0.0766994432 0.452364326
vn 0.888521433 0.0767031014 0.452378541
vn -0.890080929 -0.221240342 0.398508042
vn -0.890084922 -0.221235991 0.398501575
vn 0.890084803 -0.221236661 0.398501426
vn 0.89008081 -0.221239865 0.398508549
vn -0.894614458 -0.417903572 0.158182174
vn -0.894607604 -0.417916745 0.158185869
vn 0.894607782 -0.41791603 0.158186898
vn 0.894614637 -0.417903662 0.158180922
vn 0 0.69312638 -0.720816076
vn 0 0.693126559 -0.720815957
vn 0 -0.798560262 -0.601914883
vn 0 -0.693124831 0.720817566
vn 0 0.693126261 0.720816195
vn 0 0.728558123 0.684983969
vn 0 -0.714385509 -0.699752331
vn 0 0.601266146 -0.799048841
vn -0.900748432 0.310287476 0.303930789
vn -0.901824653 0.310720921 0.300274462
vn 0 -0.736574411 0.676356494
vn 0.901679993 -0.308903545 -0.302575231
vn 0.90068382 -0.312427402 -0.301923543
vn 0 0.629559934 -0.776951909
vn 0 -0.710935652 0.703257024
vn 0 -0.944744885 -0.327806562
vn 0 -0.305497378 0.952192903
vn 0 0.944743574 0.327810258
vn 0 0.30548504 -0.952196896
vn -0.973447025 -0.226227626 -0.0349572152
vn -0.973444462 -0.226238355 -0.0349577069
vn -0.97169894 -0.0838564783 -0.220837742
vn -0.971698701 -0.0838568807 -0.220838562
vn -0.9722175 0.142056078 -0.186046273
vn -0.972215116 0.142061278 -0.186054751
vn -0.973439872 0.22625792 0.0349602848
vn -0.9734447 0.226237163 0.0349593312
vn -0.97169894 0.0838567391 0.220837414
vn -0.971699595 0.0838555396 0.22083503
vn -0.972218335 -0.142053425 0.186043903
vn -0.972220063 -0.142049596 0.186037645
vn 0 -0.475236028 0.879858375
vn 0 0.86346972 0.504400611
vn 0 0.475236028 -0.879858375
vn 0 -0.86346972 -0.504400611
vn -0.589349926 -0.79840219 -0.123371787
vn -0.589359999 -0.798395097 -0.123369858
vn -0.576599956 -0.290036768 -0.763813555
vn -0.576580882 -0.290040135 -0.763826668
vn -0.580319524 0.494230241 -0.647275627
vn -0.580333233 0.494223446 -0.647268534
vn -0.589348555 0.798403978 0.123366617
vn -0.589361489 0.798394859 0.123364128
vn -0.57658422 0.290040702 0.763823986
vn -0.576581299 0.290041208 0.763825953
vn -0.58031857 -0.494228065 0.64727813
vn -0.580320537 -0.494227052 0.647277117
vn 0 0.68107003 0.732218266
vn 0 -0.015963817 0.999872565
vn 0 0.0159648228 -0.999872565
vn 0 -0.681102037 -0.732188463
vn 0 -0.999850392 -0.017298203
vn 0 0.705000103 -0.709207177
vn 0 -0.705032229 0.709175229
vn 0 0.999851525 0.0172326993
vn 0 -0.60686934 0.794801593
vn 0 0.606871307 -0.794800103
vn 0 0.354990572 0.934869885
vn 0 -0.354992241 -0.93486923
vn 0 0.988271892 0.152704358
vn 0 -0.98827076 -0.152712032
vn 0 0.606872499 -0.794799209
vn 0 -0.606871307 0.794800103
vn 0 -0.354990572 -0.934869885
vn 0 0.354989558 0.934870243
vn 0 -0.988270879 -0.152710944
vn 0 0.988272011 0.152703866
vn 0 -0.407465458 0.913220644
vn 0 -0.900626302 -0.434594363
vn 0 0.407465458 -0.913220644
vn 0 0.900626302 0.434594363
vn 0 0.900626838 0.43459329
vn 0 -0.407464117 0.91322124
vn 0 -0.900626838 -0.43459329
vn 0 0.407464117 -0.91322124
vn 0 -0.898936331 0.438079268
vn 0 -0.410825104 -0.911714196
vn 0 0.89893657 -0.438078791
vn 0 0.410827309 0.911713183
vn 0 0.410826564 0.911713541
vn 0 -0.898938179 0.438075453
vn 0 -0.410826772 -0.911713421
vn 0 0.898935854 -0.438080341
vn 0 -0.0437623225 -0.999041975
vn 0 -0.72524637 -0.688489437
vn 0 0.725242972 0.688493013
vn 0 0.0437627025 0.999041975
vn 0 -0.659694314 0.751534045
vn 0 0.99887991 -0.0473168902
vn 0 -0.99887991 0.0473167896
vn 0 0.659694314 -0.751534045
vn 0 -0.996062517 -0.0886536986
vn 0 0.996062577 0.0886526182
vn 0 -0.410826385 -0.9117136
vn 0 0.410826176 0.911713719
vn 0 0.556963503 -0.830536962
vn 0 -0.556963384 0.830537081
vn 0 0.996062577 0.0886527672
vn 0 -0.996062577 -0.088652648
vn 0 0.410826385 0.9117136
vn 0 -0.556963086 0.83053726
vn 0 0.556963384 -0.830537081
vn 0.902289569 -0.429432958 -0.0382209457
vn 0.902289689 -0.42943272 -0.038220901
vn 0.89679116 -0.181771904 -0.403391361
vn 0.896790206 -0.181772485 -0.403393179
vn 0.897777736 0.245313838 -0.365809053
vn 0.897777796 0.245313779 -0.365808994
vn 0.90228945 0.429433227 0.038220562
vn 0.90228802 0.429436237 0.038221214
vn 0.896790206 0.18177256 0.40339312
vn 0.896789849 0.181772813 0.403393924
vn 0.897778749 -0.245312676 0.365807414
vn 0.89777863 -0.24531284 0.365807593
vn 0.337945849 -0.937459707 -0.0834378079
vn 0.337939382 -0.937462091 -0.0834372193
vn 0.328450173 -0.388034254 -0.86113292
vn 0.328448206 -0.388034761 -0.861133456
vn 0.330113858 0.525740743 -0.783977985
vn 0.330112219 0.525740921 -0.783978581
vn 0.337945998 0.937459767 0.0834369287
vn 0.337939382 0.937462211 0.0834363252
vn 0.328451782 0.388034046 0.861132383
vn 0.32845208 0.388033956 0.861132324
vn 0.33011058 -0.525740981 0.783979237
vn 0.330112189 -0.525740862 0.783978641
vn 0 0.691772997 0.72211504
vn 0 0.692701638 -0.721224308
vn 0 -0.69270587 0.721220195
vn 0 -0.691773176 -0.722114861
vn 0 -0.69312644 0.720816016
vn 0.999980986 0.00427060528 -0.00444645155
vn 0.999980986 0.00427184766 -0.00444250321
vn -0.999980986 -0.00426885486 0.00444462895
vn -0.999980986 -0.00427270355 0.00444339309
vn 0 -0.690417111 -0.72341156
vn -0.998588324 0.0367941856 -0.0383087695
vn -0.998587549 0.0368264765 -0.0382976644
vn -0.999980986 -0.00427508587 0.00444002543
vn -0.999980986 -0.00427522231 0.00443989364
vn -0.999980986 -0.00427437481 0.00444076397
vn -0.999980986 -0.00427427143 0.00444086501
vn 0 0.693126142 0.720816314
vn 0 -0.693125904 0.720816553
vn 0.999976158 0.00478701154 -0.00497824699
vn 0.999976158 0.00478700502 -0.00497824792
vn 0.999980986 0.00427531358 -0.00443998864
vn 0.999980986 0.00427518692 -0.00444013067
vn 0 -0.690417707 -0.723410964
vn 0 0.690153778 0.723662734
vn -0.999976158 0.00478662224 -0.00497784186
vn -0.999976158 0.0047866283 -0.00497783674
vn 0 -0.690417051 -0.72341156
vn 0 -0.693126678 -0.720815778
vn 0 -0.693124712 -0.720817685
vn 0 -0.687932372 -0.725774765
vn 0 0.693125308 -0.720817089
vn 0 0.702503979 0.711679816
vn 0 -0.68084991 -0.732423007
vn -0.999929845 0.00820878334 -0.00853674021
vn -0.999929845 0.00820880476 -0.00853672158
vn 0.999929845 -0.0082087107 0.0085366657
vn 0.999929845 -0.00820872933 0.00853664242
vn 0 -0.693128049 0.720814466
vn 0 0.693127096 -0.720815361
vn 0 -0.693126559 -0.720815897
vn -0.999249578 0.0331562571 0.0200249292
vn 0 0.693126082 -0.720816374
vn 0 -0.693126619 -0.720815897
vn 0 -0.693126738 -0.720815778
vn 0 0.693126738 0.720815778
vn 0 0.693124592 -0.720817804
vn 0 -0.693124592 0.720817804
vn 1.56050446e-05 -0.693124592 0.720817804
vn 0 -0.69311744 0.720824659
vn -0.872882247 0.338197947 0.351708293
vn 1.56047809e-05 0.693124592 -0.720817804
vn 0 0.69311744 -0.720824659
vn 1.56049118e-05 -0.693124592 0.720817804
vn -0.872885764 0.338193566 0.351703733
vn 1.56050446e-05 0.693124592 -0.720817804
vn -3.3301345e-05 0.69311744 -0.720824659
vn -3.33007811e-05 -0.69311744 0.720824659
vn -3.3301345e-05 -0.69311744 0.720824659
vn 0.872885764 0.338193566 0.351703733
vn -3.33010648e-05 0.69311744 -0.720824659
vn 0.872884035 0.338195771 0.351705998
vn 0 -0.693126857 -0.720815659
vn 0 0.693125665 -0.720816791
vn 0 -0.693125367 0.720817089
vn 0.628702402 -0.539007127 0.560539544
vn 0.628702402 -0.539007127 0.560539603
vn -0.639855742 0.532664716 -0.553943038
vn -0.639855564 0.532663763 -0.55394423
vn 0.628702164 0.539006531 -0.560540378
vn 0.628702402 0.539007485 -0.560539186
vn -0.639855742 -0.532664299 0.553943455
vn -0.639855742 -0.532664359 0.553943396
vn 0 0.693126559 -0.720815897
vn 0 -0.693125725 0.720816731
vn -0.629190981 0.538733125 -0.560254693
vn -0.629190922 0.538733423 -0.560254514
vn 0.640061557 -0.532545865 0.553819537
vn 0.640061498 -0.532545686 0.553819776
vn -0.629190922 -0.538733721 0.560254216
vn -0.629190862 -0.538733542 0.560254455
vn 0.640061498 0.532545805 -0.553819716
vn 0.640061438 0.532545567 -0.553820014
vn 0.0110813016 -0.6930843 0.720771372
vn 0.0110814655 -0.693083942 0.72077173
vn 0.999888957 0.0103301732 -0.0107428497
vn 0.999888957 0.0103301778 -0.0107428469
vn -0.0107957013 0.693086863 -0.72077322
vn -0.0107955961 0.693086624 -0.720773458
vn -0.999882638 -0.010619075 0.0110432776
vn -0.999882638 -0.0106190676 0.0110432934
vn 0.011080808 0.693083704 -0.720771968
vn 0.0110810278 0.69308418 -0.720771492
vn -0.010795489 -0.693086326 0.720773697
vn -0.0107954359 -0.693086505 0.720773578
vn -0.999882638 0.0106190657 -0.0110432832
vn -0.999882638 0.0106190667 -0.0110432832
vn 0.999888957 -0.0103301806 0.0107428422
vn 0 -0.693126798 -0.720815718
vn 0 -0.693126559 0.720815897
vn 0 0.693125725 -0.720816731
vn 0 0.627948821 -0.778254628
vn 0 -0.627948523 0.778254867
vn 0 -0.753464699 -0.657488346
vn 0 0 1
vn 0.97612983 0.217187881 0
vn 0 0 -1
vn -0.97612983 -0.217187881 0
vn -0.165005982 0.986292541 0
vn 0.165005982 -0.986292541 0
vn 0 -1 0
vn 0 0.243603691 -0.969874859
vn 0 0.243603691 0.969874859
vn 0 0.6931265 -0.720815957
vn 0 0.965030372 -0.262138128
vn 0 0.6931265 0.720815957
vn 0 0.965030372 0.262138128
vn 0.941894114 0.25309667 0.220856279
vn 0.941902101 0.253078699 0.220842928
vn 0 -0.48539263 -0.874296308
vn -0.941901922 0.253080219 0.220841929
vn -0.941893935 0.253095984 0.220858008
vn 0 0.167166293 -0.985928714
vn 0.943629503 0.331003517 0
vn -0.943629503 0.331003517 0
vn 0.943132579 -0.310890973 0.117676325
vn 0.943136632 -0.310880631 0.117671438
vn 0.940486014 -0.164952427 0.297113985
vn 0.940482855 -0.164956093 0.297121972
vn 0 0.167166293 0.985928714
vn -0.940482974 -0.164956555 0.297121435
vn -0.940486073 -0.164951742 0.297114134
vn 0 -0.485391796 0.874296725
vn 0.939569831 0.0572300702 0.337539941
vn 0.939567268 0.0572317727 0.337546796
vn 0 -0.935245514 0.353999794
vn -0.939567327 0.0572312213 0.337546706
vn -0.93956995 0.0572305657 0.337539673
vn -0.940487444 -0.164951086 -0.297110349
vn -0.940482914 -0.164956316 -0.297121733
vn 0.940483034 -0.164956972 -0.297120959
vn 0.940487504 -0.164950117 -0.297110558
vn -0.943132639 -0.310890734 -0.117676623
vn -0.943136573 -0.310880601 -0.117671847
vn -0.93956989 0.0572303832 -0.337539762
vn -0.939568937 0.0572310016 -0.337542266
vn 0.939568996 0.0572308041 -0.337542236
vn 0.93956995 0.0572305657 -0.337539673
vn 0.941901922 0.253080219 -0.220841929
vn 0.941893935 0.253095984 -0.220858008
vn 0.943136454 -0.310880572 -0.117672786
vn 0.94313252 -0.3108913 -0.117675886
vn -0.941894114 0.25309667 -0.220856279
vn -0.941902101 0.253078699 -0.220842928
vn -0.943136513 -0.310880601 0.117672399
vn -0.94313252 -0.310891539 0.117675565
vn -0.428941965 -0.844836652 -0.319780886
vn -0.428950399 -0.844832242 -0.319781184
vn 0.947153509 -0.300008893 -0.113555528
vn 0.947153211 -0.300009727 -0.113556124
vn -0.420349181 -0.440419525 -0.793307781
vn -0.420296699 -0.440441042 -0.793323636
vn 0.944676459 -0.159209341 -0.286772966
vn 0.944674075 -0.159211189 -0.286779821
vn -0.417435169 0.151906163 -0.895919859
vn -0.417427719 0.151905209 -0.895923495
vn 0.943818688 0.0552430525 -0.325813651
vn 0.943817735 0.0552441031 -0.325816065
vn -0.424919963 0.682062805 -0.595175028
vn -0.424905568 0.682065904 -0.595181823
vn 0.945992887 0.244263247 -0.213149935
vn 0.945994794 0.24425815 -0.213147372
vn -0.430719048 0.902486086 0
vn 0.947616577 0.319410026 0
vn -0.424908191 0.68206656 0.595179141
vn -0.424919486 0.682060957 0.595177531
vn 0.945994973 0.244258657 0.213145927
vn 0.945993423 0.244261324 0.213149771
vn -0.41742295 0.15190804 0.895925224
vn -0.417439252 0.151903436 0.895918429
vn 0.94381839 0.0552431904 0.325814486
vn 0.943819284 0.0552433804 0.325811833
vn -0.420294851 -0.440430999 0.793330193
vn -0.420344055 -0.440429002 0.793305218
vn 0.944674313 -0.159212604 0.286778212
vn 0.944677114 -0.159206942 0.286772192
vn -0.428950846 -0.844833076 0.319778413
vn -0.428942084 -0.844836295 0.319781661
vn 0.947153211 -0.300009757 0.113555714
vn 0.947153568 -0.300008833 0.113555618
vn -0.92632252 -0.35233739 -0.133360207
vn -0.926317275 -0.352348238 -0.13336806
vn 0.45193091 -0.834287286 -0.315789759
vn 0.451904744 -0.834301651 -0.315789193
vn -0.9229756 -0.186803401 -0.336482584
vn -0.922977209 -0.186802417 -0.33647874
vn 0.442993879 -0.435168654 -0.783826947
vn 0.443023682 -0.435156077 -0.783817053
vn -0.921824992 0.0647957027 -0.38215211
vn -0.921825886 0.0647948161 -0.382150114
vn 0.440024823 0.150112435 -0.88534987
vn 0.44003588 0.150113761 -0.885344148
vn -0.924752057 0.286746562 -0.250219911
vn -0.924749911 0.286751509 -0.250222325
vn 0.447714359 0.673731744 -0.587909341
vn 0.447696209 0.673736095 -0.587918162
vn -0.92693907 0.375211954 0
vn 0.453649372 0.891180277 0
vn -0.924749672 0.286750793 0.250224024
vn -0.924751937 0.286747575 0.250219226
vn 0.447696835 0.67373836 0.587915063
vn 0.447714835 0.673729062 0.587912023
vn -0.921826005 0.0647957698 0.382149607
vn -0.921824992 0.0647955611 0.382152081
vn 0.440035403 0.150110692 0.885344923
vn 0.440020055 0.150115058 0.885351837
vn -0.922977269 -0.186801851 0.336478889
vn -0.922976971 -0.186802402 0.336479455
vn 0.443019122 -0.435161203 0.783816814
vn 0.443000883 -0.435162276 0.78382653
vn -0.926317334 -0.35234943 0.133364573
vn -0.926322103 -0.352337241 0.133363426
vn 0.451908499 -0.834298253 0.315792859
vn 0.451931834 -0.834288955 0.315784007
vn -0.754872203 0.613402963 0.23217392
vn -0.754865408 0.613409817 0.232178003
vn -0.746704102 0.322854996 0.581547618
vn -0.746710658 0.322852522 0.581540585
vn -0.743934274 -0.111711025 0.658849299
vn -0.743934155 -0.111711077 0.658849478
vn -0.751018226 -0.497499555 0.434126526
vn -0.750990927 -0.497526526 0.434142828
vn -0.756403863 -0.654104888 0
vn -0.75098604 -0.497526735 -0.434150994
vn -0.751019418 -0.497502476 -0.434121072
vn -0.743934035 -0.111711897 -0.658849478
vn -0.743925095 -0.11171189 -0.658859611
vn -0.746706605 0.32285428 -0.581544816
vn -0.746703863 0.322856218 -0.581547201
vn -0.754865706 0.613410115 -0.232176289
vn -0.754870772 0.613404274 -0.232175186
vn -0.948385 -0.296586901 -0.112259291
vn -0.948381126 -0.296595752 -0.112268612
vn -0.945955873 -0.157407671 -0.283531785
vn -0.945957422 -0.157407314 -0.283526957
vn -0.945117533 0.0546191707 -0.322132885
vn -0.945119202 0.0546161421 -0.322128475
vn -0.947244942 0.241495535 -0.210729584
vn -0.947244346 0.241497323 -0.210730076
vn -0.948833168 0.315777749 0
vn -0.947244644 0.241496339 0.210729897
vn -0.947245002 0.241495848 0.210728779
vn -0.945118606 0.0546182096 0.322129816
vn -0.945117712 0.0546174571 0.322132647
vn -0.945957124 -0.157405898 0.283528566
vn -0.945955276 -0.157410741 0.283532053
vn -0.948381782 -0.296595961 0.112262383
vn -0.948385477 -0.296583652 0.112263575
vn 0 0.693127275 -0.720815241
vn 0 0.690154076 0.723662496
vn 0.999976158 0.00478662783 -0.00497783627
vn 0.999976158 0.00478662271 -0.00497784233
vn -0.999976158 0.0047863326 -0.00497754803
vn -0.999976158 0.00478633912 -0.0049775471
vn -0.999972701 0.00507807406 -0.00536954217
vn -0.999970376 0.00446000649 -0.0062693581
vn 0 -0.687113941 0.726549685
vn 0.999971747 0.00435550511 -0.00612246245
vn 0.99997133 0.00520137418 -0.00549991895
vn 0 0.579678833 -0.814845026
vn -0.999976158 0.00474656047 -0.00501890853
vn -0.999971807 0.00435490208 -0.0061215926
vn 0 0.579680204 -0.814844072
vn 0.999975324 0.00407113554 -0.0057227076
vn 0.999972701 0.00507883495 -0.00537024811
vn 0 -0.687119186 0.726544678
vn 0 0.792568922 0.609782338
vn 0 -0.792568922 -0.609782338
vn 0 0.699092448 0.715031326
vn 0 -0.699090958 -0.715032756
vn 0.999980986 0.00427436782 -0.00444096513
vn 0.999980986 0.0042744712 -0.00444086408
vn 0.997859716 0.0453748778 -0.0470858254
vn 0.997860551 0.045287881 -0.0471520945
vn 0.997859418 0.0453276075 -0.0471384078
vn 0 0.693128645 -0.72081387
vn -3.69796544e-06 0.693127632 -0.720814884
vn 0 0.693118393 -0.720823765
vn 0 0.693118393 0.720823765
vn -3.55328734e-06 0.693127275 0.720815241
vn 0 0.693128467 0.720814109
vn 0 -0.693127096 0.720815361
vn -4.26155157e-06 -0.693126857 0.720815599
vn 0 -0.693118989 0.720823228
vn -9.84664439e-06 0.693127334 0.720815182
vn 0 -0.693127632 0.720814884
vn 9.24419339e-07 -0.693128049 0.720814466
vn 0 -0.693128943 0.720813632

# Mesh 'meshes[0]' with 2097 faces
g meshes[0]
usemtl $Material_0
f  1/1/1 2/2/1 3/3/1
f  4/4/2 5/5/2 6/6/2
f  7/2/3 8/7/3 9/3/3
f  10/8/4 11/5/4 12/4/4
f  13/7/5 14/9/5 15/3/5
f  16/10/6 17/5/6 18/8/6
f  19/9/7 20/11/7 21/3/7
f  22/12/8 23/5/8 24/10/8
f  25/11/9 26/13/9 27/3/9
f  28/14/10 29/5/10 30/12/10
f  31/13/11 32/15/11 33/3/11
f  34/16/12 35/5/12 36/14/12
f  37/15/13 38/1/13 39/3/13
f  40/6/14 41/5/14 42/16/14
f  43/17/15 44/18/15 45/19/15
f  46/20/16 47/17/16 48/19/16
f  49/21/17 50/20/17 51/19/17
f  52/22/18 53/21/18 54/19/18
f  55/23/19 56/22/19 57/19/19
f  58/24/20 59/23/20 60/19/20
f  61/18/21 62/24/21 63/19/21
f  64/25/1 65/26/1 66/27/1
f  67/28/2 68/29/2 69/30/2
f  70/26/22 71/31/22 72/27/22
f  73/32/23 74/29/23 75/28/23
f  76/31/24 77/33/24 78/27/24
f  79/34/25 80/29/25 81/32/25
f  82/33/26 83/35/26 84/27/26
f  85/36/27 86/29/27 87/34/27
f  88/35/28 89/37/28 90/27/28
f  91/38/29 92/29/29 93/36/29
f  94/37/30 95/39/30 96/27/30
f  97/40/31 98/29/31 99/38/31
f  100/39/13 101/25/13 102/27/13
f  103/30/14 104/29/14 105/40/14
f  106/41/32 107/42/32 108/43/32
f  109/44/33 110/41/33 111/43/33
f  112/45/34 113/44/34 114/43/34
f  115/46/35 116/45/35 117/43/35
f  118/47/36 119/46/36 120/43/36
f  121/48/37 122/47/37 123/43/37
f  124/42/38 125/48/38 126/43/38
f  127/49/39 128/50/39 129/51/39
f  130/49/40 131/51/40 132/52/40
f  133/49/41 134/52/41 135/53/41
f  136/49/42 137/53/42 138/54/42
f  139/49/43 140/54/43 141/55/43
f  142/49/44 143/55/44 144/56/44
f  145/49/45 146/56/45 147/57/45
f  148/49/46 149/57/46 150/58/46
f  151/49/47 152/58/47 153/59/47
f  154/49/48 155/59/48 156/60/48
f  157/49/49 158/60/49 159/61/49
f  160/49/50 161/61/50 162/50/50
f  163/62/51 164/63/51 165/64/51
f  166/65/52 167/66/52 168/67/52
f  169/68/53 170/62/53 171/64/53
f  172/69/52 173/66/52 174/65/52
f  175/70/54 176/68/54 177/64/54
f  178/71/52 179/66/52 180/69/52
f  181/72/55 182/70/55 183/64/55
f  184/73/52 185/66/52 186/71/52
f  187/74/56 188/72/56 189/64/56
f  190/75/52 191/66/52 192/73/52
f  193/76/57 194/74/57 195/64/57
f  196/77/52 197/66/52 198/75/52
f  199/78/58 200/76/58 201/64/58
f  202/79/52 203/66/52 204/77/52
f  205/80/59 206/78/59 207/64/59
f  208/81/52 209/66/52 210/79/52
f  211/63/60 212/80/60 213/64/60
f  214/67/52 215/66/52 216/81/52
f  217/82/61 218/83/61 219/84/61
f  220/85/52 221/86/52 222/87/52
f  223/88/62 224/82/62 225/84/62
f  226/89/52 227/86/52 228/85/52
f  229/90/63 230/88/63 231/84/63
f  232/91/52 233/86/52 234/89/52
f  235/92/64 236/90/64 237/84/64
f  238/93/52 239/86/52 240/91/52
f  241/94/65 242/92/65 243/84/65
f  244/95/52 245/86/52 246/93/52
f  247/96/66 248/94/66 249/84/66
f  250/97/52 251/86/52 252/95/52
f  253/98/67 254/96/67 255/84/67
f  256/99/52 257/86/52 258/97/52
f  259/100/68 260/98/68 261/84/68
f  262/101/52 263/86/52 264/99/52
f  265/83/69 266/100/69 267/84/69
f  268/87/52 269/86/52 270/101/52
f  271/102/70 272/103/70 273/104/70
f  274/105/70 275/106/70 276/103/70
f  277/107/70 278/103/70 279/108/70
f  280/105/70 281/103/70 282/102/70
f  283/109/70 284/103/70 285/106/70
f  286/108/70 287/103/70 288/109/70
f  289/110/70 290/103/70 291/107/70
f  292/104/70 293/103/70 294/110/70
f  295/111/52 296/112/52 297/113/52
f  298/114/52 299/115/52 300/112/52
f  301/116/52 302/112/52 303/117/52
f  304/114/52 305/112/52 306/111/52
f  307/118/52 308/112/52 309/115/52
f  310/117/52 311/112/52 312/118/52
f  313/119/52 314/112/52 315/116/52
f  316/113/52 317/112/52 318/119/52
f  319/120/71 320/121/71 321/122/71
f  322/123/72 323/124/72 324/125/72
f  325/126/73 326/127/73 327/128/73
f  328/129/74 329/130/74 330/131/74
f  331/132/75 332/133/75 333/134/75
f  334/135/76 335/136/76 336/137/76
f  337/138/77 338/139/77 339/140/77
f  340/141/78 341/142/78 342/143/78
f  343/144/79 344/145/79 345/146/79
f  346/147/80 347/148/80 348/149/80
f  349/150/80 350/151/80 351/152/80
f  352/153/80 353/154/80 354/155/80
f  355/156/80 356/157/80 357/158/80
f  358/159/14 359/160/14 360/161/14
f  361/162/14 362/163/14 363/164/14
f  364/165/81 365/166/81 366/167/81
f  367/168/81 368/169/81 369/170/81
f  370/171/82 371/172/82 372/173/82
f  373/174/83 374/175/83 375/176/83
f  376/177/84 377/178/84 378/179/84
f  379/180/85 380/181/85 381/182/85
f  382/183/86 383/184/86 384/185/86
f  385/186/87 386/187/87 387/188/87
f  388/189/88 389/190/88 390/191/88
f  391/192/89 392/193/89 393/194/89
f  394/195/90 395/196/90 396/197/90
f  397/198/91 398/199/91 399/200/91
f  400/201/92 401/202/92 402/203/92
f  403/204/93 404/205/93 405/206/93
f  406/207/94 407/204/94 408/206/94
f  409/208/95 410/207/95 411/206/95
f  412/209/96 413/208/96 414/206/96
f  415/210/97 416/209/97 417/206/97
f  418/211/98 419/210/98 420/206/98
f  421/212/99 422/211/99 423/206/99
f  424/213/100 425/212/100 426/206/100
f  427/205/101 428/213/101 429/206/101
f  430/214/102 431/215/102 432/2/102
f  433/214/103 434/2/103 435/1/103
f  436/216/104 437/217/104 438/218/104
f  439/216/105 440/218/105 441/219/105
f  442/215/106 443/220/106 444/7/106
f  445/215/107 446/7/107 447/2/107
f  448/221/108 449/222/108 450/217/108
f  451/221/109 452/217/109 453/216/109
f  454/220/110 455/223/110 456/9/110
f  457/220/110 458/9/110 459/7/110
f  460/224/111 461/225/111 462/226/111
f  463/224/111 464/226/111 465/227/111
f  466/223/52 467/228/52 468/11/52
f  469/223/52 470/11/52 471/9/52
f  472/229/70 473/230/70 474/225/70
f  475/229/70 476/225/70 477/224/70
f  478/228/112 479/231/112 480/13/112
f  481/228/112 482/13/112 483/11/112
f  484/232/113 485/233/113 486/230/113
f  487/232/114 488/230/114 489/229/114
f  490/231/115 491/234/115 492/15/115
f  493/231/115 494/15/115 495/13/115
f  496/235/116 497/236/116 498/233/116
f  499/235/117 500/233/117 501/232/117
f  502/234/118 503/214/118 504/1/118
f  505/234/119 506/1/119 507/15/119
f  508/219/120 509/218/120 510/237/120
f  511/219/120 512/237/120 513/238/120
f  514/17/121 515/239/121 516/240/121
f  517/17/122 518/240/122 519/18/122
f  520/20/123 521/241/123 522/239/123
f  523/20/124 524/239/124 525/17/124
f  526/21/125 527/242/125 528/241/125
f  529/21/126 530/241/126 531/20/126
f  532/22/127 533/243/127 534/242/127
f  535/22/128 536/242/128 537/21/128
f  538/23/129 539/244/129 540/243/129
f  541/23/130 542/243/130 543/22/130
f  544/24/131 545/245/131 546/244/131
f  547/24/132 548/244/132 549/23/132
f  550/18/133 551/240/133 552/245/133
f  553/18/134 554/245/134 555/24/134
f  556/246/135 557/247/135 558/248/135
f  559/246/136 560/248/136 561/249/136
f  562/247/137 563/250/137 564/251/137
f  565/247/138 566/251/138 567/248/138
f  568/250/139 569/252/139 570/253/139
f  571/250/140 572/253/140 573/251/140
f  574/252/141 575/254/141 576/255/141
f  577/252/142 578/255/142 579/253/142
f  580/254/143 581/256/143 582/257/143
f  583/254/144 584/257/144 585/255/144
f  586/256/145 587/258/145 588/259/145
f  589/256/146 590/259/146 591/257/146
f  592/258/14 593/246/14 594/249/14
f  595/258/147 596/249/147 597/259/147
f  598/260/148 599/261/148 600/247/148
f  601/260/149 602/247/149 603/246/149
f  604/261/150 605/262/150 606/250/150
f  607/261/151 608/250/151 609/247/151
f  610/262/152 611/263/152 612/252/152
f  613/262/153 614/252/153 615/250/153
f  616/263/154 617/264/154 618/254/154
f  619/263/155 620/254/155 621/252/155
f  622/264/156 623/265/156 624/256/156
f  625/264/157 626/256/157 627/254/157
f  628/265/158 629/266/158 630/258/158
f  631/265/159 632/258/159 633/256/159
f  634/266/160 635/260/160 636/246/160
f  637/266/161 638/246/161 639/258/161
f  640/260/162 641/267/162 642/268/162
f  643/260/163 644/268/163 645/261/163
f  646/261/164 647/268/164 648/269/164
f  649/261/165 650/269/165 651/262/165
f  652/262/166 653/269/166 654/270/166
f  655/262/167 656/270/167 657/263/167
f  658/263/168 659/270/168 660/271/168
f  661/263/169 662/271/169 663/264/169
f  664/264/170 665/271/170 666/272/170
f  667/264/171 668/272/171 669/265/171
f  670/265/172 671/272/172 672/273/172
f  673/265/173 674/273/173 675/266/173
f  676/266/174 677/273/174 678/267/174
f  679/266/175 680/267/175 681/260/175
f  682/218/176 683/217/176 684/4/176
f  685/218/177 686/4/177 687/6/177
f  688/217/178 689/222/178 690/8/178
f  691/217/179 692/8/179 693/4/179
f  694/222/180 695/274/180 696/10/180
f  697/222/181 698/10/181 699/8/181
f  700/274/182 701/275/182 702/12/182
f  703/274/183 704/12/183 705/10/183
f  706/275/184 707/276/184 708/14/184
f  709/275/185 710/14/185 711/12/185
f  712/276/186 713/237/186 714/16/186
f  715/276/187 716/16/187 717/14/187
f  718/237/188 719/218/188 720/6/188
f  721/237/189 722/6/189 723/16/189
f  724/277/190 725/278/190 726/26/190
f  727/277/191 728/26/191 729/25/191
f  730/279/192 731/280/192 732/281/192
f  733/279/193 734/281/193 735/282/193
f  736/278/194 737/283/194 738/31/194
f  739/278/195 740/31/195 741/26/195
f  742/284/196 743/285/196 744/280/196
f  745/284/197 746/280/197 747/279/197
f  748/283/110 749/286/110 750/33/110
f  751/283/110 752/33/110 753/31/110
f  754/287/111 755/288/111 756/289/111
f  757/287/111 758/289/111 759/290/111
f  760/286/52 761/291/52 762/35/52
f  763/286/52 764/35/52 765/33/52
f  766/292/70 767/293/70 768/288/70
f  769/292/70 770/288/70 771/287/70
f  772/291/112 773/294/112 774/37/112
f  775/291/112 776/37/112 777/35/112
f  778/295/113 779/296/113 780/297/113
f  781/295/114 782/297/114 783/298/114
f  784/294/198 785/299/198 786/39/198
f  787/294/198 788/39/198 789/37/198
f  790/300/199 791/301/199 792/296/199
f  793/300/200 794/296/200 795/295/200
f  796/299/201 797/277/201 798/25/201
f  799/299/202 800/25/202 801/39/202
f  802/282/203 803/281/203 804/301/203
f  805/282/203 806/301/203 807/300/203
f  808/41/204 809/302/204 810/303/204
f  811/41/205 812/303/205 813/42/205
f  814/44/206 815/304/206 816/302/206
f  817/44/124 818/302/124 819/41/124
f  820/45/207 821/305/207 822/304/207
f  823/45/208 824/304/208 825/44/208
f  826/46/209 827/306/209 828/305/209
f  829/46/210 830/305/210 831/45/210
f  832/47/211 833/307/211 834/306/211
f  835/47/212 836/306/212 837/46/212
f  838/48/213 839/308/213 840/307/213
f  841/48/214 842/307/214 843/47/214
f  844/42/215 845/303/215 846/308/215
f  847/42/216 848/308/216 849/48/216
f  850/309/135 851/310/135 852/311/135
f  853/309/136 854/311/136 855/312/136
f  856/310/217 857/313/217 858/314/217
f  859/310/218 860/314/218 861/311/218
f  862/313/219 863/315/219 864/316/219
f  865/313/140 866/316/140 867/314/140
f  868/315/220 869/317/220 870/318/220
f  871/315/221 872/318/221 873/316/221
f  874/317/222 875/319/222 876/320/222
f  877/317/223 878/320/223 879/318/223
f  880/319/224 881/321/224 882/322/224
f  883/319/225 884/322/225 885/320/225
f  886/321/14 887/309/14 888/312/14
f  889/321/226 890/312/226 891/322/226
f  892/323/227 893/324/227 894/310/227
f  895/323/228 896/310/228 897/309/228
f  898/324/229 899/325/229 900/313/229
f  901/324/230 902/313/230 903/310/230
f  904/325/231 905/326/231 906/315/231
f  907/325/232 908/315/232 909/313/232
f  910/326/154 911/327/154 912/317/154
f  913/326/155 914/317/155 915/315/155
f  916/327/233 917/328/233 918/319/233
f  919/327/234 920/319/234 921/317/234
f  922/328/235 923/329/235 924/321/235
f  925/328/236 926/321/236 927/319/236
f  928/329/237 929/323/237 930/309/237
f  931/329/161 932/309/161 933/321/161
f  934/323/238 935/330/238 936/331/238
f  937/323/239 938/331/239 939/324/239
f  940/324/240 941/331/240 942/332/240
f  943/324/241 944/332/241 945/325/241
f  946/325/242 947/332/242 948/333/242
f  949/325/243 950/333/243 951/326/243
f  952/326/168 953/333/168 954/334/168
f  955/326/169 956/334/169 957/327/169
f  958/327/244 959/334/244 960/335/244
f  961/327/245 962/335/245 963/328/245
f  964/328/246 965/335/246 966/336/246
f  967/328/247 968/336/247 969/329/247
f  970/329/248 971/336/248 972/330/248
f  973/329/249 974/330/249 975/323/249
f  976/337/250 977/338/250 978/28/250
f  979/337/251 980/28/251 981/30/251
f  982/338/252 983/289/252 984/32/252
f  985/338/253 986/32/253 987/28/253
f  988/289/180 989/288/180 990/34/180
f  991/289/181 992/34/181 993/32/181
f  994/288/182 995/293/182 996/36/182
f  997/288/183 998/36/183 999/34/183
f  1000/293/184 1001/339/184 1002/38/184
f  1003/293/185 1004/38/185 1005/36/185
f  1006/339/254 1007/340/254 1008/40/254
f  1009/339/255 1010/40/255 1011/38/255
f  1012/340/256 1013/337/256 1014/30/256
f  1015/340/257 1016/30/257 1017/40/257
f  1018/341/52 1019/342/52 1020/343/52
f  1021/341/52 1022/343/52 1023/344/52
f  1024/345/258 1025/346/258 1026/347/258
f  1027/345/258 1028/347/258 1029/348/258
f  1030/349/259 1031/350/259 1032/342/259
f  1033/349/259 1034/342/259 1035/341/259
f  1036/351/70 1037/352/70 1038/350/70
f  1039/351/70 1040/350/70 1041/349/70
f  1042/353/260 1043/354/260 1044/355/260
f  1045/353/260 1046/355/260 1047/356/260
f  1048/357/261 1049/358/261 1050/359/261
f  1051/357/261 1052/359/261 1053/360/261
f  1054/361/262 1055/353/262 1056/362/262
f  1057/361/263 1058/362/263 1059/363/263
f  1060/363/264 1061/362/264 1062/364/264
f  1063/363/264 1064/364/264 1065/365/264
f  1066/366/70 1067/367/70 1068/368/70
f  1069/366/70 1070/368/70 1071/369/70
f  1072/370/52 1073/371/52 1074/372/52
f  1075/370/52 1076/372/52 1077/373/52
f  1078/346/265 1079/358/265 1080/357/265
f  1081/346/265 1082/357/265 1083/347/265
f  1084/374/266 1085/355/266 1086/358/266
f  1087/374/267 1088/358/267 1089/346/267
f  1090/375/268 1091/356/268 1092/355/268
f  1093/375/268 1094/355/268 1095/374/268
f  1096/347/269 1097/357/269 1098/356/269
f  1099/347/270 1100/356/270 1101/375/270
f  1102/376/271 1103/354/271 1104/353/271
f  1105/376/271 1106/353/271 1107/361/271
f  1108/365/272 1109/364/272 1110/354/272
f  1111/365/273 1112/354/273 1113/376/273
f  1114/377/52 1115/200/52 1116/199/52
f  1117/377/52 1118/199/52 1119/378/52
f  1120/379/2 1121/380/2 1122/381/2
f  1123/379/2 1124/381/2 1125/382/2
f  1126/383/274 1127/384/274 1128/385/274
f  1129/383/275 1130/385/275 1131/386/275
f  1132/387/276 1133/388/276 1134/389/276
f  1135/387/277 1136/389/277 1137/390/277
f  1138/391/278 1139/392/278 1140/393/278
f  1141/391/279 1142/393/279 1143/394/279
f  1144/392/280 1145/395/280 1146/396/280
f  1147/392/281 1148/396/281 1149/393/281
f  1150/392/281 1151/397/281 1152/398/281
f  1153/392/282 1154/398/282 1155/395/282
f  1156/391/283 1157/399/283 1158/397/283
f  1159/391/278 1160/397/278 1161/392/278
f  1162/400/284 1163/401/284 1164/402/284
f  1165/400/285 1166/402/285 1167/403/285
f  1168/404/286 1169/405/286 1170/401/286
f  1171/404/287 1172/401/287 1173/400/287
f  1174/406/288 1175/407/288 1176/405/288
f  1177/406/289 1178/405/289 1179/404/289
f  1180/408/290 1181/409/290 1182/407/290
f  1183/408/291 1184/407/291 1185/406/291
f  1186/410/292 1187/411/292 1188/409/292
f  1189/410/293 1190/409/293 1191/408/293
f  1192/412/294 1193/413/294 1194/411/294
f  1195/412/295 1196/411/295 1197/410/295
f  1198/414/296 1199/415/296 1200/413/296
f  1201/414/297 1202/413/297 1203/412/297
f  1204/416/298 1205/417/298 1206/415/298
f  1207/416/299 1208/415/299 1209/414/299
f  1210/418/300 1211/419/300 1212/417/300
f  1213/418/301 1214/417/301 1215/416/301
f  1216/420/302 1217/421/302 1218/419/302
f  1219/420/303 1220/419/303 1221/418/303
f  1222/422/304 1223/423/304 1224/421/304
f  1225/422/305 1226/421/305 1227/420/305
f  1228/403/306 1229/402/306 1230/423/306
f  1231/403/307 1232/423/307 1233/422/307
f  1234/401/308 1235/51/308 1236/50/308
f  1237/401/309 1238/50/309 1239/402/309
f  1240/405/310 1241/52/310 1242/51/310
f  1243/405/311 1244/51/311 1245/401/311
f  1246/407/312 1247/53/312 1248/52/312
f  1249/407/313 1250/52/313 1251/405/313
f  1252/409/314 1253/54/314 1254/53/314
f  1255/409/315 1256/53/315 1257/407/315
f  1258/411/316 1259/55/316 1260/54/316
f  1261/411/317 1262/54/317 1263/409/317
f  1264/413/318 1265/56/318 1266/55/318
f  1267/413/319 1268/55/319 1269/411/319
f  1270/415/320 1271/57/320 1272/56/320
f  1273/415/321 1274/56/321 1275/413/321
f  1276/417/322 1277/58/322 1278/57/322
f  1279/417/323 1280/57/323 1281/415/323
f  1282/419/324 1283/59/324 1284/58/324
f  1285/419/325 1286/58/325 1287/417/325
f  1288/421/326 1289/60/326 1290/59/326
f  1291/421/327 1292/59/327 1293/419/327
f  1294/423/328 1295/61/328 1296/60/328
f  1297/423/329 1298/60/329 1299/421/329
f  1300/402/330 1301/50/330 1302/61/330
f  1303/402/331 1304/61/331 1305/423/331
f  1306/424/332 1307/425/332 1308/426/332
f  1309/424/333 1310/426/333 1311/427/333
f  1312/428/334 1313/429/334 1314/430/334
f  1315/428/335 1316/430/335 1317/431/335
f  1318/432/336 1319/433/336 1320/434/336
f  1321/432/337 1322/434/337 1323/435/337
f  1324/436/338 1325/437/338 1326/438/338
f  1327/436/339 1328/438/339 1329/439/339
f  1330/440/340 1331/441/340 1332/425/340
f  1333/440/341 1334/425/341 1335/424/341
f  1336/442/342 1337/443/342 1338/444/342
f  1339/442/343 1340/444/343 1341/445/343
f  1342/446/344 1343/447/344 1344/433/344
f  1345/446/345 1346/433/345 1347/432/345
f  1348/448/346 1349/449/346 1350/450/346
f  1351/448/347 1352/450/347 1353/451/347
f  1354/452/348 1355/453/348 1356/441/348
f  1357/452/349 1358/441/349 1359/440/349
f  1360/454/350 1361/455/350 1362/443/350
f  1363/454/351 1364/443/351 1365/442/351
f  1366/456/352 1367/457/352 1368/447/352
f  1369/456/353 1370/447/353 1371/446/353
f  1372/458/354 1373/459/354 1374/449/354
f  1375/458/355 1376/449/355 1377/448/355
f  1378/460/356 1379/461/356 1380/453/356
f  1381/460/357 1382/453/357 1383/452/357
f  1384/462/358 1385/463/358 1386/455/358
f  1387/462/358 1388/455/358 1389/454/358
f  1390/464/359 1391/465/359 1392/457/359
f  1393/464/360 1394/457/360 1395/456/360
f  1396/466/361 1397/467/361 1398/459/361
f  1399/466/362 1400/459/362 1401/458/362
f  1402/468/363 1403/469/363 1404/461/363
f  1405/468/364 1406/461/364 1407/460/364
f  1408/470/365 1409/471/365 1410/463/365
f  1411/470/365 1412/463/365 1413/462/365
f  1414/472/366 1415/473/366 1416/465/366
f  1417/472/367 1418/465/367 1419/464/367
f  1420/474/368 1421/475/368 1422/467/368
f  1423/474/369 1424/467/369 1425/466/369
f  1426/476/370 1427/477/370 1428/469/370
f  1429/476/371 1430/469/371 1431/468/371
f  1432/478/372 1433/479/372 1434/480/372
f  1435/478/372 1436/480/372 1437/481/372
f  1438/482/373 1439/483/373 1440/473/373
f  1441/482/374 1442/473/374 1443/472/374
f  1444/484/375 1445/485/375 1446/486/375
f  1447/484/376 1448/486/376 1449/487/376
f  1450/488/377 1451/489/377 1452/477/377
f  1453/488/378 1454/477/378 1455/476/378
f  1456/490/379 1457/491/379 1458/479/379
f  1459/490/380 1460/479/380 1461/478/380
f  1462/492/381 1463/493/381 1464/483/381
f  1465/492/382 1466/483/382 1467/482/382
f  1468/494/383 1469/495/383 1470/485/383
f  1471/494/384 1472/485/384 1473/484/384
f  1474/496/385 1475/497/385 1476/489/385
f  1477/496/386 1478/489/386 1479/488/386
f  1480/498/387 1481/499/387 1482/491/387
f  1483/498/388 1484/491/388 1485/490/388
f  1486/500/389 1487/501/389 1488/493/389
f  1489/500/390 1490/493/390 1491/492/390
f  1492/502/391 1493/503/391 1494/495/391
f  1495/502/392 1496/495/392 1497/494/392
f  1498/504/393 1499/505/393 1500/497/393
f  1501/504/394 1502/497/394 1503/496/394
f  1504/506/395 1505/507/395 1506/499/395
f  1507/506/395 1508/499/395 1509/498/395
f  1510/508/396 1511/509/396 1512/501/396
f  1513/508/397 1514/501/397 1515/500/397
f  1516/510/398 1517/511/398 1518/503/398
f  1519/510/399 1520/503/399 1521/502/399
f  1522/512/400 1523/513/400 1524/505/400
f  1525/512/401 1526/505/401 1527/504/401
f  1528/514/402 1529/515/402 1530/516/402
f  1531/514/403 1532/516/403 1533/517/403
f  1534/518/404 1535/519/404 1536/509/404
f  1537/518/405 1538/509/405 1539/508/405
f  1540/520/406 1541/521/406 1542/522/406
f  1543/520/407 1544/522/407 1545/523/407
f  1546/524/408 1547/525/408 1548/513/408
f  1549/524/409 1550/513/409 1551/512/409
f  1552/526/410 1553/527/410 1554/515/410
f  1555/526/411 1556/515/411 1557/514/411
f  1558/528/412 1559/529/412 1560/519/412
f  1561/528/413 1562/519/413 1563/518/413
f  1564/530/414 1565/531/414 1566/521/414
f  1567/530/414 1568/521/414 1569/520/414
f  1570/532/415 1571/533/415 1572/525/415
f  1573/532/416 1574/525/416 1575/524/416
f  1576/534/417 1577/535/417 1578/527/417
f  1579/534/418 1580/527/418 1581/526/418
f  1582/536/419 1583/537/419 1584/529/419
f  1585/536/420 1586/529/420 1587/528/420
f  1588/538/421 1589/539/421 1590/531/421
f  1591/538/421 1592/531/421 1593/530/421
f  1594/540/422 1595/541/422 1596/533/422
f  1597/540/423 1598/533/423 1599/532/423
f  1600/542/424 1601/543/424 1602/535/424
f  1603/542/425 1604/535/425 1605/534/425
f  1606/544/426 1607/545/426 1608/537/426
f  1609/544/427 1610/537/427 1611/536/427
f  1612/546/428 1613/547/428 1614/539/428
f  1615/546/429 1616/539/429 1617/538/429
f  1618/548/430 1619/549/430 1620/541/430
f  1621/548/431 1622/541/431 1623/540/431
f  1624/550/432 1625/551/432 1626/552/432
f  1627/550/433 1628/552/433 1629/553/433
f  1630/554/434 1631/555/434 1632/545/434
f  1633/554/435 1634/545/435 1635/544/435
f  1636/556/436 1637/557/436 1638/558/436
f  1639/556/437 1640/558/437 1641/559/437
f  1642/560/438 1643/561/438 1644/549/438
f  1645/560/439 1646/549/439 1647/548/439
f  1648/562/440 1649/563/440 1650/551/440
f  1651/562/441 1652/551/441 1653/550/441
f  1654/564/442 1655/565/442 1656/555/442
f  1657/564/443 1658/555/443 1659/554/443
f  1660/566/444 1661/567/444 1662/557/444
f  1663/566/444 1664/557/444 1665/556/444
f  1666/427/445 1667/426/445 1668/561/445
f  1669/427/446 1670/561/446 1671/560/446
f  1672/431/447 1673/430/447 1674/563/447
f  1675/431/448 1676/563/448 1677/562/448
f  1678/435/449 1679/434/449 1680/565/449
f  1681/435/450 1682/565/450 1683/564/450
f  1684/439/451 1685/438/451 1686/567/451
f  1687/439/452 1688/567/452 1689/566/452
f  1690/426/453 1691/425/453 1692/428/453
f  1693/426/454 1694/428/454 1695/431/454
f  1696/424/455 1697/427/455 1698/568/455
f  1699/424/456 1700/568/456 1701/569/456
f  1702/430/457 1703/429/457 1704/432/457
f  1705/430/458 1706/432/458 1707/435/458
f  1708/434/459 1709/433/459 1710/436/459
f  1711/434/460 1712/436/460 1713/439/460
f  1714/425/461 1715/441/461 1716/570/461
f  1717/425/462 1718/570/462 1719/428/462
f  1720/440/463 1721/424/463 1722/569/463
f  1723/440/464 1724/569/464 1725/571/464
f  1726/429/465 1727/572/465 1728/446/465
f  1729/429/466 1730/446/466 1731/432/466
f  1732/433/467 1733/447/467 1734/573/467
f  1735/433/468 1736/573/468 1737/436/468
f  1738/441/469 1739/453/469 1740/574/469
f  1741/441/470 1742/574/470 1743/570/470
f  1744/452/471 1745/440/471 1746/571/471
f  1747/452/472 1748/571/472 1749/575/472
f  1750/572/473 1751/576/473 1752/456/473
f  1753/572/474 1754/456/474 1755/446/474
f  1756/447/475 1757/457/475 1758/577/475
f  1759/447/476 1760/577/476 1761/573/476
f  1762/453/477 1763/461/477 1764/578/477
f  1765/453/478 1766/578/478 1767/574/478
f  1768/460/479 1769/452/479 1770/575/479
f  1771/460/480 1772/575/480 1773/579/480
f  1774/576/481 1775/580/481 1776/464/481
f  1777/576/482 1778/464/482 1779/456/482
f  1780/457/483 1781/465/483 1782/581/483
f  1783/457/484 1784/581/484 1785/577/484
f  1786/461/485 1787/469/485 1788/582/485
f  1789/461/486 1790/582/486 1791/578/486
f  1792/468/487 1793/460/487 1794/579/487
f  1795/468/488 1796/579/488 1797/583/488
f  1798/580/489 1799/480/489 1800/472/489
f  1801/580/490 1802/472/490 1803/464/490
f  1804/465/491 1805/473/491 1806/487/491
f  1807/465/492 1808/487/492 1809/581/492
f  1810/469/493 1811/477/493 1812/584/493
f  1813/469/494 1814/584/494 1815/582/494
f  1816/476/495 1817/468/495 1818/583/495
f  1819/476/496 1820/583/496 1821/585/496
f  1822/480/497 1823/479/497 1824/482/497
f  1825/480/498 1826/482/498 1827/472/498
f  1828/473/499 1829/483/499 1830/484/499
f  1831/473/500 1832/484/500 1833/487/500
f  1834/477/501 1835/489/501 1836/586/501
f  1837/477/502 1838/586/502 1839/584/502
f  1840/488/503 1841/476/503 1842/585/503
f  1843/488/504 1844/585/504 1845/587/504
f  1846/479/505 1847/491/505 1848/492/505
f  1849/479/506 1850/492/506 1851/482/506
f  1852/483/507 1853/493/507 1854/494/507
f  1855/483/508 1856/494/508 1857/484/508
f  1858/489/509 1859/497/509 1860/588/509
f  1861/489/510 1862/588/510 1863/586/510
f  1864/496/511 1865/488/511 1866/587/511
f  1867/496/512 1868/587/512 1869/589/512
f  1870/491/513 1871/499/513 1872/500/513
f  1873/491/514 1874/500/514 1875/492/514
f  1876/493/515 1877/501/515 1878/502/515
f  1879/493/516 1880/502/516 1881/494/516
f  1882/497/517 1883/505/517 1884/590/517
f  1885/497/518 1886/590/518 1887/588/518
f  1888/504/519 1889/496/519 1890/589/519
f  1891/504/520 1892/589/520 1893/591/520
f  1894/499/521 1895/507/521 1896/508/521
f  1897/499/522 1898/508/522 1899/500/522
f  1900/501/523 1901/509/523 1902/510/523
f  1903/501/524 1904/510/524 1905/502/524
f  1906/505/525 1907/513/525 1908/592/525
f  1909/505/526 1910/592/526 1911/590/526
f  1912/512/527 1913/504/527 1914/591/527
f  1915/512/528 1916/591/528 1917/593/528
f  1918/507/529 1919/594/529 1920/518/529
f  1921/507/530 1922/518/530 1923/508/530
f  1924/509/531 1925/519/531 1926/595/531
f  1927/509/532 1928/595/532 1929/510/532
f  1930/513/533 1931/525/533 1932/596/533
f  1933/513/534 1934/596/534 1935/592/534
f  1936/524/535 1937/512/535 1938/593/535
f  1939/524/536 1940/593/536 1941/597/536
f  1942/594/537 1943/598/537 1944/528/537
f  1945/594/538 1946/528/538 1947/518/538
f  1948/519/539 1949/529/539 1950/599/539
f  1951/519/540 1952/599/540 1953/595/540
f  1954/525/541 1955/533/541 1956/600/541
f  1957/525/542 1958/600/542 1959/596/542
f  1960/532/543 1961/524/543 1962/597/543
f  1963/532/544 1964/597/544 1965/601/544
f  1966/598/545 1967/602/545 1968/536/545
f  1969/598/546 1970/536/546 1971/528/546
f  1972/529/547 1973/537/547 1974/603/547
f  1975/529/548 1976/603/548 1977/599/548
f  1978/533/549 1979/541/549 1980/553/549
f  1981/533/550 1982/553/550 1983/600/550
f  1984/540/551 1985/532/551 1986/601/551
f  1987/540/552 1988/601/552 1989/604/552
f  1990/602/553 1991/552/553 1992/544/553
f  1993/602/554 1994/544/554 1995/536/554
f  1996/537/555 1997/545/555 1998/559/555
f  1999/537/556 2000/559/556 2001/603/556
f  2002/541/557 2003/549/557 2004/550/557
f  2005/541/558 2006/550/558 2007/553/558
f  2008/548/559 2009/540/559 2010/604/559
f  2011/548/560 2012/604/560 2013/605/560
f  2014/552/561 2015/551/561 2016/554/561
f  2017/552/562 2018/554/562 2019/544/562
f  2020/545/563 2021/555/563 2022/556/563
f  2023/545/564 2024/556/564 2025/559/564
f  2026/549/565 2027/561/565 2028/562/565
f  2029/549/566 2030/562/566 2031/550/566
f  2032/560/567 2033/548/567 2034/605/567
f  2035/560/568 2036/605/568 2037/606/568
f  2038/551/569 2039/563/569 2040/564/569
f  2041/551/570 2042/564/570 2043/554/570
f  2044/555/571 2045/565/571 2046/566/571
f  2047/555/572 2048/566/572 2049/556/572
f  2050/561/573 2051/426/573 2052/431/573
f  2053/561/574 2054/431/574 2055/562/574
f  2056/427/575 2057/560/575 2058/606/575
f  2059/427/576 2060/606/576 2061/568/576
f  2062/563/577 2063/430/577 2064/435/577
f  2065/563/578 2066/435/578 2067/564/578
f  2068/565/579 2069/434/579 2070/439/579
f  2071/565/580 2072/439/580 2073/566/580
f  2074/203/581 2075/202/581 2076/607/581
f  2077/203/582 2078/607/582 2079/608/582
f  2080/609/583 2081/610/583 2082/611/583
f  2083/609/584 2084/611/584 2085/612/584
f  2086/613/585 2087/614/585 2088/615/585
f  2089/613/585 2090/615/585 2091/616/585
f  2092/617/586 2093/618/586 2094/614/586
f  2095/617/586 2096/614/586 2097/613/586
f  2098/619/587 2099/620/587 2100/618/587
f  2101/619/587 2102/618/587 2103/617/587
f  2104/621/588 2105/622/588 2106/620/588
f  2107/621/588 2108/620/588 2109/619/588
f  2110/623/589 2111/624/589 2112/622/589
f  2113/623/589 2114/622/589 2115/621/589
f  2116/625/590 2117/626/590 2118/627/590
f  2119/625/590 2120/627/590 2121/628/590
f  2122/629/591 2123/630/591 2124/626/591
f  2125/629/591 2126/626/591 2127/625/591
f  2128/631/592 2129/632/592 2130/630/592
f  2131/631/592 2132/630/592 2133/629/592
f  2134/616/593 2135/615/593 2136/632/593
f  2137/616/593 2138/632/593 2139/631/593
f  2140/633/594 2141/634/594 2142/635/594
f  2143/633/594 2144/635/594 2145/636/594
f  2146/636/595 2147/635/595 2148/637/595
f  2149/636/595 2150/637/595 2151/638/595
f  2152/639/596 2153/67/596 2154/81/596
f  2155/639/596 2156/81/596 2157/640/596
f  2158/640/597 2159/81/597 2160/79/597
f  2161/640/597 2162/79/597 2163/641/597
f  2164/642/598 2165/643/598 2166/644/598
f  2167/642/598 2168/644/598 2169/645/598
f  2170/645/599 2171/644/599 2172/646/599
f  2173/645/599 2174/646/599 2175/647/599
f  2176/647/589 2177/646/589 2178/648/589
f  2179/647/589 2180/648/589 2181/649/589
f  2182/649/600 2183/648/600 2184/650/600
f  2185/649/600 2186/650/600 2187/651/600
f  2188/651/601 2189/650/601 2190/634/601
f  2191/651/601 2192/634/601 2193/633/601
f  2194/652/52 2195/653/52 2196/654/52
f  2197/652/52 2198/654/52 2199/655/52
f  2200/656/52 2201/657/52 2202/653/52
f  2203/656/52 2204/653/52 2205/652/52
f  2206/658/52 2207/659/52 2208/657/52
f  2209/658/52 2210/657/52 2211/656/52
f  2212/660/52 2213/661/52 2214/659/52
f  2215/660/52 2216/659/52 2217/658/52
f  2218/662/52 2219/663/52 2220/661/52
f  2221/662/52 2222/661/52 2223/660/52
f  2224/664/52 2225/665/52 2226/663/52
f  2227/664/52 2228/663/52 2229/662/52
f  2230/666/52 2231/667/52 2232/665/52
f  2233/666/52 2234/665/52 2235/664/52
f  2236/668/52 2237/669/52 2238/667/52
f  2239/668/52 2240/667/52 2241/666/52
f  2242/655/52 2243/654/52 2244/669/52
f  2245/655/52 2246/669/52 2247/668/52
f  2248/670/602 2249/671/602 2250/672/602
f  2251/670/603 2252/672/603 2253/673/603
f  2254/674/604 2255/675/604 2256/652/604
f  2257/674/605 2258/652/605 2259/655/605
f  2260/671/606 2261/676/606 2262/677/606
f  2263/671/607 2264/677/607 2265/672/607
f  2266/675/608 2267/678/608 2268/656/608
f  2269/675/609 2270/656/609 2271/652/609
f  2272/676/610 2273/679/610 2274/680/610
f  2275/676/611 2276/680/611 2277/677/611
f  2278/678/612 2279/681/612 2280/658/612
f  2281/678/613 2282/658/613 2283/656/613
f  2284/679/614 2285/682/614 2286/683/614
f  2287/679/615 2288/683/615 2289/680/615
f  2290/681/616 2291/684/616 2292/660/616
f  2293/681/617 2294/660/617 2295/658/617
f  2296/682/618 2297/685/618 2298/686/618
f  2299/682/618 2300/686/618 2301/683/618
f  2302/684/619 2303/687/619 2304/662/619
f  2305/684/619 2306/662/619 2307/660/619
f  2308/688/620 2309/689/620 2310/690/620
f  2311/688/621 2312/690/621 2313/691/621
f  2314/687/622 2315/692/622 2316/664/622
f  2317/687/623 2318/664/623 2319/662/623
f  2320/689/624 2321/693/624 2322/694/624
f  2323/689/625 2324/694/625 2325/690/625
f  2326/692/626 2327/695/626 2328/666/626
f  2329/692/627 2330/666/627 2331/664/627
f  2332/693/628 2333/696/628 2334/697/628
f  2335/693/629 2336/697/629 2337/694/629
f  2338/695/630 2339/698/630 2340/668/630
f  2341/695/631 2342/668/631 2343/666/631
f  2344/696/632 2345/670/632 2346/673/632
f  2347/696/633 2348/673/633 2349/697/633
f  2350/698/634 2351/674/634 2352/655/634
f  2353/698/635 2354/655/635 2355/668/635
f  2356/699/636 2357/700/636 2358/701/636
f  2359/699/637 2360/701/637 2361/702/637
f  2362/703/638 2363/704/638 2364/705/638
f  2365/703/639 2366/705/639 2367/706/639
f  2368/702/640 2369/701/640 2370/707/640
f  2371/702/641 2372/707/641 2373/708/641
f  2374/706/642 2375/705/642 2376/709/642
f  2377/706/643 2378/709/643 2379/710/643
f  2380/708/644 2381/707/644 2382/711/644
f  2383/708/645 2384/711/645 2385/712/645
f  2386/710/646 2387/709/646 2388/713/646
f  2389/710/647 2390/713/647 2391/714/647
f  2392/712/648 2393/711/648 2394/715/648
f  2395/712/649 2396/715/649 2397/716/649
f  2398/714/650 2399/713/650 2400/717/650
f  2401/714/651 2402/717/651 2403/718/651
f  2404/716/652 2405/715/652 2406/719/652
f  2407/716/652 2408/719/652 2409/720/652
f  2410/718/653 2411/717/653 2412/721/653
f  2413/718/653 2414/721/653 2415/722/653
f  2416/720/654 2417/719/654 2418/723/654
f  2419/720/655 2420/723/655 2421/724/655
f  2422/725/656 2423/726/656 2424/727/656
f  2425/725/657 2426/727/657 2427/728/657
f  2428/724/658 2429/723/658 2430/729/658
f  2431/724/659 2432/729/659 2433/730/659
f  2434/728/660 2435/727/660 2436/731/660
f  2437/728/661 2438/731/661 2439/732/661
f  2440/730/662 2441/729/662 2442/733/662
f  2443/730/663 2444/733/663 2445/734/663
f  2446/732/664 2447/731/664 2448/735/664
f  2449/732/665 2450/735/665 2451/736/665
f  2452/734/666 2453/733/666 2454/700/666
f  2455/734/667 2456/700/667 2457/699/667
f  2458/736/668 2459/735/668 2460/704/668
f  2461/736/669 2462/704/669 2463/703/669
f  2464/737/670 2465/701/670 2466/700/670
f  2467/737/671 2468/700/671 2469/738/671
f  2470/739/672 2471/707/672 2472/701/672
f  2473/739/673 2474/701/673 2475/737/673
f  2476/740/674 2477/711/674 2478/707/674
f  2479/740/675 2480/707/675 2481/739/675
f  2482/741/676 2483/715/676 2484/711/676
f  2485/741/677 2486/711/677 2487/740/677
f  2488/742/678 2489/719/678 2490/715/678
f  2491/742/678 2492/715/678 2493/741/678
f  2494/743/679 2495/723/679 2496/719/679
f  2497/743/680 2498/719/680 2499/742/680
f  2500/744/681 2501/729/681 2502/723/681
f  2503/744/682 2504/723/682 2505/743/682
f  2506/745/683 2507/733/683 2508/729/683
f  2509/745/684 2510/729/684 2511/744/684
f  2512/738/685 2513/700/685 2514/733/685
f  2515/738/686 2516/733/686 2517/745/686
f  2518/62/687 2519/737/687 2520/738/687
f  2521/62/688 2522/738/688 2523/63/688
f  2524/68/689 2525/739/689 2526/737/689
f  2527/68/690 2528/737/690 2529/62/690
f  2530/70/691 2531/740/691 2532/739/691
f  2533/70/692 2534/739/692 2535/68/692
f  2536/72/693 2537/741/693 2538/740/693
f  2539/72/694 2540/740/694 2541/70/694
f  2542/74/695 2543/742/695 2544/741/695
f  2545/74/695 2546/741/695 2547/72/695
f  2548/76/696 2549/743/696 2550/742/696
f  2551/76/697 2552/742/697 2553/74/697
f  2554/78/698 2555/744/698 2556/743/698
f  2557/78/699 2558/743/699 2559/76/699
f  2560/80/700 2561/745/700 2562/744/700
f  2563/80/701 2564/744/701 2565/78/701
f  2566/63/702 2567/738/702 2568/745/702
f  2569/63/703 2570/745/703 2571/80/703
f  2572/614/704 2573/705/704 2574/704/704
f  2575/614/705 2576/704/705 2577/615/705
f  2578/616/706 2579/673/706 2580/672/706
f  2581/616/707 2582/672/707 2583/613/707
f  2584/618/708 2585/709/708 2586/705/708
f  2587/618/709 2588/705/709 2589/614/709
f  2590/613/710 2591/672/710 2592/677/710
f  2593/613/711 2594/677/711 2595/617/711
f  2596/620/712 2597/713/712 2598/709/712
f  2599/620/713 2600/709/713 2601/618/713
f  2602/617/714 2603/677/714 2604/680/714
f  2605/617/715 2606/680/715 2607/619/715
f  2608/622/716 2609/717/716 2610/713/716
f  2611/622/717 2612/713/717 2613/620/717
f  2614/619/718 2615/680/718 2616/683/718
f  2617/619/719 2618/683/719 2619/621/719
f  2620/624/720 2621/721/720 2622/717/720
f  2623/624/720 2624/717/720 2625/622/720
f  2626/621/721 2627/683/721 2628/686/721
f  2629/621/721 2630/686/721 2631/623/721
f  2632/626/722 2633/727/722 2634/726/722
f  2635/626/723 2636/726/723 2637/627/723
f  2638/628/724 2639/691/724 2640/690/724
f  2641/628/725 2642/690/725 2643/625/725
f  2644/630/726 2645/731/726 2646/727/726
f  2647/630/727 2648/727/727 2649/626/727
f  2650/625/728 2651/690/728 2652/694/728
f  2653/625/729 2654/694/729 2655/629/729
f  2656/632/730 2657/735/730 2658/731/730
f  2659/632/731 2660/731/731 2661/630/731
f  2662/629/732 2663/694/732 2664/697/732
f  2665/629/733 2666/697/733 2667/631/733
f  2668/615/734 2669/704/734 2670/735/734
f  2671/615/735 2672/735/735 2673/632/735
f  2674/631/736 2675/697/736 2676/673/736
f  2677/631/737 2678/673/737 2679/616/737
f  2680/746/738 2681/747/738 2682/748/738
f  2683/746/738 2684/748/738 2685/749/738
f  2686/750/739 2687/751/739 2688/747/739
f  2689/750/739 2690/747/739 2691/746/739
f  2692/752/740 2693/753/740 2694/751/740
f  2695/752/740 2696/751/740 2697/750/740
f  2698/754/741 2699/755/741 2700/753/741
f  2701/754/741 2702/753/741 2703/752/741
f  2704/756/589 2705/757/589 2706/755/589
f  2707/756/589 2708/755/589 2709/754/589
f  2710/758/742 2711/759/742 2712/757/742
f  2713/758/742 2714/757/742 2715/756/742
f  2716/760/743 2717/761/743 2718/759/743
f  2719/760/743 2720/759/743 2721/758/743
f  2722/762/744 2723/763/744 2724/764/744
f  2725/762/744 2726/764/744 2727/765/744
f  2728/749/745 2729/748/745 2730/763/745
f  2731/749/745 2732/763/745 2733/762/745
f  2734/766/746 2735/89/746 2736/85/746
f  2737/766/746 2738/85/746 2739/767/746
f  2740/768/747 2741/769/747 2742/770/747
f  2743/768/747 2744/770/747 2745/771/747
f  2746/771/748 2747/770/748 2748/772/748
f  2749/771/748 2750/772/748 2751/773/748
f  2752/773/749 2753/772/749 2754/774/749
f  2755/773/749 2756/774/749 2757/775/749
f  2758/776/750 2759/99/750 2760/97/750
f  2761/776/750 2762/97/750 2763/777/750
f  2764/777/751 2765/97/751 2766/95/751
f  2767/777/751 2768/95/751 2769/778/751
f  2770/779/589 2771/780/589 2772/781/589
f  2773/779/589 2774/781/589 2775/782/589
f  2776/782/752 2777/781/752 2778/783/752
f  2779/782/752 2780/783/752 2781/784/752
f  2782/785/753 2783/91/753 2784/89/753
f  2785/785/753 2786/89/753 2787/766/753
f  2788/786/52 2789/787/52 2790/788/52
f  2791/786/52 2792/788/52 2793/789/52
f  2794/790/52 2795/791/52 2796/787/52
f  2797/790/52 2798/787/52 2799/786/52
f  2800/792/52 2801/793/52 2802/791/52
f  2803/792/52 2804/791/52 2805/790/52
f  2806/794/52 2807/795/52 2808/793/52
f  2809/794/52 2810/793/52 2811/792/52
f  2812/796/52 2813/797/52 2814/795/52
f  2815/796/52 2816/795/52 2817/794/52
f  2818/798/52 2819/799/52 2820/797/52
f  2821/798/52 2822/797/52 2823/796/52
f  2824/800/52 2825/801/52 2826/799/52
f  2827/800/52 2828/799/52 2829/798/52
f  2830/802/52 2831/803/52 2832/801/52
f  2833/802/52 2834/801/52 2835/800/52
f  2836/789/52 2837/788/52 2838/803/52
f  2839/789/52 2840/803/52 2841/802/52
f  2842/804/754 2843/805/754 2844/806/754
f  2845/804/755 2846/806/755 2847/807/755
f  2848/808/756 2849/809/756 2850/786/756
f  2851/808/757 2852/786/757 2853/789/757
f  2854/805/758 2855/810/758 2856/811/758
f  2857/805/759 2858/811/759 2859/806/759
f  2860/809/760 2861/812/760 2862/790/760
f  2863/809/761 2864/790/761 2865/786/761
f  2866/810/762 2867/813/762 2868/814/762
f  2869/810/763 2870/814/763 2871/811/763
f  2872/812/764 2873/815/764 2874/792/764
f  2875/812/765 2876/792/765 2877/790/765
f  2878/813/766 2879/816/766 2880/817/766
f  2881/813/767 2882/817/767 2883/814/767
f  2884/815/768 2885/818/768 2886/794/768
f  2887/815/769 2888/794/769 2889/792/769
f  2890/816/770 2891/819/770 2892/820/770
f  2893/816/770 2894/820/770 2895/817/770
f  2896/818/771 2897/821/771 2898/796/771
f  2899/818/771 2900/796/771 2901/794/771
f  2902/819/772 2903/822/772 2904/823/772
f  2905/819/773 2906/823/773 2907/820/773
f  2908/821/774 2909/824/774 2910/798/774
f  2911/821/775 2912/798/775 2913/796/775
f  2914/822/776 2915/825/776 2916/826/776
f  2917/822/777 2918/826/777 2919/823/777
f  2920/824/778 2921/827/778 2922/800/778
f  2923/824/779 2924/800/779 2925/798/779
f  2926/828/780 2927/829/780 2928/830/780
f  2929/828/781 2930/830/781 2931/831/781
f  2932/827/782 2933/832/782 2934/802/782
f  2935/827/783 2936/802/783 2937/800/783
f  2938/829/784 2939/804/784 2940/807/784
f  2941/829/785 2942/807/785 2943/830/785
f  2944/832/786 2945/808/786 2946/789/786
f  2947/832/787 2948/789/787 2949/802/787
f  2950/833/788 2951/834/788 2952/835/788
f  2953/833/789 2954/835/789 2955/836/789
f  2956/837/790 2957/838/790 2958/839/790
f  2959/837/791 2960/839/791 2961/840/791
f  2962/836/792 2963/835/792 2964/841/792
f  2965/836/793 2966/841/793 2967/842/793
f  2968/840/794 2969/839/794 2970/843/794
f  2971/840/795 2972/843/795 2973/844/795
f  2974/842/796 2975/841/796 2976/845/796
f  2977/842/797 2978/845/797 2979/846/797
f  2980/844/798 2981/843/798 2982/847/798
f  2983/844/799 2984/847/799 2985/848/799
f  2986/846/800 2987/845/800 2988/849/800
f  2989/846/801 2990/849/801 2991/850/801
f  2992/848/802 2993/847/802 2994/851/802
f  2995/848/803 2996/851/803 2997/852/803
f  2998/850/804 2999/849/804 3000/853/804
f  3001/850/804 3002/853/804 3003/854/804
f  3004/852/805 3005/851/805 3006/855/805
f  3007/852/805 3008/855/805 3009/856/805
f  3010/854/806 3011/853/806 3012/857/806
f  3013/854/807 3014/857/807 3015/858/807
f  3016/856/808 3017/855/808 3018/859/808
f  3019/856/809 3020/859/809 3021/860/809
f  3022/858/810 3023/857/810 3024/861/810
f  3025/858/811 3026/861/811 3027/862/811
f  3028/860/812 3029/859/812 3030/863/812
f  3031/860/813 3032/863/813 3033/864/813
f  3034/862/814 3035/861/814 3036/865/814
f  3037/862/815 3038/865/815 3039/866/815
f  3040/867/816 3041/868/816 3042/869/816
f  3043/867/817 3044/869/817 3045/870/817
f  3046/866/818 3047/865/818 3048/834/818
f  3049/866/819 3050/834/819 3051/833/819
f  3052/870/820 3053/869/820 3054/838/820
f  3055/870/821 3056/838/821 3057/837/821
f  3058/871/822 3059/835/822 3060/834/822
f  3061/871/823 3062/834/823 3063/872/823
f  3064/873/824 3065/841/824 3066/835/824
f  3067/873/825 3068/835/825 3069/871/825
f  3070/874/826 3071/845/826 3072/841/826
f  3073/874/827 3074/841/827 3075/873/827
f  3076/875/828 3077/849/828 3078/845/828
f  3079/875/829 3080/845/829 3081/874/829
f  3082/876/830 3083/853/830 3084/849/830
f  3085/876/830 3086/849/830 3087/875/830
f  3088/877/831 3089/857/831 3090/853/831
f  3091/877/832 3092/853/832 3093/876/832
f  3094/878/833 3095/861/833 3096/857/833
f  3097/878/834 3098/857/834 3099/877/834
f  3100/879/835 3101/865/835 3102/861/835
f  3103/879/836 3104/861/836 3105/878/836
f  3106/872/837 3107/834/837 3108/865/837
f  3109/872/838 3110/865/838 3111/879/838
f  3112/82/839 3113/871/839 3114/872/839
f  3115/82/840 3116/872/840 3117/83/840
f  3118/88/841 3119/873/841 3120/871/841
f  3121/88/842 3122/871/842 3123/82/842
f  3124/90/843 3125/874/843 3126/873/843
f  3127/90/844 3128/873/844 3129/88/844
f  3130/92/845 3131/875/845 3132/874/845
f  3133/92/846 3134/874/846 3135/90/846
f  3136/94/847 3137/876/847 3138/875/847
f  3139/94/847 3140/875/847 3141/92/847
f  3142/96/848 3143/877/848 3144/876/848
f  3145/96/849 3146/876/849 3147/94/849
f  3148/98/850 3149/878/850 3150/877/850
f  3151/98/851 3152/877/851 3153/96/851
f  3154/100/852 3155/879/852 3156/878/852
f  3157/100/853 3158/878/853 3159/98/853
f  3160/83/854 3161/872/854 3162/879/854
f  3163/83/855 3164/879/855 3165/100/855
f  3166/747/856 3167/839/856 3168/838/856
f  3169/747/857 3170/838/857 3171/748/857
f  3172/749/858 3173/807/858 3174/806/858
f  3175/749/859 3176/806/859 3177/746/859
f  3178/751/860 3179/843/860 3180/839/860
f  3181/751/861 3182/839/861 3183/747/861
f  3184/746/862 3185/806/862 3186/811/862
f  3187/746/863 3188/811/863 3189/750/863
f  3190/753/864 3191/847/864 3192/843/864
f  3193/753/865 3194/843/865 3195/751/865
f  3196/750/866 3197/811/866 3198/814/866
f  3199/750/867 3200/814/867 3201/752/867
f  3202/755/868 3203/851/868 3204/847/868
f  3205/755/869 3206/847/869 3207/753/869
f  3208/752/870 3209/814/870 3210/817/870
f  3211/752/871 3212/817/871 3213/754/871
f  3214/757/872 3215/855/872 3216/851/872
f  3217/757/872 3218/851/872 3219/755/872
f  3220/754/873 3221/817/873 3222/820/873
f  3223/754/873 3224/820/873 3225/756/873
f  3226/759/874 3227/859/874 3228/855/874
f  3229/759/875 3230/855/875 3231/757/875
f  3232/756/876 3233/820/876 3234/823/876
f  3235/756/877 3236/823/877 3237/758/877
f  3238/761/878 3239/863/878 3240/859/878
f  3241/761/879 3242/859/879 3243/759/879
f  3244/758/880 3245/823/880 3246/826/880
f  3247/758/881 3248/826/881 3249/760/881
f  3250/763/882 3251/869/882 3252/868/882
f  3253/763/883 3254/868/883 3255/764/883
f  3256/765/884 3257/831/884 3258/830/884
f  3259/765/885 3260/830/885 3261/762/885
f  3262/748/886 3263/838/886 3264/869/886
f  3265/748/887 3266/869/887 3267/763/887
f  3268/762/888 3269/830/888 3270/807/888
f  3271/762/889 3272/807/889 3273/749/889
f  3274/880/70 3275/881/70 3276/882/70
f  3277/880/70 3278/882/70 3279/883/70
f  3280/884/258 3281/885/258 3282/886/258
f  3283/884/258 3284/886/258 3285/887/258
f  3286/888/52 3287/889/52 3288/890/52
f  3289/888/52 3290/890/52 3291/891/52
f  3292/880/890 3293/883/890 3294/892/890
f  3295/880/890 3296/892/890 3297/893/890
f  3298/891/891 3299/894/891 3300/895/891
f  3301/891/891 3302/895/891 3303/888/891
f  3304/895/70 3305/894/70 3306/896/70
f  3307/895/70 3308/896/70 3309/897/70
f  3310/898/892 3311/899/892 3312/900/892
f  3313/898/892 3314/900/892 3315/901/892
f  3316/902/70 3317/903/70 3318/896/70
f  3319/902/70 3320/896/70 3321/894/70
f  3322/904/52 3323/905/52 3324/891/52
f  3325/904/52 3326/891/52 3327/890/52
f  3328/899/893 3329/898/893 3330/906/893
f  3331/899/893 3332/906/893 3333/907/893
f  3334/885/894 3335/884/894 3336/908/894
f  3337/885/894 3338/908/894 3339/909/894
f  3340/906/895 3341/887/895 3342/886/895
f  3343/906/895 3344/886/895 3345/907/895
f  3346/910/896 3347/911/896 3348/912/896
f  3349/910/896 3350/912/896 3351/913/896
f  3352/914/897 3353/880/897 3354/893/897
f  3355/914/897 3356/893/897 3357/915/897
f  3358/916/898 3359/881/898 3360/880/898
f  3361/916/899 3362/880/899 3363/914/899
f  3364/917/900 3365/918/900 3366/919/900
f  3367/917/900 3368/919/900 3369/920/900
f  3370/921/901 3371/922/901 3372/918/901
f  3373/921/902 3374/918/902 3375/917/902
f  3376/912/903 3377/914/903 3378/915/903
f  3379/912/903 3380/915/903 3381/913/903
f  3382/911/70 3383/916/70 3384/914/70
f  3385/911/70 3386/914/70 3387/912/70
f  3388/923/904 3389/917/904 3390/920/904
f  3391/923/904 3392/920/904 3393/924/904
f  3394/925/52 3395/921/52 3396/917/52
f  3397/925/52 3398/917/52 3399/923/52
f  3400/926/905 3401/927/905 3402/928/905
f  3403/926/905 3404/928/905 3405/929/905
f  3406/930/906 3407/931/906 3408/927/906
f  3409/930/906 3410/927/906 3411/926/906
f  3412/932/907 3413/933/907 3414/934/907
f  3415/932/907 3416/934/907 3417/935/907
f  3418/929/908 3419/928/908 3420/936/908
f  3421/929/908 3422/936/908 3423/937/908
f  3424/938/70 3425/934/70 3426/933/70
f  3427/938/70 3428/933/70 3429/939/70
f  3430/930/52 3431/926/52 3432/929/52
f  3433/930/52 3434/929/52 3435/937/52
f  3436/940/909 3437/941/909 3438/942/909
f  3439/940/910 3440/942/910 3441/943/910
f  3442/944/911 3443/940/911 3444/943/911
f  3445/944/912 3446/943/912 3447/945/912
f  3448/946/913 3449/944/913 3450/945/913
f  3451/946/914 3452/945/914 3453/947/914
f  3454/948/915 3455/946/915 3456/947/915
f  3457/948/916 3458/947/916 3459/949/916
f  3460/950/917 3461/948/917 3462/949/917
f  3463/950/918 3464/949/918 3465/951/918
f  3466/941/919 3467/950/919 3468/951/919
f  3469/941/920 3470/951/920 3471/942/920
f  3472/952/921 3473/953/921 3474/954/921
f  3475/952/921 3476/954/921 3477/955/921
f  3478/956/922 3479/957/922 3480/953/922
f  3481/956/922 3482/953/922 3483/952/922
f  3484/932/923 3485/933/923 3486/934/923
f  3487/932/923 3488/934/923 3489/935/923
f  3490/955/924 3491/954/924 3492/958/924
f  3493/955/924 3494/958/924 3495/959/924
f  3496/938/70 3497/934/70 3498/933/70
f  3499/938/70 3500/933/70 3501/939/70
f  3502/956/52 3503/952/52 3504/955/52
f  3505/956/52 3506/955/52 3507/959/52
f  3508/940/925 3509/960/925 3510/961/925
f  3511/940/926 3512/961/926 3513/941/926
f  3514/944/927 3515/962/927 3516/960/927
f  3517/944/928 3518/960/928 3519/940/928
f  3520/946/929 3521/963/929 3522/962/929
f  3523/946/930 3524/962/930 3525/944/930
f  3526/948/931 3527/964/931 3528/963/931
f  3529/948/932 3530/963/932 3531/946/932
f  3532/950/933 3533/965/933 3534/964/933
f  3535/950/934 3536/964/934 3537/948/934
f  3538/941/935 3539/961/935 3540/965/935
f  3541/941/936 3542/965/936 3543/950/936
f  3544/966/937 3545/967/937 3546/968/937
f  3547/966/937 3548/968/937 3549/969/937
f  3550/970/938 3551/968/938 3552/967/938
f  3553/970/938 3554/967/938 3555/971/938
f  3556/972/939 3557/973/939 3558/110/939
f  3559/972/939 3560/110/939 3561/107/939
f  3562/104/940 3563/110/940 3564/973/940
f  3565/104/940 3566/973/940 3567/974/940
f  3568/975/941 3569/976/941 3570/977/941
f  3571/975/941 3572/977/941 3573/978/941
f  3574/979/942 3575/980/942 3576/981/942
f  3577/979/942 3578/981/942 3579/982/942
f  3580/983/943 3581/984/943 3582/978/943
f  3583/983/943 3584/978/943 3585/977/943
f  3586/985/944 3587/986/944 3588/982/944
f  3589/985/944 3590/982/944 3591/981/944
f  3592/987/52 3593/988/52 3594/989/52
f  3595/987/52 3596/989/52 3597/990/52
f  3598/988/945 3599/991/945 3600/992/945
f  3601/988/945 3602/992/945 3603/989/945
f  3604/951/70 3605/993/70 3606/994/70
f  3607/951/70 3608/994/70 3609/942/70
f  3610/993/946 3611/995/946 3612/996/946
f  3613/993/946 3614/996/946 3615/994/946
f  3616/997/52 3617/998/52 3618/988/52
f  3619/997/52 3620/988/52 3621/987/52
f  3622/998/947 3623/999/947 3624/991/947
f  3625/998/947 3626/991/947 3627/988/947
f  3628/949/70 3629/1000/70 3630/993/70
f  3631/949/70 3632/993/70 3633/951/70
f  3634/1000/948 3635/1001/948 3636/995/948
f  3637/1000/948 3638/995/948 3639/993/948
f  3640/1002/52 3641/1003/52 3642/998/52
f  3643/1002/52 3644/998/52 3645/997/52
f  3646/1003/949 3647/1004/949 3648/999/949
f  3649/1003/949 3650/999/949 3651/998/949
f  3652/947/70 3653/1005/70 3654/1000/70
f  3655/947/70 3656/1000/70 3657/949/70
f  3658/1005/950 3659/1006/950 3660/1001/950
f  3661/1005/950 3662/1001/950 3663/1000/950
f  3664/1007/52 3665/1008/52 3666/1003/52
f  3667/1007/52 3668/1003/52 3669/1002/52
f  3670/1008/951 3671/1009/951 3672/1004/951
f  3673/1008/951 3674/1004/951 3675/1003/951
f  3676/945/70 3677/1010/70 3678/1005/70
f  3679/945/70 3680/1005/70 3681/947/70
f  3682/1010/952 3683/1011/952 3684/1006/952
f  3685/1010/952 3686/1006/952 3687/1005/952
f  3688/1012/52 3689/1013/52 3690/1008/52
f  3691/1012/52 3692/1008/52 3693/1007/52
f  3694/1013/953 3695/1014/953 3696/1009/953
f  3697/1013/953 3698/1009/953 3699/1008/953
f  3700/943/70 3701/1015/70 3702/1010/70
f  3703/943/70 3704/1010/70 3705/945/70
f  3706/1015/954 3707/1016/954 3708/1011/954
f  3709/1015/954 3710/1011/954 3711/1010/954
f  3712/990/52 3713/989/52 3714/1013/52
f  3715/990/52 3716/1013/52 3717/1012/52
f  3718/989/955 3719/992/955 3720/1014/955
f  3721/989/955 3722/1014/955 3723/1013/955
f  3724/942/70 3725/994/70 3726/1015/70
f  3727/942/70 3728/1015/70 3729/943/70
f  3730/994/956 3731/996/956 3732/1016/956
f  3733/994/956 3734/1016/956 3735/1015/956
f  3736/1017/957 3737/1018/957 3738/1019/957
f  3739/1017/957 3740/1019/957 3741/1020/957
f  3742/1021/958 3743/1022/958 3744/1018/958
f  3745/1021/958 3746/1018/958 3747/1017/958
f  3748/1023/959 3749/1024/959 3750/1025/959
f  3751/1023/959 3752/1025/959 3753/1026/959
f  3754/1020/960 3755/1019/960 3756/1027/960
f  3757/1020/960 3758/1027/960 3759/1028/960
f  3760/1029/52 3761/1025/52 3762/1024/52
f  3763/1029/52 3764/1024/52 3765/1030/52
f  3766/1021/70 3767/1017/70 3768/1020/70
f  3769/1021/70 3770/1020/70 3771/1028/70
f  3772/1031/961 3773/1032/961 3774/1033/961
f  3775/1031/961 3776/1033/961 3777/1034/961
f  3778/1035/962 3779/1036/962 3780/1032/962
f  3781/1035/962 3782/1032/962 3783/1031/962
f  3784/1037/963 3785/1038/963 3786/1039/963
f  3787/1037/963 3788/1039/963 3789/1040/963
f  3790/1034/964 3791/1033/964 3792/1041/964
f  3793/1034/964 3794/1041/964 3795/1042/964
f  3796/1043/52 3797/1039/52 3798/1038/52
f  3799/1043/52 3800/1038/52 3801/1044/52
f  3802/1035/70 3803/1031/70 3804/1034/70
f  3805/1035/70 3806/1034/70 3807/1042/70
f  3808/1031/965 3809/1032/965 3810/1033/965
f  3811/1031/965 3812/1033/965 3813/1034/965
f  3814/1035/966 3815/1036/966 3816/1032/966
f  3817/1035/966 3818/1032/966 3819/1031/966
f  3820/1045/967 3821/1046/967 3822/1047/967
f  3823/1045/967 3824/1047/967 3825/1048/967
f  3826/1034/968 3827/1033/968 3828/1041/968
f  3829/1034/968 3830/1041/968 3831/1042/968
f  3832/1049/52 3833/1047/52 3834/1046/52
f  3835/1049/52 3836/1046/52 3837/1050/52
f  3838/1035/70 3839/1031/70 3840/1034/70
f  3841/1035/70 3842/1034/70 3843/1042/70
f  3844/1051/969 3845/1052/969 3846/1053/969
f  3847/1051/969 3848/1053/969 3849/1054/969
f  3850/1055/970 3851/1056/970 3852/1052/970
f  3853/1055/970 3854/1052/970 3855/1051/970
f  3856/1057/971 3857/1058/971 3858/1059/971
f  3859/1057/971 3860/1059/971 3861/1060/971
f  3862/1054/972 3863/1053/972 3864/1061/972
f  3865/1054/972 3866/1061/972 3867/1062/972
f  3868/1063/52 3869/1059/52 3870/1058/52
f  3871/1063/52 3872/1058/52 3873/1064/52
f  3874/1055/70 3875/1051/70 3876/1054/70
f  3877/1055/70 3878/1054/70 3879/1062/70
f  3880/1065/973 3881/1066/973 3882/1067/973
f  3883/1065/973 3884/1067/973 3885/1068/973
f  3886/1069/974 3887/1067/974 3888/1066/974
f  3889/1069/974 3890/1066/974 3891/1070/974
f  3892/1071/975 3893/1072/975 3894/1073/975
f  3895/1071/975 3896/1073/975 3897/1074/975
f  3898/1075/976 3899/1073/976 3900/1072/976
f  3901/1075/976 3902/1072/976 3903/1076/976
f  3904/1077/977 3905/1078/977 3906/1079/977
f  3907/1077/977 3908/1079/977 3909/1080/977
f  3910/1081/978 3911/116/978 3912/117/978
f  3913/1081/978 3914/117/978 3915/1082/978
f  3916/1083/979 3917/1084/979 3918/1080/979
f  3919/1083/979 3920/1080/979 3921/1079/979
f  3922/1065/980 3923/1068/980 3924/1085/980
f  3925/1065/980 3926/1085/980 3927/1086/980
f  3928/1087/70 3929/1088/70 3930/1089/70
f  3931/1087/70 3932/1089/70 3933/1090/70
f  3934/1088/981 3935/1091/981 3936/1092/981
f  3937/1088/981 3938/1092/981 3939/1089/981
f  3940/1093/52 3941/1094/52 3942/1095/52
f  3943/1093/52 3944/1095/52 3945/1096/52
f  3946/1097/982 3947/1098/982 3948/1099/982
f  3949/1097/982 3950/1099/982 3951/1100/982
f  3952/1101/70 3953/1102/70 3954/1088/70
f  3955/1101/70 3956/1088/70 3957/1087/70
f  3958/1102/983 3959/1103/983 3960/1091/983
f  3961/1102/983 3962/1091/983 3963/1088/983
f  3964/1104/52 3965/1105/52 3966/1094/52
f  3967/1104/52 3968/1094/52 3969/1093/52
f  3970/1106/984 3971/1107/984 3972/1098/984
f  3973/1106/984 3974/1098/984 3975/1097/984
f  3976/1108/70 3977/1109/70 3978/1102/70
f  3979/1108/70 3980/1102/70 3981/1101/70
f  3982/1109/985 3983/1110/985 3984/1103/985
f  3985/1109/985 3986/1103/985 3987/1102/985
f  3988/1111/52 3989/1112/52 3990/1105/52
f  3991/1111/52 3992/1105/52 3993/1104/52
f  3994/1113/986 3995/1114/986 3996/1107/986
f  3997/1113/986 3998/1107/986 3999/1106/986
f  4000/1115/70 4001/1116/70 4002/1109/70
f  4003/1115/70 4004/1109/70 4005/1108/70
f  4006/1116/987 4007/1117/987 4008/1110/987
f  4009/1116/987 4010/1110/987 4011/1109/987
f  4012/1118/52 4013/1119/52 4014/1112/52
f  4015/1118/52 4016/1112/52 4017/1111/52
f  4018/1120/988 4019/1121/988 4020/1114/988
f  4021/1120/988 4022/1114/988 4023/1113/988
f  4024/1122/70 4025/1123/70 4026/1116/70
f  4027/1122/70 4028/1116/70 4029/1115/70
f  4030/1123/989 4031/1124/989 4032/1117/989
f  4033/1123/989 4034/1117/989 4035/1116/989
f  4036/1125/52 4037/1126/52 4038/1119/52
f  4039/1125/52 4040/1119/52 4041/1118/52
f  4042/1127/983 4043/1128/983 4044/1129/983
f  4045/1127/983 4046/1129/983 4047/1130/983
f  4048/1090/70 4049/1089/70 4050/1123/70
f  4051/1090/70 4052/1123/70 4053/1122/70
f  4054/1089/990 4055/1092/990 4056/1124/990
f  4057/1089/990 4058/1124/990 4059/1123/990
f  4060/1096/52 4061/1095/52 4062/1126/52
f  4063/1096/52 4064/1126/52 4065/1125/52
f  4066/1100/991 4067/1099/991 4068/1128/991
f  4069/1100/991 4070/1128/991 4071/1127/991
f  4072/1131/992 4073/1132/992 4074/1093/992
f  4075/1131/993 4076/1093/993 4077/1096/993
f  4078/1132/994 4079/1133/994 4080/1104/994
f  4081/1132/995 4082/1104/995 4083/1093/995
f  4084/1133/996 4085/1134/996 4086/1111/996
f  4087/1133/997 4088/1111/997 4089/1104/997
f  4090/1134/998 4091/1135/998 4092/1118/998
f  4093/1134/999 4094/1118/999 4095/1111/999
f  4096/1135/1000 4097/1136/1000 4098/1125/1000
f  4099/1135/1001 4100/1125/1001 4101/1118/1001
f  4102/1136/1002 4103/1131/1002 4104/1096/1002
f  4105/1136/1003 4106/1096/1003 4107/1125/1003
f  4108/1131/1004 4109/1137/1004 4110/1138/1004
f  4111/1131/1005 4112/1138/1005 4113/1132/1005
f  4114/1132/1006 4115/1138/1006 4116/1139/1006
f  4117/1132/1007 4118/1139/1007 4119/1133/1007
f  4120/1133/1008 4121/1139/1008 4122/1140/1008
f  4123/1133/1009 4124/1140/1009 4125/1134/1009
f  4126/1134/1010 4127/1140/1010 4128/1141/1010
f  4129/1134/1011 4130/1141/1011 4131/1135/1011
f  4132/1135/1012 4133/1141/1012 4134/1142/1012
f  4135/1135/1013 4136/1142/1013 4137/1136/1013
f  4138/1136/1014 4139/1142/1014 4140/1137/1014
f  4141/1136/1015 4142/1137/1015 4143/1131/1015
f  4144/1143/1016 4145/130/1016 4146/1144/1016
f  4147/1143/1016 4148/1144/1016 4149/1145/1016
f  4150/1146/1017 4151/1147/1017 4152/1148/1017
f  4153/1146/1017 4154/1148/1017 4155/1149/1017
f  4156/1150/1018 4157/1151/1018 4158/1152/1018
f  4159/1150/1018 4160/1152/1018 4161/1153/1018
f  4162/1153/1019 4163/1152/1019 4164/1147/1019
f  4165/1153/1019 4166/1147/1019 4167/1146/1019
f  4168/122/1020 4169/124/1020 4170/1154/1020
f  4171/122/1020 4172/1154/1020 4173/1155/1020
f  4174/131/1021 4175/130/1021 4176/134/1021
f  4177/131/1022 4178/134/1022 4179/133/1022
f  4180/122/1023 4181/121/1023 4182/125/1023
f  4183/122/1024 4184/125/1024 4185/124/1024
f  4186/123/1025 4187/135/1025 4188/1156/1025
f  4189/123/1025 4190/1156/1025 4191/1157/1025
f  4192/137/1026 4193/136/1026 4194/140/1026
f  4195/137/1027 4196/140/1027 4197/139/1027
f  4198/140/1028 4199/121/1028 4200/120/1028
f  4201/140/1029 4202/120/1029 4203/138/1029
f  4204/132/278 4205/126/278 4206/1158/278
f  4207/132/278 4208/1158/278 4209/1159/278
f  4210/125/1030 4211/136/1030 4212/135/1030
f  4213/125/1031 4214/135/1031 4215/123/1031
f  4216/126/1032 4217/128/1032 4218/1160/1032
f  4219/126/1032 4220/1160/1032 4221/1158/1032
f  4222/1161/1033 4223/1162/1033 4224/1163/1033
f  4225/1161/1033 4226/1163/1033 4227/1164/1033
f  4228/1165/1034 4229/1166/1034 4230/1162/1034
f  4231/1165/1035 4232/1162/1035 4233/1161/1035
f  4234/134/1036 4235/127/1036 4236/126/1036
f  4237/134/1037 4238/126/1037 4239/132/1037
f  4240/135/1038 4241/137/1038 4242/1167/1038
f  4243/135/1038 4244/1167/1038 4245/1156/1038
f  4246/1168/1039 4247/1169/1039 4248/1170/1039
f  4249/1168/1039 4250/1170/1039 4251/1171/1039
f  4252/133/278 4253/132/278 4254/1159/278
f  4255/133/278 4256/1159/278 4257/1172/278
f  4258/1173/1040 4259/1174/1040 4260/1170/1040
f  4261/1173/1041 4262/1170/1041 4263/1175/1041
f  4264/124/1042 4265/123/1042 4266/1157/1042
f  4267/124/1042 4268/1157/1042 4269/1154/1042
f  4270/1176/1043 4271/1177/1043 4272/1174/1043
f  4273/1176/1043 4274/1174/1043 4275/1173/1043
f  4276/1178/1044 4277/1167/1044 4278/137/1044
f  4279/1178/1044 4280/137/1044 4281/1179/1044
f  4282/1180/52 4283/128/52 4284/142/52
f  4285/1180/52 4286/142/52 4287/1181/52
f  4288/1182/70 4289/610/70 4290/1183/70
f  4291/1182/70 4292/1183/70 4293/1184/70
f  4294/1185/1045 4295/1186/1045 4296/1187/1045
f  4297/1185/1045 4298/1187/1045 4299/1188/1045
f  4300/1189/1046 4301/1190/1046 4302/1191/1046
f  4303/1189/1046 4304/1191/1046 4305/1192/1046
f  4306/1193/1047 4307/379/1047 4308/382/1047
f  4309/1193/1047 4310/382/1047 4311/1194/1047
f  4312/1186/1048 4313/1195/1048 4314/1196/1048
f  4315/1186/1048 4316/1196/1048 4317/1187/1048
f  4318/1197/1049 4319/1190/1049 4320/1189/1049
f  4321/1197/1050 4322/1189/1050 4323/1198/1050
f  4324/377/1051 4325/1192/1051 4326/1191/1051
f  4327/377/1052 4328/1191/1052 4329/200/1052
f  4330/1183/1045 4331/1199/1045 4332/1200/1045
f  4333/1183/1045 4334/1200/1045 4335/1184/1045
f  4336/1182/2 4337/1201/2 4338/611/2
f  4339/1182/2 4340/611/2 4341/610/2
f  4342/1184/1053 4343/1200/1053 4344/1201/1053
f  4345/1184/1053 4346/1201/1053 4347/1182/1053
f  4348/1199/1045 4349/1186/1045 4350/1185/1045
f  4351/1199/1045 4352/1185/1045 4353/1200/1045
f  4354/1202/1054 4355/1197/1054 4356/1198/1054
f  4357/1202/1054 4358/1198/1054 4359/1203/1054
f  4360/1201/2 4361/380/2 4362/379/2
f  4363/1201/2 4364/379/2 4365/611/2
f  4366/1204/1053 4367/1205/1053 4368/1206/1053
f  4369/1204/1053 4370/1206/1053 4371/1207/1053
f  4372/1208/1055 4373/1199/1055 4374/1183/1055
f  4375/1208/1055 4376/1183/1055 4377/1209/1055
f  4378/1209/70 4379/1183/70 4380/610/70
f  4381/1209/1056 4382/610/1056 4383/609/1056
f  4384/1210/258 4385/1211/258 4386/1212/258
f  4387/1210/258 4388/1212/258 4389/1213/258
f  4390/1214/52 4391/1215/52 4392/1211/52
f  4393/1214/52 4394/1211/52 4395/1210/52
f  4396/1216/1057 4397/1217/1057 4398/1218/1057
f  4399/1216/1057 4400/1218/1057 4401/1219/1057
f  4402/1213/70 4403/1212/70 4404/1220/70
f  4405/1213/70 4406/1220/70 4407/1221/70
f  4408/1222/14 4409/1218/14 4410/1217/14
f  4411/1222/14 4412/1217/14 4413/1223/14
f  4414/1214/1058 4415/1210/1058 4416/1213/1058
f  4417/1214/1058 4418/1213/1058 4419/1221/1058
f  4420/1224/1059 4421/1225/1059 4422/1226/1059
f  4423/1224/1059 4424/1226/1059 4425/1227/1059
f  4426/1228/1060 4427/1229/1060 4428/1230/1060
f  4429/1228/1060 4430/1230/1060 4431/1231/1060
f  4432/1232/70 4433/1233/70 4434/1224/70
f  4435/1232/70 4436/1224/70 4437/1227/70
f  4438/1233/1061 4439/1234/1061 4440/1225/1061
f  4441/1233/1061 4442/1225/1061 4443/1224/1061
f  4444/1235/52 4445/1236/52 4446/1237/52
f  4447/1235/52 4448/1237/52 4449/1238/52
f  4450/1236/1062 4451/1239/1062 4452/1240/1062
f  4453/1236/1062 4454/1240/1062 4455/1237/1062
f  4456/1241/1059 4457/1242/1059 4458/1243/1059
f  4459/1241/1059 4460/1243/1059 4461/1244/1059
f  4462/1245/1063 4463/1246/1063 4464/1247/1063
f  4465/1245/1064 4466/1247/1064 4467/1248/1064
f  4468/1245/1065 4469/1239/1065 4470/1249/1065
f  4471/1245/1065 4472/1249/1065 4473/1250/1065
f  4474/1251/1066 4475/1252/1066 4476/1242/1066
f  4477/1251/1067 4478/1242/1067 4479/1241/1067
f  4480/1253/1059 4481/1254/1059 4482/1255/1059
f  4483/1253/1059 4484/1255/1059 4485/1256/1059
f  4486/1257/1068 4487/1228/1068 4488/1258/1068
f  4489/1257/1064 4490/1258/1064 4491/1259/1064
f  4492/1257/1069 4493/1260/1069 4494/1261/1069
f  4495/1257/1069 4496/1261/1069 4497/1262/1069
f  4498/1263/1070 4499/1264/1070 4500/1254/1070
f  4501/1263/1067 4502/1254/1067 4503/1253/1067
f  4504/1252/1061 4505/1265/1061 4506/1266/1061
f  4507/1252/1061 4508/1266/1061 4509/1242/1061
f  4510/1242/1059 4511/1266/1059 4512/1267/1059
f  4513/1242/1059 4514/1267/1059 4515/1243/1059
f  4516/1268/1059 4517/1241/1059 4518/1244/1059
f  4519/1268/1059 4520/1244/1059 4521/1269/1059
f  4522/1254/1059 4523/1268/1059 4524/1269/1059
f  4525/1254/1059 4526/1269/1059 4527/1255/1059
f  4528/1270/1071 4529/1251/1071 4530/1241/1071
f  4531/1270/1061 4532/1241/1061 4533/1268/1061
f  4534/1264/1061 4535/1270/1061 4536/1268/1061
f  4537/1264/1061 4538/1268/1061 4539/1254/1061
f  4540/1239/1072 4541/1245/1072 4542/1248/1072
f  4543/1239/1062 4544/1248/1062 4545/1240/1062
f  4546/1260/1073 4547/1257/1073 4548/1259/1073
f  4549/1260/1062 4550/1259/1062 4551/1271/1062
f  4552/1246/1062 4553/1260/1062 4554/1271/1062
f  4555/1246/1062 4556/1271/1062 4557/1247/1062
f  4558/1239/1060 4559/1236/1060 4560/1235/1060
f  4561/1239/1060 4562/1235/1060 4563/1249/1060
f  4564/1246/1074 4565/1245/1074 4566/1250/1074
f  4567/1246/1074 4568/1250/1074 4569/1272/1074
f  4570/1260/1060 4571/1246/1060 4572/1272/1060
f  4573/1260/1060 4574/1272/1060 4575/1261/1060
f  4576/1225/1059 4577/1253/1059 4578/1256/1059
f  4579/1225/1059 4580/1256/1059 4581/1226/1059
f  4582/1234/1075 4583/1263/1075 4584/1253/1075
f  4585/1234/1061 4586/1253/1061 4587/1225/1061
f  4588/1228/1062 4589/1231/1062 4590/1273/1062
f  4591/1228/1062 4592/1273/1062 4593/1258/1062
f  4594/1228/1076 4595/1257/1076 4596/1262/1076
f  4597/1228/1076 4598/1262/1076 4599/1229/1076
f  4600/1274/1077 4601/1275/1077 4602/1276/1077
f  4603/1274/1077 4604/1276/1077 4605/1277/1077
f  4606/1278/278 4607/1279/278 4608/1280/278
f  4609/1278/278 4610/1280/278 4611/1281/278
f  4612/1281/70 4613/1280/70 4614/1282/70
f  4615/1281/70 4616/1282/70 4617/1283/70
f  4618/1284/1078 4619/1285/1078 4620/1275/1078
f  4621/1284/1078 4622/1275/1078 4623/1274/1078
f  4624/1279/52 4625/1278/52 4626/1286/52
f  4627/1279/52 4628/1286/52 4629/1287/52
f  4630/1288/1079 4631/1289/1079 4632/1277/1079
f  4633/1288/1079 4634/1277/1079 4635/1276/1079
f  4636/159/1080 4637/154/1080 4638/153/1080
f  4639/159/1081 4640/153/1081 4641/160/1081
f  4642/168/1082 4643/1290/1082 4644/1291/1082
f  4645/168/1083 4646/1291/1083 4647/169/1083
f  4648/165/1084 4649/167/1084 4650/1292/1084
f  4651/165/1085 4652/1292/1085 4653/1293/1085
f  4654/164/1086 4655/148/1086 4656/147/1086
f  4657/164/1087 4658/147/1087 4659/162/1087
f  4660/1294/1088 4661/1295/1088 4662/1296/1088
f  4663/1294/1088 4664/1296/1088 4665/1297/1088
f  4666/1298/70 4667/1299/70 4668/1300/70
f  4669/1298/70 4670/1300/70 4671/1301/70
f  4672/150/1089 4673/152/1089 4674/1302/1089
f  4675/150/1089 4676/1302/1089 4677/1303/1089
f  4678/156/52 4679/158/52 4680/1304/52
f  4681/156/52 4682/1304/52 4683/1305/52
f  4684/156/1089 4685/1306/1089 4686/1307/1089
f  4687/156/1089 4688/1307/1089 4689/157/1089
f  4690/1308/1088 4691/1309/1088 4692/1310/1088
f  4693/1308/1088 4694/1310/1088 4695/1311/1088
f  4696/1312/52 4697/1313/52 4698/1314/52
f  4699/1312/52 4700/1314/52 4701/1315/52
f  4702/150/70 4703/1316/70 4704/1317/70
f  4705/150/70 4706/1317/70 4707/151/70
f  4708/178/1090 4709/177/1090 4710/184/1090
f  4711/178/1091 4712/184/1091 4713/183/1091
f  4714/180/1092 4715/182/1092 4716/193/1092
f  4717/180/1093 4718/193/1093 4719/192/1093
f  4720/176/1094 4721/191/1094 4722/190/1094
f  4723/176/1095 4724/190/1095 4725/174/1095
f  4726/172/1096 4727/171/1096 4728/188/1096
f  4729/172/1097 4730/188/1097 4731/187/1097
f  4732/1318/1098 4733/1319/1098 4734/1320/1098
f  4735/1318/1099 4736/1320/1099 4737/1321/1099
f  4738/1322/1100 4739/1323/1100 4740/1324/1100
f  4741/1322/1101 4742/1324/1101 4743/1325/1101
f  4744/1326/1102 4745/1327/1102 4746/1328/1102
f  4747/1326/1103 4748/1328/1103 4749/1329/1103
f  4750/1330/1104 4751/1331/1104 4752/1332/1104
f  4753/1330/1105 4754/1332/1105 4755/1333/1105
f  4756/1334/1106 4757/1333/1106 4758/1332/1106
f  4759/1334/1107 4760/1332/1107 4761/1335/1107
f  4762/1336/1108 4763/1325/1108 4764/1324/1108
f  4765/1336/1109 4766/1324/1109 4767/1337/1109
f  4768/1338/1110 4769/1321/1110 4770/1320/1110
f  4771/1338/1111 4772/1320/1111 4773/1339/1111
f  4774/1340/1112 4775/1329/1112 4776/1328/1112
f  4777/1340/1112 4778/1328/1112 4779/1341/1112
f  4780/1342/14 4781/1343/14 4782/1344/14
f  4783/1342/14 4784/1344/14 4785/1345/14
f  4786/1346/70 4787/1347/70 4788/1348/70
f  4789/1346/70 4790/1348/70 4791/1349/70
f  4792/1350/1113 4793/1351/1113 4794/1346/1113
f  4795/1350/1113 4796/1346/1113 4797/1349/1113
f  4798/1350/52 4799/1352/52 4800/1353/52
f  4801/1350/52 4802/1353/52 4803/1351/52
f  4804/1351/1114 4805/1354/1114 4806/1355/1114
f  4807/1351/1114 4808/1355/1114 4809/1346/1114
f  4810/1349/1115 4811/1356/1115 4812/1357/1115
f  4813/1349/1115 4814/1357/1115 4815/1350/1115
f  4816/1358/52 4817/1359/52 4818/1360/52
f  4819/1358/52 4820/1360/52 4821/1361/52
f  4822/1362/1116 4823/1363/1116 4824/1364/1116
f  4825/1362/1116 4826/1364/1116 4827/1365/1116
f  4828/1358/70 4829/1359/70 4830/1360/70
f  4831/1358/70 4832/1360/70 4833/1361/70
f  4834/1366/1117 4835/1367/1117 4836/1368/1117
f  4837/1366/1117 4838/1368/1117 4839/1369/1117
f  4840/1370/751 4841/1371/751 4842/1368/751
f  4843/1370/751 4844/1368/751 4845/1367/751
f  4846/1362/1118 4847/1365/1118 4848/1366/1118
f  4849/1362/1118 4850/1366/1118 4851/1369/1118
f  4852/1372/52 4853/1373/52 4854/1374/52
f  4855/1372/52 4856/1374/52 4857/1375/52
f  4858/1376/1116 4859/1377/1116 4860/1378/1116
f  4861/1376/1116 4862/1378/1116 4863/1379/1116
f  4864/1380/70 4865/1381/70 4866/1382/70
f  4867/1380/70 4868/1382/70 4869/1383/70
f  4870/1384/1117 4871/1385/1117 4872/1386/1117
f  4873/1384/1117 4874/1386/1117 4875/1387/1117
f  4876/1388/751 4877/1389/751 4878/1386/751
f  4879/1388/751 4880/1386/751 4881/1385/751
f  4882/1376/1118 4883/1379/1118 4884/1384/1118
f  4885/1376/1118 4886/1384/1118 4887/1387/1118
f  4888/1390/1119 4889/1391/1119 4890/1392/1119
f  4891/1390/1119 4892/1392/1119 4893/1393/1119
f  4894/1394/1120 4895/1395/1120 4896/1391/1120
f  4897/1394/1120 4898/1391/1120 4899/1390/1120
f  4900/1396/1121 4901/1397/1121 4902/1398/1121
f  4903/1396/1121 4904/1398/1121 4905/1399/1121
f  4906/1393/1122 4907/1392/1122 4908/1400/1122
f  4909/1393/1122 4910/1400/1122 4911/1401/1122
f  4912/1402/1123 4913/1398/1123 4914/1397/1123
f  4915/1402/1123 4916/1397/1123 4917/1403/1123
f  4918/1394/1124 4919/1390/1124 4920/1393/1124
f  4921/1394/1124 4922/1393/1124 4923/1401/1124
f  4924/1404/1119 4925/1405/1119 4926/1406/1119
f  4927/1404/1119 4928/1406/1119 4929/1407/1119
f  4930/1408/52 4931/1409/52 4932/1405/52
f  4933/1408/52 4934/1405/52 4935/1404/52
f  4936/1410/1121 4937/1411/1121 4938/1412/1121
f  4939/1410/1121 4940/1412/1121 4941/1413/1121
f  4942/1407/70 4943/1406/70 4944/1414/70
f  4945/1407/70 4946/1414/70 4947/1415/70
f  4948/1416/589 4949/1412/589 4950/1411/589
f  4951/1416/589 4952/1411/589 4953/1417/589
f  4954/1408/1125 4955/1404/1125 4956/1407/1125
f  4957/1408/1125 4958/1407/1125 4959/1415/1125
f  4960/1418/1119 4961/1419/1119 4962/1420/1119
f  4963/1418/1119 4964/1420/1119 4965/1421/1119
f  4966/1422/52 4967/1423/52 4968/1419/52
f  4969/1422/52 4970/1419/52 4971/1418/52
f  4972/1410/1121 4973/1411/1121 4974/1412/1121
f  4975/1410/1121 4976/1412/1121 4977/1413/1121
f  4978/1421/70 4979/1420/70 4980/1424/70
f  4981/1421/70 4982/1424/70 4983/1425/70
f  4984/1416/589 4985/1412/589 4986/1411/589
f  4987/1416/589 4988/1411/589 4989/1417/589
f  4990/1422/1125 4991/1418/1125 4992/1421/1125
f  4993/1422/1125 4994/1421/1125 4995/1425/1125
f  4996/1426/70 4997/1427/70 4998/1428/70
f  4999/1426/70 5000/1428/70 5001/1429/70
f  5002/1430/52 5003/1431/52 5004/1432/52
f  5005/1430/52 5006/1432/52 5007/1433/52
f  5008/1434/70 5009/1435/70 5010/1436/70
f  5011/1434/70 5012/1436/70 5013/1437/70
f  5014/1438/52 5015/1439/52 5016/1440/52
f  5017/1438/52 5018/1440/52 5019/1441/52
f  5020/1442/1125 5021/1443/1125 5022/1444/1125
f  5023/1442/1125 5024/1444/1125 5025/1445/1125
f  5026/1446/1119 5027/1438/1119 5028/1447/1119
f  5029/1446/1119 5030/1447/1119 5031/1448/1119
f  5032/1431/589 5033/1430/589 5034/1449/589
f  5035/1431/589 5036/1449/589 5037/1450/589
f  5038/1451/1121 5039/1442/1121 5040/1445/1121
f  5041/1451/1121 5042/1445/1121 5043/1434/1121
f  5044/1439/52 5045/1438/52 5046/1446/52
f  5047/1439/52 5048/1446/52 5049/1452/52
f  5050/1445/70 5051/1444/70 5052/1435/70
f  5053/1445/70 5054/1435/70 5055/1434/70
f  5056/1453/1121 5057/1451/1121 5058/1434/1121
f  5059/1453/1121 5060/1434/1121 5061/1437/1121
f  5062/1454/1119 5063/1447/1119 5064/1438/1119
f  5065/1454/1119 5066/1438/1119 5067/1441/1119
f  5068/1455/1126 5069/1456/1126 5070/1453/1126
f  5071/1455/1126 5072/1453/1126 5073/1437/1126
f  5074/1457/1127 5075/1458/1127 5076/1454/1127
f  5077/1457/1127 5078/1454/1127 5079/1441/1127
f  5080/1459/1128 5081/1460/1128 5082/1433/1128
f  5083/1459/1128 5084/1433/1128 5085/1461/1128
f  5086/1460/1129 5087/1449/1129 5088/1430/1129
f  5089/1460/1129 5090/1430/1129 5091/1433/1129
f  5092/1457/1130 5093/1432/1130 5094/1462/1130
f  5095/1457/1130 5096/1462/1130 5097/1458/1130
f  5098/1432/1131 5099/1431/1131 5100/1450/1131
f  5101/1432/1131 5102/1450/1131 5103/1462/1131
f  5104/1463/70 5105/1455/70 5106/1437/70
f  5107/1463/70 5108/1437/70 5109/1436/70
f  5110/1461/52 5111/1457/52 5112/1441/52
f  5113/1461/52 5114/1441/52 5115/1440/52
f  5116/1429/70 5117/1428/70 5118/1455/70
f  5119/1429/70 5120/1455/70 5121/1463/70
f  5122/1433/52 5123/1432/52 5124/1457/52
f  5125/1433/52 5126/1457/52 5127/1461/52
f  5128/1464/1119 5129/1465/1119 5130/1466/1119
f  5131/1464/1119 5132/1466/1119 5133/1467/1119
f  5134/1468/70 5135/1469/70 5136/1470/70
f  5137/1468/70 5138/1470/70 5139/1471/70
f  5140/1472/1121 5141/1473/1121 5142/1474/1121
f  5143/1472/1121 5144/1474/1121 5145/1475/1121
f  5146/1476/52 5147/1477/52 5148/1478/52
f  5149/1476/52 5150/1478/52 5151/1479/52
f  5152/1476/589 5153/1480/589 5154/1481/589
f  5155/1476/589 5156/1481/589 5157/1477/589
f  5158/1478/1125 5159/1471/1125 5160/1470/1125
f  5161/1478/1125 5162/1470/1125 5163/1479/1125
f  5164/1482/1119 5165/1483/1119 5166/1484/1119
f  5167/1482/1119 5168/1484/1119 5169/1485/1119
f  5170/1486/70 5171/1487/70 5172/1488/70
f  5173/1486/70 5174/1488/70 5175/1489/70
f  5176/1490/1121 5177/1491/1121 5178/1492/1121
f  5179/1490/1121 5180/1492/1121 5181/1493/1121
f  5182/1494/52 5183/1495/52 5184/1496/52
f  5185/1494/52 5186/1496/52 5187/1497/52
f  5188/1498/589 5189/1499/589 5190/1500/589
f  5191/1498/589 5192/1500/589 5193/1501/589
f  5194/1502/1125 5195/1489/1125 5196/1488/1125
f  5197/1502/1125 5198/1488/1125 5199/1503/1125
f  5200/1504/1119 5201/1505/1119 5202/1506/1119
f  5203/1504/1119 5204/1506/1119 5205/1507/1119
f  5206/1508/52 5207/1509/52 5208/1505/52
f  5209/1508/52 5210/1505/52 5211/1504/52
f  5212/1510/1121 5213/1511/1121 5214/1509/1121
f  5215/1510/1121 5216/1509/1121 5217/1508/1121
f  5218/1512/70 5219/1513/70 5220/1514/70
f  5221/1512/70 5222/1514/70 5223/1515/70
f  5224/1516/589 5225/1517/589 5226/1514/589
f  5227/1516/589 5228/1514/589 5229/1513/589
f  5230/1508/1125 5231/1504/1125 5232/1507/1125
f  5233/1508/1125 5234/1507/1125 5235/1510/1125
f  5236/1518/1119 5237/1519/1119 5238/1520/1119
f  5239/1518/1119 5240/1520/1119 5241/1521/1119
f  5242/1522/52 5243/1523/52 5244/1524/52
f  5245/1522/52 5246/1524/52 5247/1525/52
f  5248/1526/1121 5249/1527/1121 5250/1528/1121
f  5251/1526/1121 5252/1528/1121 5253/1529/1121
f  5254/1530/70 5255/1531/70 5256/1532/70
f  5257/1530/70 5258/1532/70 5259/1533/70
f  5260/1534/589 5261/1535/589 5262/1536/589
f  5263/1534/589 5264/1536/589 5265/1537/589
f  5266/1522/1125 5267/1525/1125 5268/1538/1125
f  5269/1522/1125 5270/1538/1125 5271/1539/1125
f  5272/1540/52 5273/1502/52 5274/1503/52
f  5275/1540/52 5276/1503/52 5277/1541/52
f  5278/1542/52 5279/1501/52 5280/1502/52
f  5281/1542/52 5282/1502/52 5283/1540/52
f  5284/1543/52 5285/1498/52 5286/1501/52
f  5287/1543/52 5288/1501/52 5289/1542/52
f  5290/1541/52 5291/1503/52 5292/1498/52
f  5293/1541/52 5294/1498/52 5295/1543/52
f  5296/1544/70 5297/1536/70 5298/1539/70
f  5299/1544/70 5300/1539/70 5301/1545/70
f  5302/1546/70 5303/1537/70 5304/1536/70
f  5305/1546/70 5306/1536/70 5307/1544/70
f  5308/1547/70 5309/1538/70 5310/1537/70
f  5311/1547/70 5312/1537/70 5313/1546/70
f  5314/1545/70 5315/1539/70 5316/1538/70
f  5317/1545/70 5318/1538/70 5319/1547/70
f  5320/1548/589 5321/1549/589 5322/1550/589
f  5323/1548/589 5324/1550/589 5325/1551/589
f  5326/1495/1121 5327/1542/1121 5328/1540/1121
f  5329/1495/1121 5330/1540/1121 5331/1496/1121
f  5332/1494/1125 5333/1543/1125 5334/1542/1125
f  5335/1494/1125 5336/1542/1125 5337/1495/1125
f  5338/1497/1119 5339/1541/1119 5340/1543/1119
f  5341/1497/1119 5342/1543/1119 5343/1494/1119
f  5344/1532/1119 5345/1544/1119 5346/1545/1119
f  5347/1532/1119 5348/1545/1119 5349/1533/1119
f  5350/1531/1125 5351/1546/1125 5352/1544/1125
f  5353/1531/1125 5354/1544/1125 5355/1532/1125
f  5356/1530/1121 5357/1547/1121 5358/1546/1121
f  5359/1530/1121 5360/1546/1121 5361/1531/1121
f  5362/1533/589 5363/1545/589 5364/1547/589
f  5365/1533/589 5366/1547/589 5367/1530/589
f  5368/1552/70 5369/1553/70 5370/1554/70
f  5371/1552/70 5372/1554/70 5373/1555/70
f  5374/1556/52 5375/1557/52 5376/1558/52
f  5377/1556/52 5378/1558/52 5379/1559/52
f  5380/1560/70 5381/1561/70 5382/1562/70
f  5383/1560/70 5384/1562/70 5385/1563/70
f  5386/1564/52 5387/1565/52 5388/1566/52
f  5389/1564/52 5390/1566/52 5391/1567/52
f  5392/1568/1125 5393/1569/1125 5394/1570/1125
f  5395/1568/1125 5396/1570/1125 5397/1571/1125
f  5398/1569/1119 5399/1564/1119 5400/1572/1119
f  5401/1569/1119 5402/1572/1119 5403/1570/1119
f  5404/1573/589 5405/1574/589 5406/1553/589
f  5407/1573/589 5408/1553/589 5409/1552/589
f  5410/1575/1121 5411/1576/1121 5412/1577/1121
f  5413/1575/1121 5414/1577/1121 5415/1560/1121
f  5416/1565/52 5417/1564/52 5418/1569/52
f  5419/1565/52 5420/1569/52 5421/1568/52
f  5422/1577/70 5423/1578/70 5424/1561/70
f  5425/1577/70 5426/1561/70 5427/1560/70
f  5428/1579/1121 5429/1575/1121 5430/1560/1121
f  5431/1579/1121 5432/1560/1121 5433/1563/1121
f  5434/1580/1119 5435/1572/1119 5436/1564/1119
f  5437/1580/1119 5438/1564/1119 5439/1567/1119
f  5440/1581/1126 5441/1582/1126 5442/1579/1126
f  5443/1581/1126 5444/1579/1126 5445/1563/1126
f  5446/1583/1127 5447/1584/1127 5448/1580/1127
f  5449/1583/1127 5450/1580/1127 5451/1567/1127
f  5452/1581/1128 5453/1554/1128 5454/1585/1128
f  5455/1581/1128 5456/1585/1128 5457/1582/1128
f  5458/1554/1129 5459/1553/1129 5460/1574/1129
f  5461/1554/1129 5462/1574/1129 5463/1585/1129
f  5464/1583/1130 5465/1558/1130 5466/1586/1130
f  5467/1583/1130 5468/1586/1130 5469/1584/1130
f  5470/1587/1131 5471/1573/1131 5472/1552/1131
f  5473/1587/1131 5474/1552/1131 5475/1555/1131
f  5476/1588/70 5477/1581/70 5478/1563/70
f  5479/1588/70 5480/1563/70 5481/1562/70
f  5482/1589/52 5483/1583/52 5484/1567/52
f  5485/1589/52 5486/1567/52 5487/1566/52
f  5488/1555/70 5489/1554/70 5490/1581/70
f  5491/1555/70 5492/1581/70 5493/1588/70
f  5494/1559/52 5495/1558/52 5496/1583/52
f  5497/1559/52 5498/1583/52 5499/1589/52
f  5500/1590/738 5501/1591/738 5502/1592/738
f  5503/1590/738 5504/1592/738 5505/1593/738
f  5506/1594/1132 5507/1595/1132 5508/1596/1132
f  5509/1594/1133 5510/1596/1133 5511/1597/1133
f  5512/1598/1134 5513/1599/1134 5514/1591/1134
f  5515/1598/1134 5516/1591/1134 5517/1590/1134
f  5518/1600/1135 5519/1601/1135 5520/1602/1135
f  5521/1600/1136 5522/1602/1136 5523/1603/1136
f  5524/1604/1137 5525/1605/1137 5526/1606/1137
f  5527/1604/1137 5528/1606/1137 5529/1607/1137
f  5530/1608/1138 5531/1609/1138 5532/1595/1138
f  5533/1608/1138 5534/1595/1138 5535/1594/1138
f  5536/1608/741 5537/1610/741 5538/1605/741
f  5539/1608/741 5540/1605/741 5541/1604/741
f  5542/1603/1139 5543/1602/1139 5544/1611/1139
f  5545/1603/1139 5546/1611/1139 5547/1610/1139
f  5548/1594/589 5549/1603/589 5550/1610/589
f  5551/1594/589 5552/1610/589 5553/1608/589
f  5554/1612/1140 5555/1613/1140 5556/1614/1140
f  5557/1612/1141 5558/1614/1141 5559/1593/1141
f  5560/1597/742 5561/1600/742 5562/1603/742
f  5563/1597/742 5564/1603/742 5565/1594/742
f  5566/1615/1142 5567/1616/1142 5568/1613/1142
f  5569/1615/1143 5570/1613/1143 5571/1612/1143
f  5572/1615/1144 5573/1617/1144 5574/1600/1144
f  5575/1615/1144 5576/1600/1144 5577/1597/1144
f  5578/1618/1145 5579/1619/1145 5580/1620/1145
f  5581/1618/1146 5582/1620/1146 5583/1617/1146
f  5584/1612/1147 5585/1618/1147 5586/1617/1147
f  5587/1612/1147 5588/1617/1147 5589/1615/1147
f  5590/1597/1148 5591/1596/1148 5592/1616/1148
f  5593/1597/1149 5594/1616/1149 5595/1615/1149
f  5596/1593/1150 5597/1592/1150 5598/1618/1150
f  5599/1593/1150 5600/1618/1150 5601/1612/1150
f  5602/1617/1151 5603/1620/1151 5604/1601/1151
f  5605/1617/1152 5606/1601/1152 5607/1600/1152
f  5608/1599/1153 5609/1621/1153 5610/1622/1153
f  5611/1599/1154 5612/1622/1154 5613/1591/1154
f  5614/1590/1155 5615/1623/1155 5616/1624/1155
f  5617/1590/1156 5618/1624/1156 5619/1598/1156
f  5620/1591/1157 5621/1622/1157 5622/1625/1157
f  5623/1591/1158 5624/1625/1158 5625/1592/1158
f  5626/1605/1159 5627/1626/1159 5628/1627/1159
f  5629/1605/1160 5630/1627/1160 5631/1606/1160
f  5632/1607/1161 5633/1628/1161 5634/1629/1161
f  5635/1607/1162 5636/1629/1162 5637/1604/1162
f  5638/1604/1163 5639/1629/1163 5640/1609/1163
f  5641/1604/1164 5642/1609/1164 5643/1608/1164
f  5644/1593/1165 5645/1614/1165 5646/1623/1165
f  5647/1593/1166 5648/1623/1166 5649/1590/1166
f  5650/1610/1167 5651/1611/1167 5652/1626/1167
f  5653/1610/1168 5654/1626/1168 5655/1605/1168
f  5656/1592/1169 5657/1625/1169 5658/1619/1169
f  5659/1592/1170 5660/1619/1170 5661/1618/1170
f  5662/1630/52 5663/1631/52 5664/1632/52
f  5665/1630/52 5666/1632/52 5667/1633/52
f  5668/1634/52 5669/1635/52 5670/1631/52
f  5671/1634/52 5672/1631/52 5673/1630/52
f  5674/1636/52 5675/1637/52 5676/1635/52
f  5677/1636/52 5678/1635/52 5679/1634/52
f  5680/1638/52 5681/1639/52 5682/1637/52
f  5683/1638/52 5684/1637/52 5685/1636/52
f  5686/1640/52 5687/1641/52 5688/1639/52
f  5689/1640/52 5690/1639/52 5691/1638/52
f  5692/1642/52 5693/1643/52 5694/1641/52
f  5695/1642/52 5696/1641/52 5697/1640/52
f  5698/1644/52 5699/1645/52 5700/1643/52
f  5701/1644/52 5702/1643/52 5703/1642/52
f  5704/1646/52 5705/1647/52 5706/1645/52
f  5707/1646/52 5708/1645/52 5709/1644/52
f  5710/1633/52 5711/1632/52 5712/1647/52
f  5713/1633/52 5714/1647/52 5715/1646/52
f  5716/1648/1171 5717/1649/1171 5718/1650/1171
f  5719/1648/1172 5720/1650/1172 5721/1651/1172
f  5722/1652/1173 5723/1653/1173 5724/1630/1173
f  5725/1652/1174 5726/1630/1174 5727/1633/1174
f  5728/1649/1175 5729/1654/1175 5730/1655/1175
f  5731/1649/1176 5732/1655/1176 5733/1650/1176
f  5734/1653/1177 5735/1656/1177 5736/1634/1177
f  5737/1653/1178 5738/1634/1178 5739/1630/1178
f  5740/1654/1179 5741/1657/1179 5742/1658/1179
f  5743/1654/1180 5744/1658/1180 5745/1655/1180
f  5746/1656/1181 5747/1659/1181 5748/1636/1181
f  5749/1656/1182 5750/1636/1182 5751/1634/1182
f  5752/1657/1183 5753/1660/1183 5754/1661/1183
f  5755/1657/1184 5756/1661/1184 5757/1658/1184
f  5758/1659/1185 5759/1662/1185 5760/1638/1185
f  5761/1659/1186 5762/1638/1186 5763/1636/1186
f  5764/1660/1187 5765/1663/1187 5766/1664/1187
f  5767/1660/1187 5768/1664/1187 5769/1661/1187
f  5770/1662/1188 5771/1665/1188 5772/1640/1188
f  5773/1662/1188 5774/1640/1188 5775/1638/1188
f  5776/1663/1189 5777/1666/1189 5778/1667/1189
f  5779/1663/1190 5780/1667/1190 5781/1664/1190
f  5782/1665/1191 5783/1668/1191 5784/1642/1191
f  5785/1665/1192 5786/1642/1192 5787/1640/1192
f  5788/1666/1193 5789/1669/1193 5790/1670/1193
f  5791/1666/1194 5792/1670/1194 5793/1667/1194
f  5794/1668/1195 5795/1671/1195 5796/1644/1195
f  5797/1668/1196 5798/1644/1196 5799/1642/1196
f  5800/1669/1197 5801/1672/1197 5802/1673/1197
f  5803/1669/1198 5804/1673/1198 5805/1670/1198
f  5806/1671/1199 5807/1674/1199 5808/1646/1199
f  5809/1671/1200 5810/1646/1200 5811/1644/1200
f  5812/1672/1201 5813/1648/1201 5814/1651/1201
f  5815/1672/1202 5816/1651/1202 5817/1673/1202
f  5818/1674/1203 5819/1652/1203 5820/1633/1203
f  5821/1674/1204 5822/1633/1204 5823/1646/1204
f  5824/1648/1205 5825/1675/1205 5826/1676/1205
f  5827/1648/1206 5828/1676/1206 5829/1649/1206
f  5830/1652/1207 5831/1677/1207 5832/1678/1207
f  5833/1652/1208 5834/1678/1208 5835/1653/1208
f  5836/1649/1209 5837/1676/1209 5838/1679/1209
f  5839/1649/1210 5840/1679/1210 5841/1654/1210
f  5842/1653/1211 5843/1678/1211 5844/1680/1211
f  5845/1653/1212 5846/1680/1212 5847/1656/1212
f  5848/1654/1213 5849/1679/1213 5850/1681/1213
f  5851/1654/1214 5852/1681/1214 5853/1657/1214
f  5854/1656/1215 5855/1680/1215 5856/1682/1215
f  5857/1656/1216 5858/1682/1216 5859/1659/1216
f  5860/1657/1217 5861/1681/1217 5862/1683/1217
f  5863/1657/1218 5864/1683/1218 5865/1660/1218
f  5866/1659/1219 5867/1682/1219 5868/1684/1219
f  5869/1659/1220 5870/1684/1220 5871/1662/1220
f  5872/1660/1221 5873/1683/1221 5874/1685/1221
f  5875/1660/1221 5876/1685/1221 5877/1663/1221
f  5878/1662/1222 5879/1684/1222 5880/1686/1222
f  5881/1662/1222 5882/1686/1222 5883/1665/1222
f  5884/1663/1223 5885/1685/1223 5886/1687/1223
f  5887/1663/1224 5888/1687/1224 5889/1666/1224
f  5890/1665/1225 5891/1686/1225 5892/1688/1225
f  5893/1665/1226 5894/1688/1226 5895/1668/1226
f  5896/1666/1227 5897/1687/1227 5898/1689/1227
f  5899/1666/1228 5900/1689/1228 5901/1669/1228
f  5902/1668/1229 5903/1688/1229 5904/1690/1229
f  5905/1668/1230 5906/1690/1230 5907/1671/1230
f  5908/1669/1231 5909/1689/1231 5910/1691/1231
f  5911/1669/1232 5912/1691/1232 5913/1672/1232
f  5914/1671/1233 5915/1690/1233 5916/1692/1233
f  5917/1671/1234 5918/1692/1234 5919/1674/1234
f  5920/1672/1235 5921/1691/1235 5922/1675/1235
f  5923/1672/1236 5924/1675/1236 5925/1648/1236
f  5926/1674/1237 5927/1692/1237 5928/1677/1237
f  5929/1674/1238 5930/1677/1238 5931/1652/1238
f  5932/1693/1239 5933/1676/1239 5934/1675/1239
f  5935/1693/1240 5936/1675/1240 5937/1694/1240
f  5938/1695/1241 5939/1679/1241 5940/1676/1241
f  5941/1695/1242 5942/1676/1242 5943/1693/1242
f  5944/1696/1243 5945/1681/1243 5946/1679/1243
f  5947/1696/1244 5948/1679/1244 5949/1695/1244
f  5950/1697/1245 5951/1683/1245 5952/1681/1245
f  5953/1697/1246 5954/1681/1246 5955/1696/1246
f  5956/1698/1247 5957/1685/1247 5958/1683/1247
f  5959/1698/1247 5960/1683/1247 5961/1697/1247
f  5962/1699/1248 5963/1687/1248 5964/1685/1248
f  5965/1699/1249 5966/1685/1249 5967/1698/1249
f  5968/1700/1250 5969/1689/1250 5970/1687/1250
f  5971/1700/1251 5972/1687/1251 5973/1699/1251
f  5974/1701/1252 5975/1691/1252 5976/1689/1252
f  5977/1701/1253 5978/1689/1253 5979/1700/1253
f  5980/1694/1254 5981/1675/1254 5982/1691/1254
f  5983/1694/1255 5984/1691/1255 5985/1701/1255
f  5986/204/1256 5987/1693/1256 5988/1694/1256
f  5989/204/1257 5990/1694/1257 5991/205/1257
f  5992/207/1258 5993/1695/1258 5994/1693/1258
f  5995/207/1259 5996/1693/1259 5997/204/1259
f  5998/208/1260 5999/1696/1260 6000/1695/1260
f  6001/208/1261 6002/1695/1261 6003/207/1261
f  6004/209/1262 6005/1697/1262 6006/1696/1262
f  6007/209/1263 6008/1696/1263 6009/208/1263
f  6010/210/1264 6011/1698/1264 6012/1697/1264
f  6013/210/1264 6014/1697/1264 6015/209/1264
f  6016/211/1265 6017/1699/1265 6018/1698/1265
f  6019/211/1266 6020/1698/1266 6021/210/1266
f  6022/212/1267 6023/1700/1267 6024/1699/1267
f  6025/212/1268 6026/1699/1268 6027/211/1268
f  6028/213/1269 6029/1701/1269 6030/1700/1269
f  6031/213/1270 6032/1700/1270 6033/212/1270
f  6034/205/1271 6035/1694/1271 6036/1701/1271
f  6037/205/1272 6038/1701/1272 6039/213/1272
f  6040/1702/1273 6041/1703/1273 6042/1704/1273
f  6043/1702/1273 6044/1704/1273 6045/1705/1273
f  6046/1169/1274 6047/1706/1274 6048/1175/1274
f  6049/1169/1274 6050/1175/1274 6051/1170/1274
f  6052/1165/1275 6053/1704/1275 6054/1703/1275
f  6055/1165/1276 6056/1703/1276 6057/1166/1276
f  6058/1707/268 6059/1708/268 6060/1709/268
f  6061/1707/268 6062/1709/268 6063/1710/268
f  6064/1174/1277 6065/1711/1277 6066/1171/1277
f  6067/1174/1278 6068/1171/1278 6069/1170/1278
f  6070/1712/1279 6071/1713/1279 6072/1714/1279
f  6073/1712/1280 6074/1714/1280 6075/1715/1280
f  6076/1716/1281 6077/1717/1281 6078/1718/1281
f  6079/1716/1281 6080/1718/1281 6081/1719/1281
f  6082/1720/1282 6083/1721/1282 6084/1722/1282
f  6085/1720/1283 6086/1722/1283 6087/1723/1283
f  6088/1724/1284 6089/1725/1284 6090/1726/1284
f  6091/1724/1284 6092/1726/1284 6093/1727/1284
f  6094/1713/1285 6095/1711/1285 6096/1174/1285
f  6097/1713/1286 6098/1174/1286 6099/1714/1286
f  6100/1714/1287 6101/1174/1287 6102/1177/1287
f  6103/1714/1287 6104/1177/1287 6105/1728/1287
f  6106/1721/1288 6107/1165/1288 6108/1161/1288
f  6109/1721/1289 6110/1161/1289 6111/1722/1289
f  6112/1722/1290 6113/1161/1290 6114/1164/1290
f  6115/1722/1290 6116/1164/1290 6117/1729/1290
f  6118/1730/52 6119/1721/52 6120/1720/52
f  6121/1730/52 6122/1720/52 6123/1731/52
f  6124/1732/1291 6125/1714/1291 6126/1728/1291
f  6127/1732/1291 6128/1728/1291 6129/1733/1291
f  6130/1734/70 6131/1715/70 6132/1714/70
f  6133/1734/70 6134/1714/70 6135/1732/70
f  6136/1727/1292 6137/1707/1292 6138/1710/1292
f  6139/1727/1292 6140/1710/1292 6141/1724/1292
f  6142/1735/70 6143/1713/70 6144/1712/70
f  6145/1735/70 6146/1712/70 6147/1736/70
f  6148/1737/1293 6149/1722/1293 6150/1729/1293
f  6151/1737/1293 6152/1729/1293 6153/1738/1293
f  6154/1739/52 6155/1723/52 6156/1722/52
f  6157/1739/52 6158/1722/52 6159/1737/52
f  6160/1719/1294 6161/1709/1294 6162/1708/1294
f  6163/1719/1294 6164/1708/1294 6165/1716/1294
f  6166/974/52 6167/970/52 6168/1740/52
f  6169/970/52 6170/974/52 6171/973/52
f  6172/970/52 6173/973/52 6174/968/52
f  6175/968/52 6176/973/52 6177/972/52
f  6178/968/52 6179/972/52 6180/969/52
f  6181/969/52 6182/972/52 6183/1741/52
f  6184/1079/70 6185/1742/70 6186/1083/70
f  6187/1742/70 6188/1079/70 6189/1078/70
f  6190/1742/70 6191/1078/70 6192/1743/70
f  6193/1743/70 6194/1078/70 6195/1744/70
f  6196/1743/70 6197/1744/70 6198/1082/70
f  6199/1082/70 6200/1744/70 6201/1081/70
f  6202/141/1295 6203/130/1295 6204/129/1295
f  6205/130/1296 6206/141/1296 6207/1144/1296
f  6208/1144/52 6209/141/52 6210/143/52
f  6211/142/1297 6212/1144/1297 6213/143/1297
f  6214/1144/1298 6215/142/1298 6216/127/1298
f  6217/127/1299 6218/142/1299 6219/128/1299
f  6220/146/1300 6221/1181/1300 6222/1745/1300
f  6223/1181/1301 6224/146/1301 6225/1180/1301
f  6226/1180/1302 6227/146/1302 6228/145/1302
f  6229/139/70 6230/1179/70 6231/137/70
f  6232/1179/70 6233/139/70 6234/1746/70
f  6235/1746/70 6236/139/70 6237/1747/70
f  6238/144/1303 6239/1180/1303 6240/145/1303
f  6241/1180/1304 6242/144/1304 6243/128/1304
f  6244/128/1305 6245/144/1305 6246/1160/1305
f  6247/197/1306 6248/919/1306 6249/918/1306
f  6250/919/1307 6251/197/1307 6252/1748/1307
f  6253/1748/1308 6254/197/1308 6255/196/1308
f  6256/922/52 6257/197/52 6258/918/52
f  6259/197/52 6260/922/52 6261/1749/52
f  6262/197/52 6263/1749/52 6264/195/52
f  6265/196/894 6266/1750/894 6267/1748/894
f  6268/1750/894 6269/196/894 6270/1749/894
f  6271/1749/1309 6272/196/1309 6273/195/1309
f  6274/199/1310 6275/1205/1310 6276/378/1310
f  6277/1205/1311 6278/199/1311 6279/1206/1311
f  6280/1206/1312 6281/199/1312 6282/198/1312
f  6283/607/52 6284/1202/52 6285/1203/52
f  6286/1202/52 6287/607/52 6288/201/52
f  6289/201/52 6290/607/52 6291/202/52

